src_user_id,dst_user_id,timestamp
4550,4550,1220729190
242,184,1220733503
4213,4946,1220768149
91,91,1220768295
2658,1874,1220771891
4035,1874,1220773037
2257,4489,1220802041
577,577,1220834891
4489,4489,1220853536
828,2783,1220854143
1412,5113,1220857132
3446,5113,1220862643
3446,5113,1220862734
1790,5119,1220867837
1412,5113,1220871353
4489,1360,1220876561
2653,4906,1220879177
4491,4491,1220882092
1772,4903,1220886524
952,3196,1220886793
372,1127460,1220891110
184,123,1220892200
1127460,1127460,1220892464
1127460,1127460,1220892567
4021,4021,1220893201
1008,1008,1220895670
1709,5222,1220913965
3208,3208,1220918224
3208,3208,1220920031
1965,5208,1220926251
2915,4220,1220930692
1219,5278,1220931879
4984,5278,1220932532
327,2191,1220933233
832,5278,1220934079
91,91,1220938023
245,1117,1220940793
3408,2566,1220942025
131,131,1220955702
2975,131,1220955783
1886,1886,1220957266
1412,3742,1220962624
372,834,1220970575
91,91,1220974043
960,2759376,1220980222
86,4406,1220980636
4406,4406,1220981373
1553,342,1220982748
834,834,1220982941
4200,5023,1220986480
123,445087,1220987608
986,1175,1220990906
379,1175,1220991892
2287,1175,1220992054
3208,3208,1220992336
1146,445087,1220993231
2257,2757,1220994873
379,1175,1220994882
1772,123,1220995563
123,123,1220995667
3655,4880,1220996320
1886,123,1220996660
2257,5380,1220997225
123,123,1220997231
2257,5197,1220997593
4002,4002,1220997805
1790,115,1220998163
115,115,1220998305
1772,123,1220998339
3474,123,1220998761
115,115,1220999352
2541,115,1220999748
2535,5369,1221001725
115,115,1221003060
1220,122,1221007397
17,2064,1221010565
1277510,3279,1221013426
1790,672,1221013681
2541,115,1221020101
1310,1666,1221021231
1310,279,1221021854
1438,2001,1221022097
1790,5473,1221022943
372,5302,1221045567
4615,4615,1221045734
1196,5302,1221047453
1196,5302,1221049178
2574,3146,1221054193
4013,4491,1221056277
4285,3900,1221056710
4489,4764,1221056774
5330,3900,1221059903
1384652,4880,1221061021
5357,5357,1221070730
445087,445087,1221071161
2208,445087,1221074931
1908,1228,1221075413
2469,1874,1221077015
834,834,1221077749
1908,5330,1221078157
29,5056,1221079048
2757,1842864,1221079343
1220,4200,1221079620
383,4906,1221083270
1471,4877,1221083313
1471,4144,1221084821
4410,4144,1221085111
1772,4144,1221086731
1353,577,1221087173
1790,5436,1221089491
372,1734,1221091518
517,1491425,1221092057
4165,5487,1221092093
1790,5436,1221092522
5190,1412,1221092750
5487,5487,1221092829
1790,1734,1221092972
4410,1412,1221093237
4410,1412,1221093312
4685,672,1221094395
5314,1965,1221095517
5190,1412,1221095528
1471,1288,1221095982
2257,1288,1221096085
1288,1288,1221096236
1471,1288,1221096277
3043,730,1221097214
730,730,1221097687
4410,1412,1221097760
1471,337,1221098738
572,5170,1221098971
380,5056,1221099696
5056,5056,1221099827
4337,3797,1221100205
3146,3146,1221101626
2745,5261,1221102140
1344,5261,1221102257
77,3047,1221102569
5261,5261,1221102688
2745,5261,1221102895
3897,123,1221103419
29,5441,1221103492
4903,3654,1221103615
3047,3047,1221103717
5190,123,1221103800
1471,2171,1221104685
245,925,1221107033
3920,383,1221107361
4337,5431,1221108492
332,2260,1221110088
5196,5196,1221113391
5168,5168,1221119677
3474,2598,1221134376
4549416,672,1221135487
5261,5261,1221137914
1790,1790,1221138150
1790,1790,1221138549
2260,2260,1221140107
832,1536194,1221148059
2963,5357,1221152811
2287,797,1221165556
3171,1190,1221165901
1190,1190,1221166123
1412,93,1221166161
4200,1190,1221166265
1412,1190,1221166393
3043,1190,1221166563
279,279,1221167079
1908,1100,1221167156
999,3654,1221168795
123,123,1221169400
909,2759376,1221169977
1223,2599,1221170877
3043,5247,1221171450
303,303,1221171549
2729,303,1221171736
303,303,1221171866
2729,303,1221172213
2894,3839,1221172644
2894,1967,1221173046
5487,3153,1221174482
4939,5908,1221175367
5834,1228,1221178237
1471,41283,1221178841
4468,3785,1221179043
3654,3654,1221181698
2600,3043,1221183264
2541,572,1221183311
3474,111,1221183322
3043,3043,1221183353
4913,5853,1221184598
1199,4200,1221184715
3171,2357,1221186822
4200,4200,1221191034
5640,3798,1221191386
1471,4273,1221192434
1471,2831,1221192523
2831,2831,1221193097
673,673,1221193889
673,5742,1221194097
77,3279,1221194103
3561,4200,1221194368
1438,572,1221195357
4200,4200,1221196224
4200,4200,1221196367
4906,4906,1221196689
77,1647,1221200085
77,1647,1221200210
5640,1130,1221201042
77,1438,1221202641
2783,4052,1221206534
2600,1154,1221212694
5008,6035,1221212819
5023,568,1221215661
5790,5302,1221225032
986,5729,1221231144
1120,5729,1221231210
372,5642,1221232428
1060,422,1221232523
5182,5642,1221234054
372,5642,1221234138
5182,5642,1221234268
372,5642,1221235149
5581,4164,1221244551
4164,4164,1221245700
4337,730,1221249457
1228,994,1221249537
4292,905,1221249769
4223,2443,1221252133
3111,1154,1221254842
2284,2915,1221254943
5640,342,1221258380
986,342,1221259194
4223,5551,1221259292
3201,5486,1221259732
5486,5486,1221259889
5197,5197,1221260480
5745,1095,1221260904
5581,3111,1221261117
832,206,1221262085
92,5551,1221262432
2598,2598,1221267643
5640,6161,1221268189
4279,92,1221270228
1790,5287,1221270495
2600,5287,1221270575
2598,1815,1221270704
29,1815,1221270736
1815,1815,1221270810
2600,1815,1221270867
1815,1815,1221270949
2598,1815,1221270994
29,1815,1221271003
5380,1815,1221271212
1790,5287,1221271232
5261,1815,1221271291
1815,1815,1221271329
2258,1815,1221271605
2600,1815,1221271669
3119,1815,1221272024
1790,3661,1221272593
5243,1815,1221272749
2600,1815,1221273345
4926,1815,1221273856
1815,1815,1221273947
4926,1815,1221274870
1185,1815,1221275504
1815,1815,1221275632
4926,1815,1221275710
5640,1100,1221276055
2598,2328,1221276100
2469,1338,1221276129
1659,1215,1221276164
5380,1815,1221276341
5380,1815,1221276521
1215,1215,1221276710
1120,5733,1221277391
299,299,1221278858
5702,3043,1221280737
1597,1077,1221281079
872,1077,1221281829
3661,1496,1221282027
4337,1385358,1221283276
1277510,3875,1221283828
3535,2328,1221289720
781,1747,1221297082
3560,525,1221301296
525,525,1221303490
2598,5696,1221305584
4764,4764,1221305634
5696,5696,1221305708
3583,4570,1221305736
2598,5696,1221305874
5696,5696,1221305970
2209,2313,1221313371
5733,5733,1221313709
1695,5551,1221314422
2859,4867,1221322120
2108,1915,1221327072
1915,1915,1221343707
29,2138,1221348747
1084,6103,1221350432
6103,6103,1221351185
1084,6103,1221351806
2167252,2167252,1221353950
2193,3747,1221357693
1695,44972,1221359313
5314,672,1221362941
3153,981,1221364798
1768,1624,1221364983
981,981,1221365642
2443,3153,1221365817
811,5487,1221366562
5487,5487,1221366802
5049,2695,1221371362
4279,2313,1221371795
3153,3153,1221373607
5469,3153,1221376174
811,5487,1221379996
5190,4575,1221382281
5303,658,1221389488
658,658,1221389828
745,658,1221390108
658,658,1221390234
1471,6323,1221394636
332,4668,1221401533
3875,3875,1221407469
4200,5769,1221411475
1122,1122,1221411595
2208,3661,1221413895
1122,3661,1221414127
1553,338,1221420388
4979,5189,1221421304
2859,123,1221422906
123,123,1221423255
1065,123,1221424908
1065,2665,1221424955
1065,1695,1221425281
1065,5662,1221425989
1065,1175,1221426429
1175,1175,1221426630
2859,1122,1221427106
1122,1122,1221427291
1353,5469,1221432903
1353,1219,1221433148
3535,6332,1221440006
5058,2443,1221441744
2443,2443,1221442659
5058,2443,1221442873
2443,2443,1221443641
1554,1000,1221444091
5487,5487,1221444275
2422,2443,1221444493
1902010,1175,1221446244
5662,5662,1221448533
3661,3661,1221448682
3153,1467,1221450510
1467,1467,1221450662
3957,1368,1221450741
2108,1122,1221455594
2108,2649,1221457654
1849,4002,1221461350
4337,4337,1221478205
6059,6059,1221478762
372,4337,1221479272
4337,4337,1221479425
5302,4337,1221479626
372,4337,1221479800
4337,4337,1221480008
4337,4337,1221480283
2859,1897,1221481140
1897,1897,1221481417
372,4337,1221483652
1109,6390,1221490006
2961,6400,1221498954
1384652,2759376,1221499099
1944,3661,1221499541
888,2759376,1221499850
4685,4872,1221502888
3458,6605,1221507471
3215,6984,1221509045
2977,3661,1221510247
1185,672,1221510963
4100,6605,1221511415
2961,7292,1221513853
4172,7538,1221514020
6770,6770,1221514361
3320,3012,1221514394
7538,7538,1221514668
6770,6770,1221514719
5314,1463,1221515132
3012,3012,1221515266
2670,7556,1221515768
437,3012,1221516202
1310,7031,1221516302
106,3894,1221516549
3894,3894,1221516851
115,3208,1221516859
1404,1404,1221516952
3012,3012,1221517120
6770,6770,1221517397
1786,7357,1221517477
4285,7028,1221517530
6770,6770,1221517859
2598,8404,1221519459
1337,337,1221519632
8324,8324,1221520003
5346,8330,1221520301
5351,1115144,1221520397
3850,3135,1221521732
4903,8534,1221521833
4410,5070,1221521868
1471,7545,1221522789
2820,381,1221524364
1659,7475,1221524383
2820,4528,1221524494
4528,4528,1221524609
1902010,8979,1221525830
5469,8509,1221525938
6216,6216,1221526282
5640,9111,1221526356
2386,9099,1221526381
8979,8979,1221526783
4893,7616,1221527342
7616,7616,1221527456
1902010,8979,1221527517
4893,7616,1221527734
7616,7616,1221527856
86,8530,1221528110
106,1683,1221528389
5330,9328,1221529623
7116,9328,1221529883
9056,9056,1221529945
2455,8865,1221530254
2603,5179,1221530593
3631,9111,1221531129
267,9140,1221531454
4570,4570,1221531887
1695,8908,1221531920
1786,4298,1221532206
5179,5179,1221532218
2455,5056,1221532727
267,9613,1221532796
2695,5056,1221532831
3619,6358,1221533003
7093,9628,1221533104
2757,8557,1221533351
4332,4332,1221533477
1786,2832,1221533906
2695,2077,1221534070
6722,9591,1221534210
6617,6358,1221534219
4979,9501,1221534278
4615,4916,1221534472
4979,936,1221534798
936,936,1221535206
1353,9774,1221536197
8530,8530,1221537017
4979,9777,1221537173
3363,9099,1221537269
1790,4140,1221537294
7290,5626,1221537912
3475,4794,1221537971
1120,4794,1221538395
7116,936,1221538841
9628,2012356,1221539436
2603,2012356,1221539591
2600,10104,1221539736
5640,9470,1221540323
5314,9362,1221540618
7290,6336,1221545577
572,1597,1221546087
1597,1597,1221546478
4734,10479,1221546551
3146,10479,1221546881
7290,10476,1221547016
5640,10479,1221547053
10476,10476,1221547078
5640,10476,1221547245
10476,10476,1221547427
2820,10171,1221547580
5640,10476,1221547838
10476,10476,1221547906
10476,10476,1221547997
2590,9411,1221549664
4945,2443,1221549671
5720,5236,1221549919
9411,9411,1221551069
1666,3499,1221552509
10675,10675,1221553863
3957,7870,1221554381
115,340,1221554700
369,10784,1221556040
10759,10759,1221556256
10759,10759,1221556308
3153,10703,1221557506
9806,10889,1221558613
372,10759,1221559236
10759,10759,1221559812
1196,10431,1221560467
10431,10431,1221560770
3146,7086,1221562306
525,364,1221563710
7870,7870,1221564450
13,13,1221566117
372,1865,1221566122
832,8369,1221567762
1597,8369,1221567999
832,8369,1221568129
8369,8369,1221568170
1597,8369,1221568263
67775,5733,1221568513
832,8369,1221568815
1597,8369,1221569055
9439,11110,1221569987
2961,6992,1221570145
10739,10739,1221570689
1666,8161,1221572543
1666,8161,1221572606
1666,3575,1221572847
45603,3575,1221574557
7754,10778,1221574793
122,7122,1221575433
1554,11284,1221575577
3499,716,1221575734
11284,11284,1221576482
3171,6180,1221578865
372,11372,1221580624
1695,11581,1221582589
2434,2012356,1221582600
917,11596,1221583792
2134,6414,1221583846
1122,4690,1221584722
986,11554,1221586663
4007,11708,1221586992
383,4550,1221589964
6992,6992,1221591928
1870,1870,1221592725
4727,6992,1221593104
2961,1384652,1221593682
2386,1260685,1221594287
1638,8118,1221594986
4550,4550,1221595049
5351,7028,1221595092
986,93,1221595330
9410,91911,1221596167
93,93,1221596182
9410,11886,1221596332
2603,12015,1221596406
12083,12083,1221596545
7028,7028,1221596554
2603,12015,1221596589
8741,8741,1221596650
5640,3747,1221596729
6618,6618,1221596906
372,383,1221597060
1695,383,1221597068
5380,12113,1221598032
1935,12204,1221598443
2166173,6943,1221598481
5640,12259,1221598534
3055,6943,1221598895
5640,8047,1221598953
1935,8766,1221599200
4134,10589,1221599401
35,8766,1221599601
35,12386,1221599687
1228,3043,1221599708
29503,11994,1221600115
8173,2341,1221600323
3208,6992,1221600546
1830,4376,1221600698
5640,12417,1221600703
2095,9631,1221600723
11994,11994,1221600750
12386,12386,1221601083
1965,11994,1221601212
1694,11992,1221601283
2820,3043,1221601302
11828,2796,1221601503
7230,3230,1221601939
5147,5147,1221602320
4916,9631,1221602415
1733,12597,1221602700
1638,1762,1221602794
2590,4466,1221602868
6637,708,1221603126
1638,12653,1221603369
533,1909,1221603398
3043,3043,1221603479
5387,9631,1221603547
6819,3043,1221603611
4945,12547,1221603622
6300,12661,1221603724
8388,6180,1221603982
1432,11450,1221604182
12547,12547,1221604215
5314,730,1221604539
7548,11234,1221604637
255,11994,1221604665
8543,4580,1221604683
730,730,1221604753
7898,6922,1221604786
3055,730,1221604852
8047,8047,1221604934
730,730,1221605144
255,11300,1221605210
3230,3230,1221605962
5351,7028,1221606038
11994,11994,1221606044
2729,1538,1221606109
11994,11994,1221606376
106,6508,1221606384
5640,12905,1221606849
3208,3208,1221607470
1384652,1384652,1221607661
3590,3590,1221608134
2729,5487,1221608289
2729,5487,1221608377
3093,797,1221608636
5640,13035,1221608735
6617,2581,1221608746
3957,720,1221608960
1790,5338,1221609181
106,13046,1221609200
2820,3043,1221609829
2820,7709,1221610009
2581,2581,1221610855
1011,7709,1221610919
8151,8151,1221610931
4575,5487,1221611319
5222,5222,1221611811
5640,877,1221611994
3208,10476,1221612502
4926,3333,1221613735
3208,3208,1221613809
12825,13029,1221613916
1120,2459,1221614146
4727,13282,1221614222
3333,3333,1221614431
2820,7709,1221614524
312,5486,1221615146
12471,305,1221615237
1084,2328,1221615463
2459,2459,1221615855
5486,5486,1221615879
2509,6068,1221616522
1288,8062,1221617306
8062,8062,1221617543
3043,12653,1221618320
914,6822,1221618556
5777,5777,1221618663
7548,13277,1221618705
7288,3333,1221618853
9597,3497,1221618963
4979,8409,1221619579
1242,258,1221620005
5640,91911,1221620074
11063,11063,1221620355
1063,2312,1221620893
258,258,1221621290
1228,300930,1221621532
312,5486,1221621572
12171,4200,1221621770
8435,4200,1221621908
3499,716,1221622179
2977,7072,1221622333
4903,7072,1221622424
2961,4200,1221622747
1471,2312,1221622799
3333,13676,1221623090
12332,13594,1221623117
369,2312,1221623238
115,337,1221623281
811,5487,1221623856
4575,5487,1221624275
7516,7936,1221624401
5487,5487,1221625360
2729,5487,1221625476
5487,5487,1221625500
10661,8548,1221626027
12211,12211,1221626258
5487,5487,1221626441
5487,5487,1221626749
4575,5487,1221627019
4834,1043,1221627175
4575,5487,1221627565
1384652,4200,1221627661
6369,8664,1221627824
6369,8664,1221627875
1994377,14157,1221628663
1994377,14157,1221628719
813,11995,1221628844
1644,13967,1221629004
2757,14157,1221629272
9628,14157,1221629419
2670,13930,1221630145
7028,1300,1221630186
2291,2291,1221630474
7116,14266,1221630912
5113,14266,1221631218
5487,6943,1221631240
6386,14266,1221631553
6386,14266,1221631591
14266,14266,1221632019
5640,12178,1221632136
1114,14322,1221632607
14322,14322,1221632933
9654,13967,1221632935
4916,9467,1221633095
714,813,1221633475
12332,14200,1221633640
255,9467,1221634325
4337,10135,1221635660
4926,3333,1221636024
255,3366,1221636906
811,17440,1221637420
3153,14559,1221639123
4850,5989,1221639730
372,4200,1221639875
5989,5989,1221640542
9611,14046,1221641991
12881,3137,1221642011
3137,3137,1221642189
305,3137,1221642366
12881,3137,1221642531
372,3137,1221642915
5,4640,1221643893
8020,8020,1221644310
9345,10759,1221644491
9345,9345,1221644757
1539,9345,1221644918
9345,9345,1221645225
9787,3012,1221645984
5,4640,1221646464
14487,14487,1221646971
12293,12293,1221647481
1337,406,1221647812
4916,577,1221648064
1337,12293,1221648107
1337,12293,1221648157
1337,813,1221648435
1695,4322,1221648942
8563,8563,1221649405
6010,4322,1221649446
14122,1536194,1221649716
5836,6359,1221650648
6359,6359,1221651108
9780,319,1221651485
1496,1496,1221651647
8367,11034,1221651778
1790,11034,1221651886
6386,14266,1221652175
3146,15023,1221653561
1265,11034,1221653581
11827,2897,1221653631
14637,10644,1221653824
1554,1321,1221653942
1233,1321,1221654433
11023,9087,1221654574
5628,15023,1221654591
15023,15023,1221654916
372,1693,1221656182
1414,12653,1221656288
2670,10644,1221657864
3820,3137,1221658405
5387,1692070,1221658671
2257,1630,1221658765
1630,1630,1221658973
5330,15130,1221659277
3839,3839,1221659824
8668,8668,1221660210
4396,15187,1221660506
6777,10708,1221660607
1178,15181,1221660861
15187,15187,1221660931
11827,1539,1221661309
364,7524,1221661645
1178,7524,1221662870
12371,12371,1221663551
3719,12371,1221664737
1666,14981,1221665155
1,14981,1221666238
4494,11234,1221666566
5113,14351,1221667104
14981,14981,1221667144
12653,12653,1221667388
7647,10204,1221668348
3171,7732,1221668999
4964,7524,1221671703
6563,7856,1221671807
9654,4946,1221671931
1837197,231,1221672402
1078,15476,1221673105
15476,15476,1221673286
2684,15537,1221674310
2977,4640,1221674600
86,7271,1221675065
15020,15020,1221675948
15020,15020,1221676122
2208,1533,1221676976
14860,2087,1221677279
86,15452,1221677418
572,1078,1221677988
15662,15662,1221678387
6637,11670,1221678568
4100,13676,1221678651
8435,2260,1221678670
9021,1078,1221679040
5891,83,1221679774
2346,15721,1221680051
4727,14443,1221680379
338,1490,1221681450
1490,1490,1221681763
1902010,13913,1221681776
13913,13913,1221681975
3043,1782,1221682257
1782,1782,1221682313
12089,15877,1221682948
14200,14200,1221683274
67775,3394,1221683299
14443,14443,1221683320
1870,1961117,1221683388
2600,3394,1221683513
12016,12016,1221683751
3394,3394,1221683879
1961117,1961117,1221684145
2820,15719,1221684243
3043,11995,1221684665
6449,13709,1221684867
11828,14443,1221685003
1219,3394,1221685082
14443,14443,1221685383
15877,15877,1221685385
7548,543,1221685680
4200,3394,1221685974
10583,10583,1221685996
2260,3394,1221686420
4396,8999,1221686498
8999,8999,1221686772
2598,15546,1221686883
1690,364,1221687137
1786,7001,1221687330
4161,12016,1221687752
5569,5569,1221687802
2600,8999,1221688257
338,5175,1221688331
8368,5175,1221688460
986,5175,1221688612
3474,5175,1221688684
1288,5175,1221689215
3153,1766670,1221689246
13578,13578,1221689598
12892,11234,1221689664
1206,7287,1221689917
5175,5175,1221690050
9467,9467,1221690208
157,5175,1221690524
6819,8205,1221690631
1288,5175,1221691204
179,179,1221691503
12874,12874,1221691530
1321,1321,1221691648
6899,16070,1221692129
5170,5170,1221692214
1471,13578,1221692261
598,3565,1221692825
3798,2744,1221692835
8450,11961,1221693253
5261,16292,1221693291
598,4808,1221693525
598,5132,1221693654
3957,2701,1221693962
16292,16292,1221694065
1790,13800,1221694086
7093,1766670,1221694535
11961,11961,1221694600
2915,142,1221694819
6178,16371,1221695135
740,10088,1221695595
5035,4690,1221695764
5035,4690,1221695811
9654,8645,1221695921
12892,4946,1221696088
12892,4946,1221696230
15614,5917,1221697270
3974,8999,1221697511
15928,15928,1221697569
13179,1284,1221697921
12597,12597,1221697965
12502,1284,1221698153
15955,15719,1221698240
8435,16458,1221698894
7548,16458,1221698945
10703,10703,1221699301
1695,13913,1221699640
1291,13911,1221700477
1695,4279,1221700547
2820,3565,1221701436
5640,1306,1221701443
4279,4279,1221701545
7001,15050,1221701546
1220,13930,1221701687
1306,1306,1221701875
3474,5175,1221702064
13911,13911,1221702327
5989,16195,1221703446
9363,9940,1221704191
327,327,1221704212
391806,391806,1221704483
5640,14065,1221704562
2194,2361,1221704866
1546,373112,1221704931
14359,191,1221704992
5471,5471,1221705635
14009,15045,1221706050
1980,2755,1221706243
115,10034,1221706307
15045,15045,1221706497
16562,16562,1221706601
3279,46,1221706636
115,13143,1221706691
8151,16562,1221706870
77,15928,1221707195
3394,3394,1221707787
7093,49611,1221707870
11138,3624,1221708597
4615,2135219,1221708660
2755,2755,1221709201
4903,3126,1221709667
811,10088,1221709699
12016,12016,1221709781
1786,10669,1221709897
7028,10669,1221709904
8543,10669,1221710145
1228,16757,1221710236
8233,11827,1221710326
4281,13800,1221710532
4249,12842,1221710627
16398,16398,1221710669
14569,13986,1221710751
16398,16398,1221710831
13393,13393,1221710870
5640,5917,1221710928
16757,16757,1221711028
4893,15346,1221711336
9122,13597,1221711538
5987,1368,1221711576
4192,1368,1221711709
4893,15346,1221711711
5917,5917,1221711803
1627,13597,1221711828
3146,8543,1221712078
2598,247597,1221712463
234,69665,1221712567
7028,16562,1221712862
7028,11989,1221713134
12779,15346,1221713250
5314,16866,1221713273
16866,16866,1221713670
8220,16866,1221713988
14569,16679,1221714057
12711,13597,1221714266
1358,9411,1221714442
1765,1765,1221714773
11989,11989,1221714908
4850,4850,1221715995
115,11105,1221716914
12892,2253,1221717853
11105,11105,1221718227
1152057,13368,1221718922
8999,8999,1221720325
10759,10759,1221720661
700,1359466,1221722680
1690,678,1221722934
364,364,1221723695
811,4319,1221725124
13005,4319,1221725179
4319,4319,1221725303
13,16976,1221726562
9345,191,1221727621
6043,7988,1221727670
7988,7988,1221727962
5836,13122,1221728883
8236,17071,1221731207
419,2066,1221732264
157,16981,1221732607
1815,3798,1221732729
264,3798,1221732794
7870,5808,1221733186
8040,7611,1221733816
5640,1220,1221733873
1694,16070,1221733943
1786,6062,1221734924
5314,11236,1221735588
5628,17171,1221735639
12682,17194,1221736846
11211,17026,1221737051
525,14752,1221737982
17026,17026,1221738507
12682,8507,1221739131
2598,2598,1221739891
10216,14924,1221741064
16398,11355,1221742582
2775,3146,1221742618
6043,6946,1221743193
14199,9940,1221743486
8388,16314,1221744556
372,5232,1221745792
9021,9345,1221746130
6068,6068,1221746469
14777,14777,1221746850
122,17329,1221746858
968,14777,1221747358
10947,17329,1221747766
31505,184,1221748004
2973,288629,1221749066
17023,288629,1221749416
9345,9345,1221749653
1695,15161,1221750063
4213,11388,1221751700
5190,8741,1221751981
1898,288629,1221753792
6899,1692070,1221755159
6899,17451,1221755320
6899,17457,1221755502
15161,15161,1221755508
13989,11557,1221757076
13989,11557,1221757305
4918,3146,1221757551
3171,17491,1221759095
11698,3146,1221759491
14530,11557,1221760365
6400,8741,1221761173
4979,6440,1221761250
6440,6440,1221761354
6445,15667,1221762308
4869,3154,1221764002
6508,17584,1221764904
9324,9324,1221765894
7898,976,1221766009
17398,17398,1221766701
4893,4120,1221767312
31505,7287,1221768010
3208,3416,1221768535
12502,2470,1221768996
1837197,16673,1221769189
1120,11911,1221769254
1228,11410,1221769315
10941,10941,1221769648
4281,16673,1221769664
5963,15667,1221769903
12842,12842,1221770209
8435,4527,1221770484
4575,1127460,1221770862
2936,17691,1221771658
1471,17147,1221771680
1414,1414,1221771842
8151,1167846,1221771938
1,7952,1221772039
1768,116,1221772157
8427,4300,1221772359
1167846,1167846,1221772451
17691,17691,1221772533
5175,5175,1221772602
4727,4454,1221772689
7952,7952,1221772747
17600,17600,1221773196
17542,17542,1221773280
1127460,1127460,1221773554
5314,1816,1221773720
1695,16779,1221773819
14113,5915,1221774014
2730,1862,1221774083
1870,4300,1221774263
6372,4300,1221774493
15371,15371,1221774650
16199,1862,1221774669
86,17648,1221774680
16027,1638,1221774939
2831,5802,1221775034
4200,4454,1221775418
4230,4454,1221775706
2603,12178,1221776454
2894,8741,1221776669
15329,15878,1221777008
6180,1368,1221777252
6500,15420,1221777528
2894,16003,1221777689
16651,16651,1221777832
1223,6151,1221777835
1359466,1359466,1221778541
4410,16050,1221778569
16050,16050,1221778700
16414,6833,1221778724
16371,16371,1221778854
6833,6833,1221779064
17026,4653,1221779100
17026,4653,1221779163
9777,10922,1221779351
4410,16050,1221779399
14569,12332,1221779485
11911,11911,1221779533
14569,6508,1221779875
6508,6508,1221780029
1471,2612,1221780052
3093,2612,1221780511
2486915,17887,1221780708
12502,16613,1221781157
4482,16613,1221781375
1638,1638,1221781380
3474,5175,1221781821
1438,8505,1221782037
9664,1143,1221782373
1120,11911,1221782481
4407,4407,1221782718
14484,1143,1221782920
5812,5175,1221783701
12685,17987,1221783924
13249,31505,1221784133
4711,8973,1221784335
2373,4407,1221784421
4659,16855,1221785080
4407,4407,1221785785
7301,13636,1221786145
7672,1044,1221786448
676,3497,1221786585
4482,4872,1221786628
1291,4872,1221786923
3474,12860,1221787829
4407,4407,1221788275
3474,1694,1221788565
1616,8761,1221788768
13958,13958,1221788838
2385,17691,1221789193
2385,17691,1221789235
13714,8761,1221789300
1339,4869,1221789725
2729,13348,1221789775
4869,4869,1221789793
2729,13348,1221789809
6897,17037,1221789878
2009,4869,1221789895
8542,18095,1221789912
16800,4869,1221790024
4186,7671,1221790549
2134,337,1221790638
1440933,3208,1221790747
2084,3208,1221790850
1782,4869,1221791037
2373,4407,1221791363
3146,3146,1221791377
8761,8761,1221791599
2670,16124,1221792353
17987,17987,1221792420
7476,16575,1221792450
16414,16124,1221792720
2757,18180,1221792908
12332,5653,1221793067
1666,11897,1221793506
5472,91,1221793642
2757,17648,1221793690
91,91,1221793802
1447,117494,1221793826
8435,2041950,1221793865
2041950,2041950,1221793917
5113,4607,1221794172
332,117494,1221794325
332,117494,1221794521
1865,3263,1221794599
3655,117494,1221794759
8505,28952,1221794908
6160,6160,1221795383
28952,28952,1221795690
6160,6160,1221795726
1228,16757,1221795840
3535,597657,1221796028
3535,597657,1221796660
14089,6160,1221796826
18210,18210,1221797087
3458,117494,1221797235
11181,18210,1221797874
3055,17648,1221797957
5113,14089,1221798059
14089,14089,1221798239
5113,14089,1221798983
6777,44972,1221799448
1659,16861,1221800604
1790,7852,1221800980
1786,4668,1221801005
383,1384652,1221801049
13757,16949,1221801074
383,15441,1221801229
1384652,1384652,1221801390
11229,15441,1221801646
383,1664,1221801703
4668,4668,1221801837
5662,1384652,1221801914
2600,1384652,1221802108
1965,117494,1221802132
115,483,1221802139
11897,18320,1221802468
4287,4287,1221803086
4287,4287,1221803197
4965,8143,1221803326
16861,16861,1221803588
18320,18320,1221803767
8143,8143,1221803781
8233,4287,1221804027
12682,3661,1221804030
11387,8143,1221804390
14484,536,1221804640
16830,16830,1221805111
10433,765,1221805661
976,18359,1221805915
16203,8883,1221806539
15955,2731698,1221807016
2731698,2731698,1221807045
6223,8883,1221807549
4761,6161,1221807589
5314,3798,1221807672
13289,9594,1221808496
4281,10703,1221808732
372,7565,1221809075
5628,4287,1221809329
18359,18359,1221809384
811,4575,1221811148
1190,1748529,1221811991
15537,1748529,1221812420
13,18431,1221813551
10410,10410,1221813902
1965,18175,1221813950
7705,14752,1221814670
4575,4575,1221814735
13368,18449,1221815019
13368,747,1221815185
1659,18175,1221817723
15464,1965,1221818356
9859,5379,1221818518
9450,6770,1221818564
3560,3020,1221818644
4893,3020,1221818682
14860,3020,1221819239
4850,6770,1221819349
1291,13791,1221819743
3937,18458,1221819769
117494,117494,1221820087
117494,117494,1221820593
6770,6770,1221820646
1084,6770,1221821162
419,10717,1221821827
1666,15476,1221822773
14637,18475,1221823754
8151,17222,1221825103
1695,15124,1221826004
15124,15124,1221826606
3020,3020,1221826689
5066,18547,1221828098
16299,1688440,1221828414
18475,18475,1221828628
10433,16679,1221829057
1688440,1688440,1221830365
1688440,1688440,1221830423
10708,10708,1221830624
18547,18547,1221830978
2102,4872,1221831358
3957,905,1221831374
2260,16575,1221832316
14690,17389,1221832430
4285,7780,1221832680
14860,17389,1221832948
714,5284,1221833025
15682,7644,1221833057
11827,17389,1221833375
4213,13055,1221833422
2961,13646,1221833807
46,46,1221835117
3957,4021,1221835241
2961,9021,1221835331
4021,4021,1221835623
3957,4021,1221836394
6380,11034,1221836518
888,10703,1221836544
5179,18515,1221836593
3205,7888,1221836658
8404,8404,1221837214
5697,8786,1221837741
1,17389,1221838766
372,428965,1221839193
14648,18333,1221839710
986,5422,1221841278
2289,2932,1221842218
9396,17074,1221842603
2932,2932,1221842792
17074,17074,1221843062
6899,11801,1221843242
2954,854,1221844689
332,1965,1221845885
6482,6801,1221846143
16035,17500,1221846669
1384652,1384652,1221847076
15614,6400,1221847184
8151,854,1221847265
6400,6400,1221847280
12860,12860,1221847481
15614,6400,1221847641
6899,8409,1221848001
15771,15771,1221848347
15416,6160,1221848648
9396,10750,1221848975
9396,10750,1221849060
4615,7473,1221849111
10750,10750,1221849250
10750,10750,1221849476
5008,3397,1221849873
380,3397,1221849930
7473,7473,1221850009
16582,14637,1221850773
16509,18769,1221850814
383,18769,1221851271
3397,3397,1221851587
905,905,1221851828
905,5369,1221852158
2385,971,1221852159
3978,18769,1221852270
16724,17647,1221852519
416,10319,1221852532
2102,3153,1221853354
18210,672,1221853833
971,971,1221854056
9403,4639,1221855637
2820,6153,1221856408
6153,6153,1221856533
2600,6153,1221856602
832,6153,1221856643
15329,5802,1221856662
1694,1694,1221856719
6153,6153,1221856895
2134,17614,1221856903
1196,6153,1221857006
658,6153,1221857042
832,6153,1221857165
832,6153,1221857238
4203,6621,1221857292
1196,6153,1221857423
383,6153,1221857482
1196,6153,1221857592
832,6153,1221857594
2820,6153,1221857665
15517,7780,1221857677
5640,18863,1221857818
832,6153,1221857868
372,6153,1221857908
832,6153,1221858029
372,16604,1221858127
1196,6153,1221858152
10174,1874,1221858190
2820,1185,1221858230
536,536,1221858240
1185,1185,1221858271
7938,12631,1221858283
832,6153,1221858321
658,6153,1221858387
2284,3355,1221858461
658,6153,1221858503
12870,15371,1221858539
1196,6153,1221858658
3355,3355,1221858723
1196,6153,1221858804
3839,6153,1221858901
7780,7780,1221858954
16220,4407,1221859054
658,7780,1221859067
15371,15371,1221859234
1471,16881,1221859271
11549,1203,1221859470
5640,18228,1221859515
1196,1203,1221859785
3894,5802,1221860161
2230,18623,1221860333
4287,4287,1221861091
1196,16094,1221861247
7476,18657,1221861281
16094,16094,1221861683
8123,75350,1221862010
15000,1841427,1221862246
1409,18922,1221862362
1353,15948,1221862374
1841427,1841427,1221862605
10862,10862,1221862877
3474,1694,1221862886
2820,2846,1221863243
13600,6879,1221863385
8570,7780,1221863407
15537,18922,1221863418
2820,14728,1221863577
14728,14728,1221863754
77,11947,1221863821
7780,7780,1221864041
2284,6833,1221864100
2915,7211,1221864118
8262,2246765,1221864234
8169,2246765,1221864254
1310,2648,1221864308
7780,7780,1221864387
6833,6833,1221864521
6617,3314,1221864764
3314,3314,1221864809
18664,18664,1221865142
1120,13913,1221865200
11911,16679,1221865225
13913,13913,1221865471
5640,18309,1221865887
96,14102,1221866135
1120,13913,1221866255
1223,14102,1221866567
2600,5956,1221866746
8297,6583,1221866812
16082,13279,1221866817
3434,12969,1221866872
4903,11236,1221866909
6151,6151,1221866947
8297,13968,1221866971
13279,13279,1221867087
16881,5956,1221867187
2600,5956,1221867264
4192,11236,1221867270
5812,13913,1221867503
5812,13913,1221867571
1471,6610,1221867798
16414,5915,1221867800
13913,13913,1221867825
1865,3111,1221868024
5427,11236,1221868162
3333,2204759,1221868200
3093,2204759,1221868254
1471,2204759,1221868457
1782,16371,1221868910
60,2755,1221869069
5812,13913,1221869208
2820,14728,1221869299
18623,18623,1221869312
14009,19090,1221869591
12275,18922,1221870329
1063,16226,1221870474
13289,2025,1221870562
18146,18194,1221870982
18180,18180,1221872900
5039,14102,1221873178
14009,17974,1221873263
2719,4068,1221873375
8236,10088,1221873399
4337,19124,1221873497
1220,10088,1221873587
5039,15304,1221874423
1120,13913,1221874644
13989,11231,1221875337
9636,363822,1221875501
13989,11231,1221875503
16639,16639,1221875597
16724,5054,1221875682
363822,363822,1221875923
5054,5054,1221875978
5054,5054,1221876031
13687,363822,1221876180
5836,1463,1221876563
4659,7685,1221876615
6897,16886,1221876719
5836,17516,1221877473
9636,3093,1221877554
5109,10235,1221877608
14134,16683,1221877720
1220,11236,1221878164
1220,11236,1221878254
5486,17516,1221878416
11052,3488,1221878981
1310,15816,1221879119
3488,3488,1221879351
8251,16226,1221879495
8251,4926,1221880498
8427,9176,1221881223
15464,19129,1221881244
3560,1220,1221881700
17516,4926,1221881706
9176,9176,1221881712
8427,13704,1221881801
9232,19129,1221881972
8427,9176,1221881984
8002,1220,1221881998
1865,1363,1221882038
9176,9176,1221882364
2831,10675,1221883177
8435,20128,1221883298
8427,9176,1221883874
634,19306,1221884032
13989,17712,1221884076
19306,19306,1221884169
71,71,1221884186
5074,16947,1221884323
9232,8975,1221884617
8975,8975,1221884753
3446,13979,1221885465
8355,4782,1221885779
19324,19324,1221886116
8427,12035,1221886691
15328,14834,1221886744
92,19324,1221886793
3631,13432,1221887472
11289,17389,1221887726
5640,13432,1221887756
11289,13140,1221887890
3499,3458,1221888063
12685,17987,1221888691
11063,3228,1221889084
16204,16204,1221889107
5113,9450,1221889317
9450,9450,1221889424
9450,9450,1221889536
10897,9450,1221890264
10675,10675,1221891753
9594,9594,1221892523
15537,18922,1221892874
2859,14334,1221893403
3957,5427,1221893607
5314,3561,1221895481
5720,14842,1221895798
2603,10708,1221896050
7432,745,1221900386
9611,6154,1221901137
2574,9450,1221901460
714,5284,1221901496
15842,6154,1221903740
3957,14101,1221905098
1690,12908,1221906501
13989,17046,1221906780
3957,2535,1221908173
1343,14278,1221909318
14278,14278,1221909598
3279,19129,1221910272
9122,825,1221913269
8206,17162,1221915332
4869,877,1221916479
2134,2147,1221916778
8847,2147,1221916877
8206,3399,1221916899
877,877,1221917295
12702,6044,1221919489
7028,1538,1221920507
3957,1538,1221920811
11577,2443,1221921598
18333,2742,1221923611
11181,1538,1221925450
15682,8507,1221926119
18901,5812,1221930176
7001,3347,1221932160
8297,10947,1221934766
18901,2897,1221935591
8297,10947,1221936122
6013,6013,1221942533
19235,384,1221944365
7028,1538,1221944442
384,384,1221944650
19235,384,1221944874
8297,19627,1221946597
16511,16511,1221947022
16253,12518,1221949105
19627,19627,1221949145
7852,3764,1221949267
5812,5812,1221950616
3978,9127,1221951614
5314,1798387,1221953157
17516,1538,1221954400
4525,15075,1221954974
2509,2064,1221955057
1,1853,1221955602
7093,172,1221958458
10559,9236,1221959777
8297,745,1221960801
1109,9192,1221961562
3150,292,1221961624
16639,16639,1221961767
5812,1511,1221962151
4615,16881,1221963447
3957,6441,1221963513
1768,11256,1221964012
10661,422,1221964676
1518,16511,1221965231
12631,19671,1221966076
17516,17516,1221966082
7913,19331,1221968829
3957,19268,1221969766
15517,7780,1221970549
15517,7780,1221970700
5897,13227,1221971596
5897,15054,1221971835
10024,2486915,1221972883
12037,6432,1221973082
9232,19790,1221976359
811,19790,1221976513
9232,19790,1221976627
1199,3320,1221977013
4977,9232,1221977613
3146,10793,1221977750
3276,19802,1221983599
3276,19269,1221983809
3276,91,1221983952
15346,13911,1221984056
14860,19392,1221985032
19392,19392,1221985128
16414,3029,1221987958
1569,590,1221989573
16247,781,1221990957
1538,1538,1221991166
16247,781,1221991299
16757,16757,1221992482
91,13636,1221995341
11284,12448,1221997988
5628,15059,1221998307
17712,877,1222000456
9401,9776,1222002589
745,745,1222003790
3474,16485,1222004013
10352,10352,1222007565
10352,10352,1222008557
11797,16485,1222013001
48281,11659,1222020622
19704,16485,1222020767
9629,9411,1222022013
18658,11834,1222022256
11834,11834,1222022935
2859,123,1222023457
16881,16440,1222023873
18658,11834,1222024499
11963,19929,1222024569
7780,6681,1222024960
4687,15537,1222025135
15537,15537,1222025486
15537,15537,1222026481
2859,19929,1222026590
2859,18658,1222027823
10676,10676,1222030718
3820,4044,1222031850
9411,9411,1222035524
419,44972,1222035912
7028,44972,1222036356
9232,19658,1222038217
4044,4044,1222038324
2600,19658,1222038390
15139,9128,1222041125
1944,10708,1222041498
1396,16779,1222041621
13564,10096,1222041699
7116,3153,1222042078
9410,1368,1222042138
3153,3153,1222042216
7116,3153,1222042436
3153,3153,1222042520
3153,3153,1222042562
9128,9128,1222042593
3655,2012356,1222047383
403,403,1222048930
13368,9140,1222050983
19689,14690,1222051447
13744,19290,1222053219
19392,19392,1222053231
15464,15716,1222054198
10080,17162,1222054317
20048,20048,1222054596
9140,9140,1222054669
14690,14690,1222056448
7028,6545,1222056539
14690,14690,1222056613
5472,4200,1222056900
9567,6545,1222057183
3150,18309,1222057657
811,17037,1222057745
6545,6545,1222059071
18575,12096,1222059170
13368,20085,1222059342
17037,17037,1222060051
5703,20062,1222060388
3957,15798,1222061966
16398,19802,1222062599
15950,19159,1222062836
14009,19159,1222062871
3542,19159,1222063094
1075,19159,1222063161
16398,19159,1222063800
12895,3588,1222064043
5171,4358,1222064254
1615,1615,1222065047
19235,1615,1222065238
14009,1736,1222065282
1736,1736,1222065544
4358,4358,1222066500
3488,3488,1222066889
9787,2806,1222069464
5812,83819,1222071019
3153,83819,1222072662
8090,9403,1222073551
9021,83819,1222074041
12502,7913,1222075291
18866,5618,1222076164
9021,5618,1222076372
7852,3624,1222076566
19179,2712,1222076894
3153,13676,1222076913
372,1368,1222078232
12356,11137,1222078957
96,1368,1222079098
83819,83819,1222079123
96,1368,1222079331
1368,1368,1222079394
13447,1368,1222079839
12707,5769,1222079956
4482,5769,1222080258
16668,19970,1222081509
1736623,4230,1222082825
11052,1368,1222085114
6329,14191,1222091140
446104,446104,1222093164
372,9140,1222094549
15517,1841,1222094879
2859,20273,1222095365
7028,20278,1222095770
2095,20278,1222096264
3957,9474,1222097460
6946,6946,1222098346
2859,19929,1222102665
16673,15950,1222104696
8297,20300,1222105836
15950,15950,1222106237
6777,3394,1222108416
1228,7839,1222108643
3445,1368,1222109132
1228,4161,1222109238
3394,3394,1222109750
29,20388,1222109973
3191,17700,1222110304
17095,10326,1222111004
4980,727,1222111796
17095,18658,1222112624
96,1368,1222113198
1798387,1798387,1222113432
2820,19713,1222113649
3445,1368,1222114119
5640,20426,1222114385
5640,542226,1222114787
542226,542226,1222115250
7045,2984,1222115516
16204,15004,1222115806
5640,4140,1222116907
9176,9176,1222116949
1185,4140,1222116962
5640,4140,1222116967
590,4140,1222116995
19435,4140,1222117009
12870,4140,1222117036
5640,4140,1222117061
1185,4140,1222117213
8169,6561,1222117387
5640,2313,1222117387
3111,3111,1222117462
8297,17998,1222118070
11828,19863,1222118718
8964,445087,1222118873
14143,7780,1222118941
3580,17554,1222118954
8409,1199234,1222119532
8543,8543,1222119551
3320,3289,1222119705
2820,3289,1222119872
3289,3289,1222120052
2820,3289,1222120525
12870,16673,1222120588
12892,16673,1222120804
445087,445087,1222120902
1679,7512,1222121088
3289,3289,1222121142
16673,16673,1222121327
12870,16673,1222121684
123,123,1222121739
2012356,12151,1222121845
16673,16673,1222121999
13800,13800,1222122553
8297,20493,1222122594
19435,6776,1222122613
2590,2077,1222122875
15950,2077,1222122885
13990,6776,1222123133
8297,16515,1222123146
8435,20400,1222123241
17095,20400,1222123302
1786,19251,1222123786
16515,16515,1222124224
18333,9425,1222124263
15667,9236,1222124423
7050,7050,1222126029
5836,5836,1222126367
9056,9056,1222126420
5628,19159,1222126490
8049,14752,1222126987
2230,2773,1222127063
5640,8530,1222127548
1541,445087,1222127707
17,8530,1222127750
115,572,1222129140
572,572,1222129382
12356,572,1222129426
15139,15798,1222129437
572,572,1222129495
19435,8530,1222129531
19435,572,1222129650
572,572,1222129868
14569,452521,1222129884
2820,14299,1222130173
2820,14299,1222130222
19435,572,1222130451
2773,2773,1222131387
13633,14833,1222131453
2757,16685,1222131696
96,924,1222132245
2974,572,1222132419
2284,924,1222132528
2974,16772,1222132583
2820,924,1222132920
16772,16772,1222133224
19435,19435,1222134254
9530,7205,1222134399
1942,20620,1222134640
1550,14031,1222134660
2313,2313,1222135109
4249,20641,1222135357
7756,14113,1222136070
18893,7911,1222136293
1782,5609,1222136336
12151,12151,1222136388
16685,16685,1222136675
4396,20682,1222137189
4003,5056,1222137241
10947,15054,1222137927
4068,9549,1222138295
16398,3126,1222138297
2988,3289,1222138402
20641,20641,1222138405
17095,7498,1222138685
2541,3488,1222138701
77,192,1222138789
19689,1384652,1222138886
17651,192,1222138997
9549,9549,1222139058
9567,15842,1222139073
14642,192,1222139319
1384652,1384652,1222139323
7756,192,1222139657
17651,192,1222139668
2191,738,1222139763
1432,20641,1222139892
15842,15842,1222139954
11705,4358,1222140132
192,192,1222140317
7756,192,1222140672
14642,192,1222140810
7756,192,1222140910
3937,20714,1222140912
305,20730,1222140979
19629,20498,1222141017
192,192,1222141033
305,20498,1222141125
4140,4144,1222141179
8427,7946,1222141180
7756,192,1222141189
14642,192,1222141191
4144,4144,1222141262
20641,20641,1222141301
17623,17623,1222141935
12275,18922,1222141935
9034,20737,1222141948
2422,13376,1222141985
20055,3291,1222142034
4213,372698,1222142051
5640,1081,1222142149
7946,7946,1222142977
5618,20460,1222143041
4593,10585,1222143327
832,192,1222143549
18590,12514,1222143600
4068,3442,1222144395
14642,192,1222144784
13376,13376,1222145019
2730,19251,1222145610
15464,8233,1222145725
15401,18196,1222146000
4727,8763,1222146182
4068,20067,1222146326
1582,1582,1222146799
20498,20498,1222147417
20498,20498,1222147533
16582,20101,1222147847
16886,16886,1222147933
1343,11236,1222148085
4068,3446,1222148825
10585,10585,1222148941
893,3446,1222148961
13552,3446,1222149055
6899,3446,1222149094
5113,3446,1222149125
3446,3446,1222149129
893,3446,1222149284
5113,3446,1222149500
1438,3832,1222149567
14569,14569,1222149743
4690,12905,1222149885
19435,9161,1222151545
13289,2083,1222151711
383,337,1222151721
14122,1081,1222151800
1666,1642688,1222152065
3560,9161,1222152085
2598,18445,1222152588
18445,18445,1222152933
1790,20682,1222154196
1343,20816,1222154438
12682,20826,1222154792
4213,18926,1222155016
6354,20744,1222155200
13646,9328,1222155621
12677,18926,1222156717
13289,17307,1222156815
1553,1574,1222156845
372,9532,1222157179
3508,13376,1222157691
14642,5552,1222157830
8151,17307,1222157935
332,1220,1222158393
17174,17307,1222158506
20851,20851,1222158792
13005,7839,1222158908
5314,9532,1222159421
17087,17087,1222159427
2954,7839,1222159521
3937,4341,1222160321
8819,14744,1222160508
372,192,1222161085
372,18528,1222161401
18528,18528,1222161780
16668,4665,1222161789
14642,192,1222161802
5023,18528,1222161843
18528,18528,1222163335
19974,14547,1222163688
18159,14547,1222163814
2574,20310,1222164532
20310,20310,1222164986
19324,19324,1222166841
20714,20714,1222167054
7756,192,1222167319
20730,20730,1222167635
364,20714,1222167779
14569,10520,1222168031
2574,20310,1222169705
483,6354,1222169737
20572,20572,1222169862
20714,20714,1222170217
20714,20714,1222170349
20714,20714,1222170409
20714,20714,1222170570
20714,20714,1222170615
4977,14752,1222170866
20714,20714,1222170949
17174,781,1222171418
20895,20895,1222171839
361,2785,1222171867
1343,9440,1222176941
6354,6354,1222177204
16417,5360,1222177656
16909,5360,1222177851
1666,20714,1222179406
15572,13365,1222180169
18729,20819,1222181253
364,20819,1222181266
13136,8456,1222181418
18729,20819,1222181840
17516,1599,1222182499
15304,15304,1222183228
16308,1599,1222183250
20545,20545,1222183586
298,136,1222183592
17516,7211,1222183924
1693,14752,1222184718
1120,11249,1222185642
13376,13376,1222187271
20023,39,1222187544
39,39,1222187770
7839,7839,1222187836
20382,21004,1222188507
21004,21004,1222188738
15809,162325,1222189693
7211,7211,1222189695
2083,2083,1222189829
2859,162325,1222189921
6899,17469,1222190588
11574,162325,1222190799
17469,17469,1222191169
162325,162325,1222192322
20400,2134,1222193740
20164,6371,1222194230
1830,11354,1222194379
1450,11614,1222194798
15809,21057,1222196561
19784,21057,1222196615
3153,21057,1222196757
572,3385,1222197086
3385,3385,1222197179
26,19435,1222197374
7756,1199234,1222197382
19435,19435,1222197472
2936,20749,1222197523
1120,19435,1222197706
11477,19435,1222198076
14860,10703,1222198199
11002,7211,1222198246
10661,16035,1222198861
6637,18831,1222199078
10661,3935,1222199180
6349,6941,1222199200
1384652,1384652,1222199201
3122,3122,1222199451
20749,20749,1222199773
10661,3839,1222200212
383,11612,1222200454
3043,20951,1222200566
7516,6583,1222200605
2429,3122,1222201070
15329,7233,1222201342
5640,7952,1222201987
456669,7952,1222202081
4926,14759,1222202466
3850,6984,1222202712
8151,18619,1222203006
12030,14759,1222203789
2361,14749,1222204202
6760,10676,1222204441
3122,3122,1222204832
338,1288,1222204896
9396,1288,1222204898
1288,1288,1222205031
1288,1288,1222205066
10676,10676,1222205131
2915,16777,1222205717
5897,20353,1222206482
12030,21002,1222206634
3050,21160,1222206821
20895,20895,1222206922
738,738,1222206928
13940,16135,1222207175
13368,5486,1222207268
305,21165,1222207690
5486,5486,1222208044
4068,13967,1222208094
5897,21002,1222208147
12030,21002,1222208342
9567,1508,1222208350
20382,4140,1222208541
21002,21002,1222208619
832,4140,1222208679
21002,21002,1222208761
5618,1508,1222208819
1554,3320,1222208917
12030,21002,1222209101
7756,3193,1222209484
16308,6264,1222209564
8722,18037,1222210223
9951,4834,1222210370
9951,14744,1222210507
1508,1508,1222211494
17516,4893,1222211617
7178,428190,1222211623
6414,428190,1222211624
4337,13465,1222212040
4893,13465,1222212044
17624,781,1222212129
8427,13465,1222212162
9143,1508,1222212220
10661,781,1222212441
9567,1508,1222212460
8155,781,1222213240
6827,19912,1222213349
781,781,1222213364
20714,20714,1222213431
8683,4859,1222213586
20714,20714,1222213596
10661,781,1222213615
96,20895,1222213650
20714,20714,1222213693
9809,9809,1222213989
13959,4859,1222214164
20400,19268,1222214197
781,781,1222214263
8220,4859,1222214480
3937,4859,1222214595
3653,10504,1222214664
2590,16881,1222215208
16881,16881,1222215273
13179,8567,1222215727
16724,10520,1222215915
419,12725,1222216000
2820,7831,1222216068
13368,13368,1222216177
1790,3241,1222216373
11138,1765,1222216431
3153,4880,1222216451
1228,16989,1222216469
419,20335,1222216587
6264,6264,1222216608
12725,12725,1222216748
2509,8203,1222217156
305,493,1222217356
18255,21098,1222217468
305,493,1222217565
77,21098,1222217840
1786,5255,1222217885
1765,1765,1222218154
5885,5885,1222218248
13005,338,1222218521
2684,7255,1222218541
149,10088,1222218561
15346,19756,1222218571
8427,338,1222218691
338,338,1222218725
10088,10088,1222218893
8507,20498,1222218916
20335,20335,1222219358
19629,13114,1222219618
4977,1129162,1222219664
6742,21154,1222219793
832,832,1222220147
7944,12926,1222220206
15950,16820,1222220218
20032,16820,1222220324
20032,2486,1222220465
16820,16820,1222220845
1786,13611,1222221212
4200,5056,1222221424
5056,5056,1222221492
13611,13611,1222221655
2684,21315,1222221920
2684,17648,1222221953
1471,6180,1222222389
6180,6180,1222222811
6563,21305,1222222833
6013,13114,1222222988
16292,17693,1222223091
21315,21315,1222223380
2859,20498,1222223482
16292,3182,1222223485
3474,20138,1222224239
11436,21098,1222224416
3561,8203,1222224675
13114,13114,1222225225
13289,21305,1222225429
2109,2648,1222225736
332,10475,1222226190
15578,15884,1222226530
4177,16485,1222226756
8155,19305,1222226898
15578,15884,1222227054
6144,268,1222227098
12682,19689,1222227254
1199234,1199234,1222227451
6154,765,1222227580
6154,765,1222227642
19689,19689,1222227804
5640,21363,1222228049
580,1219,1222228238
852,6386,1222228244
4177,12860,1222228304
5640,14441,1222228458
1471,17076,1222228527
1471,1219,1222228593
4177,46,1222228698
4893,21370,1222228799
5640,14441,1222228799
1471,14441,1222228872
4177,572,1222228902
6386,6386,1222228939
14441,14441,1222229090
3320,3320,1222229123
7831,337,1222229407
1471,14441,1222229630
4092,2185,1222229814
2577,19124,1222229874
3535,6180,1222229890
2577,14441,1222230041
21370,21370,1222230056
20498,20498,1222230265
572,572,1222230397
1200,21290,1222230710
14642,192,1222230812
19912,19912,1222230945
17746,1408,1222230952
10157,13913,1222231122
21290,21290,1222231227
5640,13913,1222231255
1965,10475,1222231401
19435,19214,1222231476
19389,13913,1222232093
1786,16440,1222232257
2974,19214,1222232334
2915,16440,1222232500
3289,16440,1222232896
19435,19912,1222232906
4665,4665,1222233543
13913,13913,1222233676
13913,13913,1222233712
1790,16440,1222233916
4665,4665,1222234313
16724,7819,1222234326
10427,11543,1222234838
5314,1408,1222235353
11543,11543,1222235716
19974,4575,1222236653
13005,11543,1222237682
1915,20766,1222238299
20310,16454,1222238617
1892,20730,1222239335
14026,18259,1222239892
1343,21442,1222240466
15860,2066,1222240734
2066,2066,1222241265
5324,9567,1222241698
3957,1152057,1222242100
26,13055,1222243148
1554,123,1222243261
7116,14164,1222243772
7116,1965,1222244013
16454,16454,1222244046
3776,1965,1222244655
11702,506,1222248520
19741,7545,1222250297
17095,9825,1222250315
9825,9825,1222250455
12707,1965,1222251311
372,9825,1222251383
9825,9825,1222251719
5628,8435,1222253844
781,1909,1222254011
1786,16440,1222254374
4819,4819,1222254459
5113,11034,1222254463
5190,11034,1222255018
14955,21364,1222255060
3957,7623,1222255349
5113,11034,1222256068
2167252,2167252,1222256470
13687,21364,1222256734
14530,440867,1222258208
9815,11034,1222259020
369,1053,1222259071
6309,16769,1222260292
10385,3661,1222260963
3957,3740,1222261753
11830,5023,1222262006
1666,10897,1222263351
6387,20010,1222263958
13097,15124,1222264477
86,15124,1222264842
14979,19521,1222265055
7028,15124,1222265571
832,20010,1222265878
3839,3839,1222266255
6441,14515,1222266336
16800,14515,1222266554
20010,20010,1222266617
1123,1368,1222267125
7028,18619,1222267125
21038,4298,1222267877
17398,19922,1222269699
14262,21544,1222270037
8683,19929,1222270223
3146,11589,1222270388
21364,21364,1222271838
369,11659,1222272713
5190,21575,1222273638
15401,13251,1222273883
11241,8696,1222274047
8696,8696,1222274758
3408,1196,1222275321
1228,1060,1222276434
1060,1060,1222276512
6760,20603,1222277452
15161,10945,1222277487
15393,12514,1222277823
20603,20603,1222278395
11702,12514,1222278633
14122,8456,1222278840
11830,12514,1222279391
21038,4174,1222280556
1666,5978,1222280784
16673,11589,1222280891
4174,4174,1222280998
12030,13967,1222281137
21038,13967,1222281429
2820,21623,1222282851
3122,3122,1222282944
20038,1219,1222283404
1196,14877,1222284002
2976,14877,1222284204
14047,5917,1222284237
12682,11780,1222284270
7675,11780,1222284498
5349,7598,1222284807
15682,11780,1222284860
6091,6091,1222284901
20400,21653,1222286273
8435,8435,1222286542
5380,21653,1222286702
10661,20894,1222287084
3043,1368,1222288264
18782,10475,1222288682
12663,9474,1222288690
542226,8167,1222288815
5640,242644,1222288868
5193,8167,1222288987
2185,2185,1222289932
914,13220,1222290348
4777,3720,1222290628
1471,12514,1222290974
14606,9539,1222291080
1471,13940,1222291085
11698,21648,1222291104
1433,751,1222291544
13220,13220,1222291686
3720,3720,1222292121
18664,18664,1222292232
9236,18664,1222292475
2859,6801,1222292559
2757,6063,1222292664
13940,13940,1222292711
6408,2674,1222292840
6063,6063,1222292888
6408,93438,1222292896
18505,13940,1222293045
1471,13940,1222293127
2894,4880,1222293661
13940,13940,1222293740
21365,21365,1222294132
4880,4880,1222294291
12887,9191,1222294383
12534,19087,1222294515
14065,342,1222294804
2173,9191,1222294895
10661,16398,1222295322
9191,9191,1222295532
18179,6063,1222295733
3208,3208,1222295969
811,3208,1222296017
21299,21299,1222296556
7856,21717,1222297066
5190,13281,1222297255
12895,2731698,1222297330
13281,13281,1222297782
13005,3208,1222297888
2731698,2731698,1222297901
12870,3208,1222299375
3957,2470,1222299438
3295,16977,1222299778
20310,4779,1222299938
19435,14107,1222300441
3446,1100,1222301673
811,21767,1222301886
872,21767,1222301979
14089,21648,1222302321
4494,21767,1222302331
4494,556,1222302396
8167,8167,1222302492
270,20603,1222302641
1163802,2204759,1222302682
12541,13940,1222302795
11995,383,1222303575
1228,21244,1222304119
4893,18702,1222304225
6827,18179,1222304678
10897,10897,1222304754
77,20946,1222305328
18179,18179,1222305839
21318,21318,1222305844
1790,16437,1222306592
3055,13913,1222306595
1200,5056,1222307108
1902010,1797,1222307216
16437,16437,1222307363
122,1190,1222307593
3055,8883,1222307605
10559,7419,1222307795
12702,681,1222307847
3055,11236,1222307941
5056,5056,1222308341
3230,1486,1222308427
1797,1797,1222308446
2233,912,1222308605
18103,8763,1222308637
20946,20946,1222308679
4249,8683,1222308814
8683,8683,1222308840
1902010,1797,1222308918
1450,8683,1222309929
384,1768,1222310970
12682,20198,1222311986
16399,20198,1222312202
20198,20198,1222312478
1790,5412,1222312678
7870,20709,1222312825
96,5412,1222312912
20471,20471,1222313247
4575,7473,1222313744
1797,1797,1222313914
18575,96,1222313976
10311,101,1222314580
11619,16820,1222314882
1960,19074,1222315293
419,21098,1222315823
10661,1747,1222315973
10559,7419,1222316651
9787,6561,1222316863
106,21379,1222316960
16724,11421,1222317855
9787,21098,1222318049
7856,7856,1222318270
9787,6561,1222318580
9414,4489,1222319430
1737,21648,1222319977
1790,5412,1222320239
419,17623,1222320746
1666,21918,1222321180
2199,11421,1222322466
5449,190298,1222322790
4491,4491,1222324010
4893,63235,1222324564
4322,4322,1222324600
1260685,63235,1222324623
10703,14587,1222325262
10703,14587,1222325296
10680,1797,1222325399
2459,21829,1222325439
14587,14587,1222325861
2676,21918,1222326498
4337,678,1222326607
234,6705,1222326900
11830,3957,1222327097
3957,3957,1222327246
4482,17579,1222327985
20805,572,1222328639
19799,63235,1222330163
93,16942,1222330267
9634,422,1222331176
10661,19272,1222331474
419,952,1222331596
14167,422,1222332481
12423,12423,1222332578
4615,422,1222332801
6441,21963,1222332944
556,556,1222333119
410,13940,1222333161
13636,13636,1222333191
14167,21445,1222333396
13940,13940,1222334303
1486,1486,1222334451
14122,107,1222334924
4919,410,1222334984
16076,952,1222336070
12541,13940,1222337325
9345,21963,1222337410
5314,7734,1222337890
1354,1354,1222338057
9940,9435,1222340168
12502,14752,1222342469
5697,15396,1222344328
3560,15161,1222346064
19272,19272,1222346557
11927,757,1222346663
5190,3725,1222347864
364,20819,1222348403
14642,21908,1222350854
2961,11906,1222350958
14860,11193,1222351531
11421,11421,1222351536
832,493,1222351699
2961,18103,1222351826
11421,21768,1222351844
15161,15161,1222352323
9493,2598,1222352973
832,20714,1222353083
11619,2493,1222354653
11815,2528,1222357308
384,2528,1222357408
20819,20819,1222358322
13220,20714,1222359006
2961,6918,1222359163
15809,19127,1222359299
21699,5599,1222361490
1196,11439,1222361857
10661,19272,1222362085
17624,2598,1222363033
2954,4235,1222363734
4235,4235,1222364680
14026,16371,1222364698
19863,11801,1222365792
5190,1448,1222366632
2208,4235,1222367907
11236,11236,1222368402
1830,1448,1222368447
15955,4235,1222368468
15627,2964,1222369284
6918,6918,1222370240
2820,19863,1222370761
2757,3208,1222371206
3208,3208,1222371354
4893,2767300,1222372084
16881,16881,1222372094
16673,3208,1222372236
4893,2767300,1222372242
11347,8026,1222372539
4285,2686,1222373010
3655,2773,1222373200
384,6624,1222373585
372,15161,1222373858
12423,12423,1222373971
8026,8026,1222374140
12267,1448,1222374363
14728,14728,1222374921
2820,19024,1222375467
3201,3404,1222375500
2820,1223,1222375586
16673,13967,1222376466
18146,18334,1222376479
15534,4869,1222377053
16724,11421,1222377125
16076,7668,1222377224
15950,20907,1222377228
8220,4869,1222377275
1659,4869,1222377304
4066,8167,1222377806
4066,8167,1222377871
3379,1915,1222377974
3289,1736,1222378030
2173,1223,1222378084
1968,8167,1222378085
13005,8167,1222378197
8562,21245,1222378364
13005,8167,1222378556
15809,4491,1222378694
14606,21245,1222378999
4491,4491,1222379151
13139,146,1222380360
16881,21807,1222380440
13005,8167,1222380561
18893,12448,1222380599
5640,12226,1222380659
832,21807,1222380917
7116,21807,1222381119
1968,8167,1222381176
12534,18334,1222381298
7856,13337,1222381852
1554,797,1222382057
2102,19024,1222382600
6386,11898,1222382671
1450,20711,1222382821
11898,11898,1222382827
5640,11898,1222382834
5640,11898,1222382866
11898,11898,1222382958
5640,11898,1222383063
20400,4279,1222383541
1471,4279,1222383764
20400,4279,1222383848
5640,681,1222384067
3043,15541,1222384761
16724,6350,1222384825
5640,15541,1222384935
5812,2135219,1222385069
15541,15541,1222385136
13251,13251,1222385139
5640,80,1222385847
80,80,1222386024
5266,21716,1222386436
14089,1175,1222386855
6742,672,1222386941
5987,1175,1222387368
149,1965628,1222387831
17160,1566663,1222388121
1175,1175,1222388156
7856,1795,1222388528
5987,1175,1222388854
8151,80,1222389149
4857,16135,1222389294
8505,4770,1222389400
8167,8167,1222389536
6742,20737,1222389603
8155,8664,1222389801
6742,20737,1222389845
7668,7668,1222390070
419,9293,1222390217
21807,21807,1222390366
1354,17230,1222390456
9293,9293,1222390614
11421,11421,1222390980
14065,9236,1222391020
20737,20737,1222391122
19756,19756,1222391270
3043,4964,1222391810
5380,17744,1222392079
21318,21586,1222392129
14167,2759,1222392221
12711,22187,1222392921
4068,13967,1222393042
13913,4140,1222393051
7671,13143,1222393314
18103,8913,1222393611
4279,4279,1222393707
11911,4140,1222394510
5314,19074,1222394528
4140,4140,1222394756
21038,21965,1222396215
16398,681,1222396248
2859,144,1222397253
15152,1782,1222397277
7724,30018,1222397449
681,681,1222397809
2284,100,1222398002
11181,4223,1222398064
14089,15369,1222398342
326,6133,1222398371
1790,337,1222398754
54420,54420,1222399295
5379,19268,1222399479
3937,19268,1222399514
337,337,1222399585
157,1463,1222399629
2469,1463,1222399728
12502,1463,1222399756
1666,16777,1222399836
16314,9236,1222399861
1666,16777,1222399933
4843,15396,1222400378
4140,2012356,1222400481
1471,18446,1222400757
17624,14028,1222400897
16363,16363,1222401021
3655,2387,1222401094
16135,16135,1222401168
12765,8683,1222401191
3043,54420,1222401191
1220,8683,1222401371
4964,4964,1222401721
9493,18446,1222402088
2954,73794,1222402277
13930,20134,1222402497
15860,7872,1222402507
2954,7442,1222402632
8683,8683,1222403007
7872,7872,1222403500
2766176,7598,1222403515
16820,16820,1222403794
2976,8178,1222404350
4761,1,1222405192
1133,1133,1222405618
18907,18907,1222405669
369,8768,1222406074
5640,1343,1222407791
3381,7595,1222407962
2974,1343,1222408068
1343,1343,1222408193
615,6359,1222408287
4642,1343,1222408416
16724,4459,1222408531
6359,6359,1222408577
16942,3661,1222409374
92,18866,1222409875
615,6359,1222409909
6359,6359,1222410131
3661,3661,1222410267
4853,781,1222410679
615,6359,1222410851
144,144,1222410914
781,781,1222410939
5295,5295,1222412286
14569,12048,1222413517
5697,5697,1222414050
781,11577,1222414284
2648,22365,1222414586
13,11577,1222414718
13005,11577,1222414845
10559,2976,1222415010
327,21482,1222415149
2859,5261,1222415292
2541,21238,1222415295
327,2976,1222415403
2976,2976,1222416858
2820,22187,1222417643
781,493,1222417972
5836,22471,1222417994
1659,493,1222418038
5697,9825,1222418617
2820,1223,1222418689
4926,20010,1222418727
7154,658,1222419234
9634,658,1222419248
811,22471,1222419272
18866,18866,1222419583
658,658,1222419823
5640,781,1222422302
781,781,1222422362
5640,781,1222422399
10862,781,1222422495
781,781,1222422601
781,781,1222422660
1554,781,1222422830
781,781,1222422923
781,781,1222422980
10026,3279,1222423013
1554,781,1222423018
3279,3279,1222423255
2477,22511,1222423869
29,29,1222423900
2477,10759,1222423990
5640,10759,1222424105
14028,14028,1222424602
20654,20654,1222424918
5640,1695,1222425003
11830,20654,1222425323
10026,3279,1222425898
14065,9825,1222426639
20654,1965,1222426978
12682,3740,1222427461
3740,3740,1222427511
20654,20654,1222427578
26,2012356,1222428002
13990,22301,1222429028
9634,22535,1222429716
12356,22535,1222430272
1666,22423,1222430743
9634,22535,1222431172
372,22535,1222431553
21930,21930,1222433049
11830,873,1222434007
20714,20714,1222434095
10174,9731,1222434305
11374,1909,1222435214
21586,21586,1222435840
61,13713,1222435952
14642,9251,1222437678
5745,7345,1222440984
3957,55,1222441499
3050,10080,1222441607
3182,10759,1222441790
10080,10080,1222441825
20796,7345,1222441938
3153,13967,1222442364
7837,22162,1222442617
15369,13967,1222443061
1659,16942,1222443077
17624,14028,1222443446
6739,1681,1222443919
2309,17085,1222444125
21005,2238,1222444279
2660,20703,1222444339
3305,7567,1222444749
14642,13967,1222445683
15459,17121,1222445896
2820,1555170,1222446742
7724,4872,1222446856
1555170,1555170,1222447078
10786,14777,1222447259
4918,11234,1222448056
15369,15369,1222448374
14026,2192,1222448440
10661,11989,1222449277
7724,1830,1222449590
9567,22610,1222449632
446104,22623,1222449886
13,48281,1222450204
48281,48281,1222450426
14065,20317,1222450483
11834,48281,1222450810
13,48281,1222450862
7512,781,1222451424
45603,48281,1222451451
17398,17398,1222451476
9825,9825,1222451805
48281,48281,1222452062
3897,14777,1222452392
1228,17398,1222452398
7724,48281,1222452701
11830,11234,1222452936
45603,48281,1222453278
7724,48281,1222453458
7724,48281,1222453497
373112,373112,1222453612
16673,6335,1222453765
7724,18666,1222454225
1830,1830,1222456043
6742,2756,1222456304
12829,9825,1222456316
960,781,1222456430
20038,22351,1222457464
18771,1768,1222458580
6568,73794,1222458681
12091,3834,1222458944
507,20520,1222458975
1768,1768,1222459359
4893,11384,1222459571
3834,3834,1222459941
14532,17560,1222460280
5946,3834,1222460314
1968,6841,1222460792
3743,17560,1222461506
10703,4761,1222461955
3171,6742,1222462475
9632,1830,1222462962
672,672,1222462992
7595,16511,1222463804
17028,13713,1222464032
14642,3863,1222464283
419,22710,1222464361
1228,22699,1222464747
419,2577,1222464878
18821,22710,1222465137
22719,22719,1222465944
1228,5469,1222466068
22719,22719,1222466352
9236,9236,1222466522
20038,16035,1222466595
22656,20483,1222466918
1219,634,1222467135
13531,16399,1222467155
4068,11547,1222467596
1450,22735,1222467845
1337,8913,1222467852
7644,22735,1222468194
5640,22735,1222468314
872,16292,1222468400
18333,18891,1222468558
1790,10352,1222469001
8251,16044,1222469272
12646,12646,1222469375
18037,22247,1222469390
12646,12646,1222469462
5109,16044,1222469574
18179,6349,1222469593
3743,8754,1222470453
1337,293,1222470585
1337,11545,1222470659
1337,270,1222470700
12356,17847,1222470803
4761,4761,1222471045
811,21030,1222471104
8754,8754,1222471146
5640,8754,1222471282
48281,48281,1222471591
7724,16440,1222471690
13253,3150,1222471757
3043,730,1222472129
8718,7625,1222472131
8718,7625,1222472166
7756,1199234,1222472537
1790,17916,1222473474
5599,14777,1222473541
20483,20483,1222473666
21640,14032,1222474054
7595,7595,1222474521
5640,22735,1222474689
14065,9731,1222474847
2894,22735,1222474850
13713,13713,1222474901
5640,2415,1222475011
3208,3208,1222475043
1471,9731,1222475243
2541,16440,1222475382
5640,22735,1222475700
7756,14732,1222475801
5640,1766771,1222476765
14732,14732,1222476923
12887,1766771,1222477466
1790,6153,1222477539
1790,1965,1222477857
12579,6153,1222478264
14167,1766771,1222478326
872,13154,1222478353
22468,6153,1222478707
14569,8256,1222478910
6372,8256,1222478951
7595,14731,1222479008
8256,8256,1222479246
305,19226,1222479283
1337,19784,1222479289
6153,6153,1222479345
1790,6153,1222479659
1790,6153,1222479798
6153,6153,1222479952
811,3957,1222479993
3631,13688,1222480025
10174,3957,1222480361
13688,13688,1222480943
7122,20256,1222480957
5640,20256,1222480979
12682,5261,1222481371
15541,230,1222482030
22748,287,1222482827
9787,3155,1222482934
1811,11574,1222483006
9787,146,1222483157
7093,18049,1222483212
1471,18049,1222483337
18049,18049,1222483394
4918,122,1222483780
15842,277,1222483915
3743,3757,1222484042
1199,1179,1222484077
22445,1179,1222484253
1179,1179,1222484516
1438,18049,1222484534
1228,5507,1222484595
20310,13812,1222485470
5696608,18891,1222485471
3957,3957,1222485575
5487,14048,1222485584
122,122,1222486018
13959,20132,1222486536
9647,751,1222486564
1830,1830,1222486713
9361,751,1222486715
751,751,1222486719
12631,9960,1222487090
7122,9960,1222487375
48281,751,1222487746
14089,19719,1222487863
20132,20132,1222488149
872,22781,1222488464
18901,12887,1222488537
22781,22781,1222489077
16724,6545,1222489383
17516,4521,1222490930
4690,1310,1222491713
811,15721,1222491974
9304,751,1222492596
893,3747,1222492738
3747,3747,1222492883
22445,20578,1222493373
1790,337,1222493577
5897,109,1222493585
109,109,1222494363
5897,109,1222495026
909,109,1222495446
8999,3081,1222495720
10897,1448,1222497458
372,20131,1222497606
13930,4916,1222497615
419,1547,1222497714
14262,20131,1222497758
20310,9585,1222498168
811,20131,1222498693
80,80,1222498848
419,4916,1222499248
20131,20131,1222499696
17086,886,1222500250
18552,3740,1222500595
12502,1862,1222503978
419,80,1222504123
893,1862,1222504193
109,109,1222504283
12293,4200,1222505522
16076,2915,1222505661
8427,22802,1222506622
419,20256,1222506908
419,1969,1222507428
17787,1862,1222508269
17160,5442,1222508283
20625,1862,1222508504
1695,609,1222509203
6034,22827,1222511442
16942,16942,1222513558
1790,3153,1222513996
3153,3153,1222514106
2773,2773,1222514690
4919,16082,1222514883
4362,6329,1222517039
9585,9585,1222517368
17495,22535,1222518015
17028,4481,1222518284
17495,22535,1222518569
8155,18321,1222519453
10495,21734,1222520075
4916,4916,1222520716
4916,4916,1222520779
13,1666,1222520959
1666,1666,1222521171
3305,1666,1222522762
6329,6329,1222523079
4997,19224,1222523341
1196,11525,1222523548
1666,1666,1222524455
3055,1630,1222525171
1630,1630,1222525355
19939,3484,1222526981
11525,11525,1222529629
7028,370899,1222531389
2827,751,1222531701
13209,370899,1222532043
22827,22827,1222537198
886,886,1222539404
13005,17339,1222541546
10174,270,1222546799
20363,22539,1222548286
20363,148,1222549454
148,148,1222549562
7116,6752,1222550511
4893,270,1222551772
2859,18606,1222552642
18179,2915,1222552700
5190,13913,1222552984
18179,13913,1222553119
13913,13913,1222553163
419,658,1222553306
18179,13913,1222553469
658,658,1222553607
13913,13913,1222553682
18179,13913,1222553845
18296,22996,1222554101
2859,2976,1222554485
11898,5022,1222554653
2574,5022,1222554945
5022,5022,1222555069
5022,5022,1222555152
5190,11963,1222556007
11963,11963,1222556211
13913,13913,1222557587
11687,21788,1222558088
14092,886,1222558383
16387,16387,1222559948
2147,4834,1222559961
19717,18413,1222561297
11992,11992,1222561669
19717,18246,1222563021
10661,6688,1222564144
16387,16387,1222564842
18175,3208,1222565519
14065,18623,1222565682
18552,22273,1222567863
22273,22273,1222568411
18233,578,1222569647
5640,10344,1222570058
18246,18246,1222570058
9530,10344,1222570127
11522,11621,1222571866
11052,8091,1222572157
18623,18623,1222574778
3208,5021,1222578612
3474,543,1222578613
13744,1946,1222581365
886,886,1222581709
17086,886,1222582812
6752,6752,1222583630
1965,23089,1222585431
14089,23084,1222586116
14089,23084,1222586321
14057,10433,1222589185
4068,23087,1222590695
23087,23087,1222591103
5314,1615,1222594474
4482,1615,1222594573
11138,157,1222595160
23126,23126,1222597161
1879,3279,1222597567
1879,3279,1222597600
3279,3279,1222597831
1879,3279,1222597929
3279,3279,1222598253
3153,23126,1222598364
3560,3176,1222598482
157,157,1222598558
157,157,1222598602
10897,18658,1222601582
10344,10344,1222601677
15004,1615,1222602001
5190,19784,1222606067
10344,10344,1222606513
7756,23149,1222611215
4462,3661,1222611524
23149,23149,1222611550
20023,3661,1222612517
9853,22016,1222614220
15572,195,1222617697
12631,9425,1222619763
714,23113,1222619878
14089,22807,1222621175
5472,195,1222622156
14089,22827,1222622774
5472,113670,1222623213
9567,3834,1222623816
3834,3834,1222624383
1084,22654,1222624445
7028,195,1222624786
9567,3834,1222624947
18753,10589,1222629472
10589,10589,1222629547
21234,23173,1222631639
12631,10589,1222633284
7116,3584,1222634006
298,298,1222635289
9425,9425,1222635806
8786,8786,1222636634
7529,7529,1222638214
8297,22634,1222638503
7724,637,1222638707
21244,21244,1222640706
21234,1965,1222641052
1965,1965,1222641267
18061,8786,1222641706
14606,22273,1222642361
7116,13227,1222642446
12631,19661,1222642454
419,11000,1222644011
419,19661,1222644195
10897,18687,1222644855
11138,18687,1222645054
11138,8786,1222645129
7116,18687,1222645196
12502,3314,1222645222
8786,8786,1222645817
8786,8786,1222645850
1690,20067,1222646646
23072,8786,1222646819
8786,8786,1222647488
14642,20900,1222650005
15955,9087,1222650475
4965,9087,1222651178
16724,11612,1222652049
16724,11612,1222652383
13368,1862,1222652828
14569,1862,1222653063
234,18529,1222655920
20578,20578,1222656940
277,277,1222657635
3560,19207,1222657930
12908,20483,1222658292
18687,18687,1222658933
21234,2484,1222659075
11000,11000,1222659175
18061,2484,1222659604
7116,11574,1222660138
2434,16204,1222661447
20363,1231,1222661850
3542,4998,1222661862
1231,1231,1222662418
7116,19207,1222662506
20483,20483,1222663476
20363,1231,1222663513
1231,1231,1222663540
22748,4998,1222663757
1231,1231,1222664066
5190,4998,1222664108
22748,18623,1222664619
9787,9328,1222664784
22748,18623,1222664810
811,14788,1222665244
16724,15352,1222668865
419,23280,1222670969
419,15985,1222671479
5298,1467,1222672748
2859,20483,1222672956
2859,393028,1222675550
9021,393028,1222676314
2859,23306,1222676778
11181,7483,1222676871
10897,18658,1222676879
2859,14731,1222676895
2859,137,1222677532
14731,14731,1222677630
369,1343,1222678088
2859,14731,1222678472
18941,10661,1222678966
14731,14731,1222679130
10661,10661,1222679526
10661,10661,1222679557
17862,2820,1222679624
3081,3081,1222679773
12502,1736,1222680522
1553,15124,1222680570
14167,16220,1222681889
16220,16220,1222682179
21239,21963,1222683922
14569,2147,1222683932
15124,5963,1222684781
13,5963,1222685024
13,5963,1222685055
13,5963,1222685257
2134,1343,1222685886
4482,22162,1222686018
1337,17389,1222686025
372,22162,1222686047
17744,1228,1222686121
4482,22162,1222686215
1343,1343,1222686665
21647,1615,1222687687
5697,2976,1222688715
2976,2976,1222689095
21647,15124,1222689319
1666,3657,1222691556
1666,3657,1222691588
16076,9107,1222692049
21734,20132,1222693037
1695,9431,1222695148
9401,5133,1222696057
3146,451867,1222696221
2134,393028,1222696276
5504,6879,1222698696
23280,23280,1222699206
5190,10583,1222699310
5190,10583,1222699440
9107,9107,1222701085
20363,3851,1222702080
19939,22076,1222702561
11815,7362,1222702753
2859,17147,1222702957
2976,2976,1222703158
11572,2147,1222703700
22076,22076,1222705282
6521,13220,1222706607
1450,17708,1222706991
10661,11674,1222708122
1060,6266,1222709282
6508,986,1222709559
19939,22076,1222709697
6508,986,1222710359
893,22061,1222710929
1450,14026,1222711247
30,22061,1222711304
2859,16139,1222711547
2859,14026,1222712027
2859,14026,1222712149
14788,14788,1222712230
369,17378,1222712359
22076,22076,1222712442
993,6742,1222714467
13,22764,1222715380
2812,17378,1222715488
1615,14026,1222715589
16724,20986,1222715625
22673,23423,1222715984
5190,23423,1222716019
10661,6621,1222716476
23423,23423,1222716596
11802,11802,1222716614
1577190,23423,1222716953
9438,23423,1222717246
23423,23423,1222717251
2309,15255,1222717712
2599,2599,1222717754
15255,15255,1222717990
17378,17378,1222719338
7028,11989,1222719428
5963,23435,1222719606
2859,21239,1222719820
18255,13565,1222719942
17174,13565,1222720358
2973,6350,1222721537
12252,379419,1222721597
15541,17091,1222721606
12252,379419,1222721629
23354,17091,1222721698
21239,21239,1222721952
4482,3834,1222722039
379419,379419,1222722057
17091,17091,1222722074
13341,13341,1222722207
23354,17091,1222722322
4482,1765,1222722494
4482,1765,1222722821
10661,6618,1222722842
1765,1765,1222723055
18941,23461,1222723370
13913,23461,1222723392
6583,23461,1222723659
14731,14731,1222723817
9269,2455,1222724102
7028,4323,1222725705
10235,6912,1222725710
14569,1862,1222725762
17160,22306,1222725845
12908,6912,1222725924
6912,6912,1222726263
14642,3086,1222726718
4482,437,1222726766
3314,3314,1222727094
3086,3086,1222727196
14642,4495,1222727380
1450,23486,1222728377
23486,23486,1222728548
1228,1228,1222728649
1450,23486,1222728848
15541,795,1222729923
2859,795,1222729993
1747,1747,1222730440
14642,795,1222730635
7261,6350,1222730798
2509,2841,1222731390
2827,12979,1222732370
5486,6350,1222732487
11830,20630,1222732488
12979,12979,1222732677
12979,12979,1222732898
14065,20986,1222733172
18914,12979,1222733215
1081,1081,1222733644
2841,2841,1222734321
3435,3435,1222735422
16084,20748,1222735517
8236,20748,1222735916
14569,572,1222736212
572,572,1222736307
16035,572,1222736415
9611,5642,1222736453
15352,8819,1222736616
13913,7839,1222736705
7839,7839,1222736825
2509,2841,1222736994
16035,7839,1222737050
6350,6350,1222737094
3051,3477,1222737183
6350,6350,1222737184
7028,3477,1222737393
15880,1574,1222738833
15880,1574,1222739294
5891,9077,1222739386
619,422,1222739546
22273,16279,1222739888
1611,23249,1222740094
20748,20748,1222740482
14089,18623,1222740767
12711,22381,1222741302
18986,16562,1222741307
20986,20986,1222741308
1666,2608,1222741460
15161,572,1222741668
11356,2608,1222742274
419,20483,1222743279
20483,20483,1222743618
4219,2114,1222743860
6309,7206,1222744098
419,20483,1222744303
1337,17378,1222744482
1554,2608,1222745201
14089,16220,1222745303
21258,437,1222745344
15352,15352,1222745386
20363,208,1222746163
16724,15352,1222746253
714,23498,1222747075
14167,17337,1222747079
15352,15352,1222747228
13209,452521,1222747251
8435,452521,1222747262
17337,17337,1222747348
21234,270,1222747617
208,208,1222747720
13958,16511,1222748008
9940,5831,1222748184
14167,17337,1222748253
2287,16511,1222748511
452521,452521,1222748536
3978,2012356,1222748787
13209,2012356,1222748879
2012356,2012356,1222748887
4405,2012356,1222748925
13209,2012356,1222748956
4913,16511,1222748962
23498,23498,1222749081
16511,16511,1222749110
270,270,1222749685
19678,19678,1222749856
20363,2192,1222750322
1554,17091,1222750392
20178,2192,1222750520
419,13954,1222750942
17174,7952,1222750957
2192,2192,1222751040
1960,7952,1222751287
7625,7206,1222751795
23512,80,1222752169
13954,13954,1222752181
2673770,7644,1222752416
18248,14606,1222752884
8505,14606,1222753103
3880,16299,1222753167
369,11574,1222753175
332,16511,1222753187
615,14606,1222753338
17174,17174,1222753373
18338,14131,1222753397
16299,16299,1222753572
3389,16299,1222753613
8505,14606,1222753697
14131,14131,1222753750
615,14606,1222753770
80,80,1222754062
2590,13989,1222754089
1,20946,1222754802
7952,7952,1222755284
21258,19718,1222755455
2147,2147,1222755703
9955,9955,1222755815
18338,9955,1222756626
2147,45,1222756926
16299,16299,1222757236
9955,9955,1222757270
16204,23610,1222757576
6161,12975,1222757883
12975,12975,1222758150
19467,12975,1222758298
12975,12975,1222758619
12975,12975,1222758653
18623,18623,1222759522
16299,14752,1222759923
3834,3834,1222760960
8026,17145,1222761134
5619,9825,1222761216
1659,6621,1222761557
14569,1659,1222761591
16299,556,1222762401
14569,10116,1222762451
9825,9825,1222762556
6349,4883,1222762762
122,4883,1222763779
13209,10116,1222763979
20164,17145,1222764346
14606,14606,1222764483
1695,8505,1222764573
811,1659,1222764615
5114,10116,1222764740
714,23498,1222765032
7919,422,1222766003
419,9825,1222770328
18338,11814,1222770846
14026,14026,1222771206
11388,10309,1222772402
9440,15088,1222773161
15088,15088,1222773775
419,10676,1222774249
3153,3153,1222775120
1196,3153,1222775456
5619,3834,1222775942
1196,3153,1222776375
23373,23373,1222776512
12476,369,1222777078
2321,2321,1222777175
5897,16299,1222777265
9799,17145,1222777814
369,369,1222778450
11138,11052,1222778454
11138,11052,1222778546
11052,11052,1222778659
17205,16925,1222779087
15168,23146,1222780337
9853,13428,1222780860
23146,23146,1222780956
9853,23681,1222781115
13428,13428,1222781118
5190,13428,1222782546
11138,20630,1222782657
11410,4192,1222782724
11138,11886,1222782801
7524,21716,1222782946
3834,3834,1222782955
16139,16139,1222783486
422,422,1222783901
11438,7021,1222784202
17516,19678,1222784509
231,17495,1222785251
3560,3146,1222785281
10585,7021,1222785476
22470,22470,1222785985
7028,3153,1222786236
2670,450206,1222787201
14642,20877,1222787321
17516,4665,1222787417
11449,22470,1222787445
486,6618,1222788999
6521,22470,1222789040
20946,20946,1222789065
486,18722,1222789223
6618,6618,1222789444
7211,7211,1222789740
20946,20946,1222790137
11333,11333,1222790419
14642,12311,1222790537
16035,23726,1222790776
17222,17222,1222790916
7021,7021,1222791420
914,23702,1222791479
15459,7021,1222792156
9825,9825,1222792633
7021,7021,1222792645
3588,12067,1222792830
12195,11289,1222793054
7211,7952,1222793239
10583,10583,1222793470
10583,10583,1222793581
23702,23702,1222794304
11449,2019426,1222794583
2019426,2019426,1222794836
1659,1659,1222796877
7028,22100,1222798619
2820,22100,1222798785
2820,22100,1222798924
6152,5324,1222799095
2964,11886,1222799319
11814,11814,1222799724
3153,3153,1222800416
6621,6621,1222800511
7862,11114,1222800738
3050,11114,1222800794
19678,19678,1222801064
9425,11114,1222801160
1968,11114,1222801572
936,11114,1222802065
2947,976,1222803474
3347,22162,1222804353
4482,23297,1222804853
2947,22162,1222805061
1119,6618,1222805360
7756,5504,1222805835
6899,14753,1222806092
149,23297,1222806252
18922,23297,1222806441
13087,392,1222807131
5469,2757,1222807137
13531,14788,1222807341
15541,4481,1222807545
3153,3153,1222807615
7028,5946,1222807666
22211,3798,1222807672
18702,8776,1222808552
8458,8776,1222808616
2208,8776,1222809094
11815,20630,1222810057
3798,3798,1222810071
9516,9516,1222810215
14167,2623,1222810251
20630,20630,1222810267
8297,8776,1222810383
7418,8776,1222810974
2623,2623,1222811032
7418,8776,1222811062
11897,16542,1222811644
18907,17749,1222812005
11449,8776,1222812276
17749,17749,1222812425
12711,6799,1222812439
20363,1484,1222812440
15329,13990,1222812489
7516,5954,1222812612
17729,5954,1222812733
8026,17145,1222812908
3201,10710,1222812939
9345,1048,1222813328
22371,17382,1222813480
7028,8173,1222814296
2233,2233,1222814474
12711,17174,1222814507
2233,2233,1222814624
1337,3839,1222814731
18413,8173,1222814746
7028,5189,1222814954
4913,742,1222815089
2577,3854,1222815272
10661,473,1222815360
1450,18722,1222815389
7211,2515,1222815430
19998,17749,1222815462
15069,8040,1222815506
811,2233,1222815640
3535708,3535708,1222815992
2233,2233,1222816311
5946,5946,1222816417
11559,5234,1222816480
6013,21728,1222817547
19704,4244,1222817891
21728,21728,1222818004
18179,23458,1222818005
3295,21234,1222818259
10710,10710,1222818326
2385,5486,1222818653
13368,13368,1222818739
5189,5189,1222818770
811,4525,1222819873
60,5234,1222820706
2820,17744,1222821184
7028,17744,1222821425
3394,17744,1222821529
18771,2484,1222821609
4337,4489,1222821733
19435,7894,1222821733
7028,1753,1222821739
9660,7952,1222821816
4489,4489,1222821876
1753,1753,1222821880
2109,1753,1222822162
14642,3208,1222822369
10026,21234,1222822458
5640,3208,1222822465
590,1753,1222822470
3394,17744,1222822574
19435,4489,1222822594
7028,1753,1222822709
23498,23498,1222822795
4489,4489,1222822987
1753,1753,1222822989
7028,1753,1222823177
3381,4140,1222823299
9396,5653,1222823565
2820,17744,1222823702
9269,22083,1222823745
5653,5653,1222823805
5653,5653,1222823838
17744,17744,1222823991
739,9304,1222824901
3394,17744,1222824972
9304,9304,1222825096
536,1490,1222825123
1753,1753,1222825702
4525,4525,1222825799
17744,17744,1222825996
21234,21234,1222827074
7671,23669,1222827333
13295,9815,1222827372
4337,23893,1222827426
11289,11289,1222827774
18511,23669,1222827986
384,19802,1222828030
3850,20310,1222828288
19435,4489,1222828425
15816,5653,1222828552
3800,8345,1222828727
20310,20310,1222828810
2635682,5653,1222829055
384,414107,1222829391
17834,5653,1222829464
3850,3834,1222829509
13744,1228,1222829848
3850,20310,1222830776
13051,18170,1222830849
1471,4668,1222831190
7724,2608,1222831341
18170,18170,1222831716
14033,17145,1222832137
8345,8345,1222832789
13279,23597,1222833128
8505,3043,1222833290
7093,23598,1222834238
20654,5469,1222834304
20654,5469,1222834368
17624,20310,1222834623
12195,11289,1222834898
13913,5932,1222835029
12195,11289,1222835619
18931,5469,1222836168
9254,17235,1222837756
1577190,23845,1222838165
17235,17235,1222838303
8026,3295,1222839003
10601,4790,1222839284
7028,1753,1222839719
3850,17663,1222839803
1960,11829,1222840105
4790,4790,1222840122
17174,17174,1222840219
1144,9345,1222842227
781,4140,1222842231
419,11937,1222842246
4140,4140,1222842390
13958,13958,1222842391
1075,4140,1222842426
2170,7104,1222842965
1133,3047,1222843046
7028,8976,1222844200
4279,8913,1222844427
813,23976,1222845382
14167,15955,1222845566
7595,17744,1222845822
7831,7831,1222846078
15955,15955,1222846212
12502,493,1222847045
493,493,1222847231
23732,15955,1222847394
699,637,1222847446
8236,637,1222847631
23976,23976,1222847700
234,18768,1222848275
16524,270,1222848573
10750,11577,1222850902
9021,136,1222852300
4893,2767300,1222854007
3566,10224,1222854120
14842,14842,1222854125
2859,11577,1222855857
17205,2623,1222856142
2859,1693,1222856233
9345,9345,1222857969
23501,12386,1222859279
6742,6742,1222859750
12502,493,1222860157
5897,24017,1222864111
1726,9345,1222866267
11421,19929,1222868102
3146,3146,1222868199
14955,3576,1222870771
3146,4279,1222870774
4279,4279,1222871437
22748,4279,1222871550
21234,3122,1222872019
4279,4279,1222872094
2900,985,1222872466
2670,3122,1222872636
15475,17222,1222872886
14026,14026,1222874033
17624,985,1222874965
486,6618,1222875120
21716,21716,1222875150
20400,21459,1222876495
1695,5351,1222877136
22656,5351,1222877491
3295,3295,1222877555
1695,5351,1222877668
22673,7894,1222878612
23154,9941,1222880960
7724,9611,1222881527
7437,2592,1222881882
2592,2592,1222882374
7437,2592,1222883273
16193,3333,1222883621
14642,20335,1222886264
2105,3747,1222886337
3747,3747,1222886574
6899,22810,1222887721
20363,2385,1222888134
1116,9358,1222888284
2385,2385,1222888698
20335,20335,1222889688
7050,9358,1222889709
6726,4275,1222889913
21234,10466,1222890014
305,4275,1222890134
3122,3122,1222890563
15541,6621,1222890936
21234,18856,1222891552
4279,9941,1222891961
9360,4318,1222892112
20363,11619,1222892168
1753,1753,1222892334
11619,11619,1222892506
1147,11619,1222892773
8049,15555,1222893462
20703,11619,1222894036
15555,15555,1222894966
13673,974,1222896031
2173,6128,1222896213
17712,3499,1222897314
9345,9345,1222897402
6827,5563,1222897409
3047,3047,1222897561
1875,5563,1222898042
6528,8534,1222898175
16724,3657,1222898330
2902,974,1222898641
22294,5640,1222898781
5640,2197,1222899505
14569,22216,1222899780
21038,2197,1222899839
24173,24173,1222899957
2284,24177,1222900200
13430,157,1222900349
16035,96,1222900461
419,750,1222900519
5190,750,1222900565
16035,157,1222900710
6568,6266,1222901415
1070,12252,1222901730
1747,5640,1222902250
14065,22040,1222902777
14606,24126,1222902911
11815,24109,1222903007
8167,9217,1222903016
9217,9217,1222904104
1786,24209,1222904476
122,23297,1222904794
430,22216,1222904899
11898,20229,1222905053
15541,2138,1222905262
1471,2138,1222905494
12870,1151280,1222906049
18745,2592,1222906758
11206,15472,1222906977
10893,11989,1222907015
18511,2138,1222907282
11989,11989,1222907343
2258,194,1222907775
572,1129162,1222907808
1129162,1129162,1222908114
4279,6266,1222908370
572,572,1222908430
572,1129162,1222908477
2859,572,1222908525
194,194,1222908530
15472,15472,1222908773
5963,8264,1222909624
11619,11619,1222909755
2608,974,1222910052
3518,2974,1222910125
19678,22621,1222910294
12267,11577,1222910719
13051,2147,1222911186
332,2147,1222911643
1875,23909,1222911862
23283,17693,1222911864
14048,2147,1222912035
4872,4872,1222912116
2173,5509,1222912172
5509,5509,1222912373
1471,5509,1222912511
5509,5509,1222912791
10661,5509,1222912797
10466,10466,1222912841
2147,2147,1222912974
414107,414107,1222912986
13313,17209,1222913021
4257,5509,1222913810
21126,12037,1222914040
17712,7473,1222914646
23909,23909,1222915191
20703,11619,1222915708
14167,2153,1222916426
2153,2153,1222916849
10661,2153,1222917252
149,6486,1222917352
3029,22763,1222917795
16039,2274,1222917843
14167,2153,1222918334
2153,2153,1222918874
13087,2361,1222919441
6897,2535,1222919978
15903,15903,1222920008
11989,2535,1222920255
6897,2535,1222920575
2535,2535,1222920693
9991,2535,1222920843
5469,2535,1222920908
6897,2535,1222921001
5469,2535,1222921106
6897,2535,1222921193
6897,2535,1222921246
5469,2535,1222921323
6897,2535,1222921373
5469,2535,1222921419
6897,2535,1222921476
5469,2535,1222921526
6897,2535,1222921564
781,781,1222921760
3394,781,1222921917
13183,24174,1222922077
17847,17287,1222922407
2199,24291,1222922713
3518,12386,1222923280
9647,22523,1222923419
1278,12386,1222923877
5619,1414,1222923927
9940,12386,1222924440
9686,2820,1222924505
9360,9360,1222924612
14569,12386,1222924638
8505,12386,1222924794
2820,2820,1222924867
10396,12386,1222925368
1414,1414,1222925390
714,12386,1222925492
23020,9617,1222925514
20459,78561,1222925560
4525,12386,1222925627
5472,1965,1222925703
4337,1965,1222925838
1666,23072,1222926057
1577190,12386,1222926075
23072,23072,1222926163
3957,392,1222926970
5472,1965,1222927065
5008,23149,1222927986
11289,14167,1222928833
21640,12386,1222928834
9617,9617,1222928935
17847,2601671,1222928994
13209,1989,1222930125
234,2242,1222931262
1989,1989,1222931386
7856,21963,1222932665
2757,21963,1222932883
2147,10774,1222932909
21963,21963,1222932978
10661,10774,1222933790
11173,21804,1222936613
2230,392,1222937390
9021,8643,1222941342
10991,392,1222942311
10875,23405,1222943102
14606,4797,1222943264
1960,1599,1222943383
372,8643,1222944076
15537,672,1222946857
9365,21788,1222948824
13,1692070,1222951065
45603,8643,1222952730
372,23988,1222954014
6014,10557,1222954549
17312,8643,1222956173
12502,15360,1222956542
21038,22970,1222958157
372,7028,1222958755
15475,23341,1222959261
20310,278,1222960230
11253,20471,1222961449
14026,7280,1222961572
6309,14637,1222962648
15541,22062,1222967290
3201,17934,1222968388
1601,3609,1222968694
6414,19468,1222969463
21709,4820,1222969514
278,278,1222969743
1577190,4820,1222969827
19468,19468,1222969997
15809,1842864,1222970483
19704,24391,1222971116
15537,13216,1222971400
7512,6414,1222971460
6610,24459,1222971628
15416,24391,1222971635
21005,24391,1222971798
11388,11229,1222972626
4737,1842864,1222972775
1228,6091,1222972784
5640,6091,1222972896
6091,6091,1222973099
17516,2627,1222973114
5640,6091,1222973275
18061,23864,1222973711
392,392,1222973870
13,23864,1222973946
13,23864,1222973986
21632,11333,1222974558
6807,14048,1222974743
1210318,11333,1222974779
7531,327,1222974909
6400,1599,1222974925
7644,11908,1222975407
22062,22062,1222975583
2541,556,1222975610
3208,24391,1222976395
1820,2274,1222976516
13744,23164,1222976534
672,672,1222976574
7531,24039,1222977249
6461,4021,1222977496
21038,24064,1222977531
10661,25,1222977569
14642,24064,1222977640
5190,9132,1222978681
23909,17858,1222978871
15487,5564,1222978898
2964,17554,1222979341
1310,23746,1222979393
2535,2535,1222979470
23746,23746,1222979722
10661,25,1222980518
1087,5564,1222980853
23142,1100,1222980952
21038,2166173,1222980965
22621,1100,1222981187
17934,17934,1222981241
2820,15955,1222982104
25,25,1222982235
1559,392,1222982496
1323,9864,1222982527
11815,15955,1222982553
15955,15955,1222982759
7856,17510,1222982852
4172,12870,1222982907
9269,13216,1222982980
1288,4687,1222983191
6069,7084,1222983393
23501,22712,1222983738
18255,17510,1222983846
18907,24404,1222983877
392,392,1222984249
5056,24521,1222984809
17871,22763,1222984815
2199,1311500,1222985033
6819,3029,1222985384
11229,11229,1222985671
17729,7311,1222985706
1599,1599,1222985875
21499,91,1222985958
24529,24529,1222986661
15453,6007,1222986922
2590,15214,1222987005
2108,2108,1222987552
6414,6414,1222987805
2590,21702,1222987935
1610,24529,1222988001
1610,24529,1222988073
10893,366,1222988808
15214,15214,1222988872
24529,24529,1222989739
3474,145,1222990004
8643,8643,1222990669
13165,21632,1222990850
5640,6479,1222991282
16076,4653,1222991364
16076,6479,1222991408
17832,20178,1222991415
1223,24521,1222991631
619,20178,1222991723
3029,20178,1222991857
1429,8761,1222992223
2590,24396,1222992339
12048,12534,1222992353
12682,20178,1222992741
5640,8761,1222992804
20860,6479,1222992807
2820,23970,1222993074
4761,5618,1222993133
8761,8761,1222993155
20178,20178,1222993163
20178,20178,1222993193
1471,23970,1222993533
23909,21596,1222993689
5618,5618,1222993768
23896,23970,1222993831
1429,8761,1222993850
20654,2138,1222994329
14642,1175,1222994791
17744,23875,1222995136
23405,23405,1222995164
951280,8761,1222995213
1429,8761,1222995378
23875,23875,1222995398
1175,1175,1222995647
2424,4653,1222995676
8815,20178,1222996138
4918,14788,1222996177
17744,23875,1222996824
16008,16008,1222996881
18338,1227001,1222997123
23875,23875,1222997273
10875,1227001,1222997482
14153,4592,1222997923
20471,20538,1222998057
13744,4218,1222998259
20467,21596,1222998260
10661,25,1222998286
17651,24602,1222998867
20178,20178,1222999409
5132,75224,1222999474
7116,17871,1222999754
17398,6918,1222999809
23066,3029,1222999996
20621,9908,1223000508
14749,24396,1223000846
23909,23909,1223001072
4218,4218,1223001462
24257,1965,1223001479
13009,1965,1223002350
24174,24174,1223002786
7862,5132,1223002816
305,1323,1223003138
12579,24618,1223003170
15168,17871,1223003670
11142,1505846,1223003844
5836,5836,1223004309
3957,116,1223004431
18017,17871,1223004676
17121,21384,1223004802
21245,17766,1223005011
3333,12260,1223005331
1291,137,1223005470
10031,16794,1223005533
2757,16794,1223005556
5619,4093,1223005634
25,25,1223005789
22858,22858,1223005795
12260,12260,1223005942
10661,25,1223006203
2025,12260,1223006443
3957,6897,1223006720
16034,326176,1223006784
4893,58733,1223006805
6897,6897,1223006836
25,25,1223006897
326176,326176,1223006981
16034,326176,1223007124
17028,326176,1223007336
326176,326176,1223007357
14065,986,1223007365
14065,986,1223007435
326176,326176,1223007457
6897,2535,1223007728
986,986,1223008106
16942,13,1223008608
16724,24520,1223008799
1474,20134,1223008827
16685,20714,1223009239
2820,24644,1223009740
2199,24661,1223009948
20471,9328,1223009972
20714,20714,1223009977
13,13,1223010111
23066,24661,1223010215
13295,9328,1223010222
13,13,1223010252
1793,3499,1223010340
24644,24644,1223010369
9328,9328,1223010656
10947,21737,1223010780
15328,21745,1223010989
2820,24644,1223011121
12048,1463,1223011401
2601671,24644,1223011446
14032,2128,1223011609
8815,1081,1223012604
14979,20538,1223013133
2199,24661,1223013905
459,1463,1223014898
1599,1599,1223015333
1599,1599,1223015596
3797,1436,1223016193
17729,18255,1223016476
1436,1436,1223016478
3797,19207,1223016534
21596,21596,1223018124
1057,12887,1223018172
13,116,1223018794
24694,24694,1223019029
4853,10585,1223019522
4540,55,1223020296
16794,16794,1223022153
10991,392,1223022357
10991,24279,1223023242
407256,4856,1223023245
15537,13216,1223025365
15537,16942,1223025572
16942,16942,1223026750
1199,20229,1223027310
3043,20229,1223027322
1053,6335,1223027380
15537,16942,1223027406
18255,18255,1223027510
21974,9876,1223027804
21974,24644,1223028040
4154,14752,1223028211
14033,16942,1223028450
4869,24718,1223028814
7224,9876,1223030132
6335,6335,1223030849
23705,55,1223031078
2847,7644,1223032247
16076,7952,1223032598
8151,2429,1223032636
1599,1599,1223034605
15360,15360,1223036119
18529,361,1223036232
5147,615,1223039451
13930,13930,1223040014
14690,13676,1223040243
17174,1798387,1223040879
3474,13930,1223041150
8297,24391,1223042462
16076,16942,1223043248
14690,115,1223043672
968,115,1223043811
16942,16942,1223044104
24718,24718,1223045091
15245,21596,1223045231
15161,15124,1223050350
17516,24755,1223050450
17516,24755,1223050550
13,11886,1223050949
3609,3609,1223051068
18715,21246,1223051459
2820,24644,1223051464
1968,24765,1223053405
10661,8206,1223053413
15296,15296,1223054287
6613,6613,1223054533
15667,6335,1223054858
1311500,1311500,1223055844
15296,21575,1223056283
572,23487,1223057269
10676,10676,1223057301
13216,13216,1223058059
3355,3355,1223059183
15296,1931,1223059320
21632,691,1223060077
16035,24789,1223061377
14167,8056,1223061445
115,115,1223061762
10661,18909,1223061850
16035,24039,1223062770
17249,23487,1223063186
3765,24811,1223063340
2012356,3229,1223063590
691,691,1223063766
24811,24811,1223063806
12048,14663,1223064100
10661,14663,1223064305
24039,24039,1223064495
15754,23697,1223064746
6521,24039,1223064886
16685,16685,1223064940
954,24811,1223065063
20984,3229,1223065551
419,24805,1223065912
6918,6918,1223065930
5409,10675,1223066002
419,16685,1223066157
5883,16942,1223066244
1321,24756,1223066253
18909,18909,1223066297
18702,5433,1223066353
7094,24828,1223066487
6899,24789,1223066574
10661,18909,1223066740
16685,16685,1223066976
13447,10675,1223067347
18511,19038,1223067882
2173,19038,1223068015
2455,19038,1223068653
2173,3208,1223069078
10024,3208,1223069178
15416,13676,1223069538
2173,3208,1223069644
16827,19038,1223069648
4690,11436,1223069866
14569,19038,1223070215
18179,1599,1223070223
24644,24644,1223070371
24805,24805,1223070603
14065,1599,1223070658
15401,1363,1223070668
11834,11289,1223070868
3404,3404,1223070966
18511,24391,1223071081
24755,24755,1223071162
14569,196874,1223071322
20946,2284,1223071732
3825,22083,1223072108
10024,24811,1223072182
149,24881,1223072987
16942,16942,1223073285
22445,20578,1223073690
10559,18800,1223074025
6180,24632,1223074109
23524,1599,1223074154
18061,9425,1223074912
149,1314,1223075390
3655,24612,1223075563
3012,15861,1223075641
10559,10559,1223075702
1314,1314,1223076160
2820,13850,1223076182
2820,24644,1223076377
3655,45603,1223076481
419,16685,1223076674
106,1768,1223077746
24612,24612,1223077762
1768,1768,1223077928
8918,18017,1223078021
8206,8206,1223078915
1968,13850,1223079018
96,11575,1223079095
232589,14752,1223079178
12253,414107,1223079194
12943,572,1223079456
1821,21246,1223079707
23066,9642,1223079953
1960,3800,1223079960
3800,3800,1223080073
9642,9642,1223080301
15880,11575,1223080395
18511,5291,1223080716
506,17037,1223081971
23501,8638,1223082109
5640,13041,1223082343
16779,12887,1223082634
22491,736,1223082736
287,287,1223083209
4281,1737,1223083423
4092,12597,1223083983
12597,12597,1223084118
4092,12597,1223084184
1063,1508,1223084455
12597,12597,1223084502
1228,1782,1223084507
736,736,1223084582
16942,8091,1223084693
1782,1782,1223084706
19403,9642,1223084802
1782,1782,1223084972
1228,24179,1223085121
13103,22763,1223085670
21386,9611,1223085747
13913,22763,1223086025
7565,1946,1223086116
18001,1946,1223086323
2173,9611,1223086391
2820,1266,1223086434
16299,24179,1223086634
5640,1946,1223086643
4687,4687,1223086670
14167,14621,1223086851
8815,577,1223086975
14621,14621,1223087061
4244,4244,1223087374
7224,14621,1223087842
10024,16685,1223088542
7028,2757,1223089094
12579,7831,1223089192
1533,3797,1223089474
7831,7831,1223090252
4023,4023,1223090270
15459,16439,1223090288
3560,4766,1223090307
14569,23202,1223090572
23202,23202,1223090743
18511,22917,1223090978
3043,1228,1223091591
5819,3153,1223091683
4916,7388,1223091920
4023,986,1223092571
8252,24989,1223092779
17787,1638,1223093525
1638,1638,1223093682
11834,22468,1223093758
22468,22468,1223093866
18179,1599,1223094205
7925,12204,1223095710
11289,24999,1223096236
5963,14621,1223096863
14167,3175,1223096983
6899,2193,1223097036
6349,17688,1223097780
4918,9970,1223098579
6899,4766,1223098666
17712,5038,1223099446
13005,4766,1223099760
2173,1030,1223099876
6369,459,1223100115
2102,4872,1223100138
3153,3153,1223100292
459,459,1223100299
4766,4766,1223101865
92,8669,1223102938
619,14755,1223103340
14755,14755,1223103835
6899,4766,1223104119
1599,1599,1223104926
115,25039,1223105855
23020,25039,1223105875
15031,25039,1223106071
25039,25039,1223106703
25039,25039,1223106960
16220,1599,1223107634
9611,10759,1223107966
10661,5004,1223108472
10559,9611,1223109979
1337,7205,1223111205
14755,453046,1223113499
6899,18927,1223113785
15572,4228,1223119262
17862,4228,1223119528
15464,2635,1223128442
9021,24708,1223128897
4023,4023,1223129071
15541,5,1223130466
11436,9328,1223133383
15296,25010,1223134304
23643,25010,1223134388
7028,19889,1223138106
3978,4766,1223138654
7028,11673,1223139487
15464,173449,1223140692
18179,1599,1223141062
1088,784,1223141446
12030,18403,1223142679
8167,24628,1223144763
8167,24628,1223144793
20363,23264,1223147817
10024,384,1223149095
18061,23264,1223149248
17516,2584,1223150397
14642,2974,1223151086
14642,2974,1223151713
2974,2974,1223151850
12048,21004,1223153703
17398,13930,1223155575
13005,4766,1223156029
12048,23903,1223156119
13005,4766,1223156254
6819,21004,1223156637
24975,21004,1223157323
4540,22712,1223157585
15537,23893,1223157771
18753,13211,1223158296
21004,21004,1223158479
13211,13211,1223158511
7028,13211,1223158624
23893,23893,1223158909
9360,24644,1223159073
15537,23893,1223159120
2590,392,1223159322
14642,2974,1223161568
20363,13913,1223162601
5190,24975,1223162864
14606,173449,1223163059
23558,23558,1223165323
8638,8638,1223168331
12386,12386,1223169610
12386,12386,1223169700
12386,12386,1223169775
9365,23598,1223170124
15075,15075,1223170326
18403,18403,1223170328
3957,25153,1223170573
25153,25153,1223170850
2974,2974,1223170927
6610,24638,1223171360
9647,20960,1223172443
7224,14621,1223172545
11177,2147,1223172561
2635,2635,1223172954
14621,14621,1223177815
5190,23084,1223179357
10224,21004,1223180638
15464,2727,1223182472
4615,20138,1223182643
14065,23084,1223183293
20138,20138,1223184801
12034,4893,1223186446
4893,4893,1223186803
12034,4893,1223188063
20860,18406,1223188906
14569,23667,1223189494
17729,73794,1223190459
4615,20138,1223193157
4615,20138,1223193368
9328,9328,1223194619
11870,538,1223195334
9021,24708,1223195872
23234,13913,1223196975
4857,1876,1223197093
24950,232,1223198746
232,232,1223203935
781,8643,1223204081
15572,22672,1223204790
18406,18406,1223205897
16639,16639,1223211125
8297,6521,1223214328
10192,21004,1223216672
15537,21973,1223217072
4857,6068,1223217220
14642,2974,1223218919
14642,2974,1223219024
14642,2974,1223219100
23164,1876,1223220490
4092,17558,1223220572
7122,23339,1223220976
15537,23339,1223222594
22564,17176,1223224789
11694,4646,1223225768
19404,15161,1223229150
2766176,25205,1223229300
14663,14663,1223230617
15537,22672,1223231150
14089,5234,1223233491
24644,24644,1223236656
24644,24644,1223236744
7028,11927,1223237451
21234,18500,1223239029
15161,11927,1223241327
3712,18061,1223242032
5897,2942,1223244826
5897,1725,1223245313
2942,2942,1223246243
270,24630,1223247203
384,29,1223247353
20310,11619,1223252368
3957,25300,1223253259
17389,21632,1223256096
21234,8217,1223256670
6491,9328,1223257554
17558,17558,1223261245
9787,9328,1223261278
21234,12924,1223265274
5109,3208,1223266101
18406,959,1223266133
14065,23163,1223266554
17787,8167,1223269106
4381,3037,1223270071
7872,3037,1223270201
3037,3037,1223270223
10026,9825,1223270311
8167,8167,1223270512
14690,7921,1223270700
1337,13523,1223271678
11694,21384,1223271783
1915,3037,1223273819
9328,9328,1223278071
10661,18676,1223279989
17076,17194,1223281037
17194,17194,1223281158
4276,17194,1223282138
14955,17194,1223282417
533,2605,1223282545
11314,23234,1223283754
23341,23341,1223285215
419,10793,1223285474
15154,19607,1223288273
14569,14569,1223288696
5948,8005,1223289179
23501,24744,1223289265
8167,813,1223290397
115,813,1223290469
8167,813,1223290726
813,813,1223290746
813,813,1223290843
8167,813,1223290934
8167,813,1223291058
11830,25388,1223291228
813,813,1223291626
813,813,1223291660
45603,45603,1223291991
3155,3155,1223294179
14209,18687,1223295036
3137,3137,1223295158
10174,17194,1223295368
5441,5441,1223297621
5441,538,1223297897
3576,3576,1223299445
4872,4872,1223300157
419,2666,1223303668
21234,19621,1223304361
7724,16511,1223304646
15627,19621,1223304701
15100,15124,1223304767
15329,24802,1223304770
15124,15124,1223304961
24802,24802,1223304989
19621,19621,1223305440
1407,4495,1223305866
3146,16314,1223306179
419,460927,1223306949
5897,23407,1223307120
23407,23407,1223307204
15537,23407,1223307463
6899,16314,1223307689
7724,16511,1223308885
3571,2147,1223310277
11683,3137,1223310622
4857,18091,1223310939
4857,18091,1223311068
419,25428,1223311820
6899,11208,1223312013
7122,7211,1223312298
23794,14569,1223312842
6899,3153,1223313018
11436,9328,1223314715
13209,1606,1223315369
1606,1606,1223315793
7211,7211,1223317259
1175,22147,1223317260
21234,19621,1223317490
20400,1,1223318821
23354,23164,1223319338
23164,23164,1223319578
1553,11234,1223320014
20400,9629,1223320111
11234,11234,1223320240
15537,2238,1223320290
13,2238,1223320438
13,2238,1223320491
6899,16673,1223321183
9328,9328,1223321429
2974,2974,1223321539
419,16873,1223322073
1441,22147,1223322264
16673,15721,1223322492
8026,20128,1223322629
16673,15721,1223322992
14089,22147,1223323211
6742,5409,1223323373
15721,15721,1223323392
3,26,1223323739
18753,1256,1223324017
12502,13350,1223324081
42,24873,1223324149
1228,24873,1223324182
5409,5409,1223324190
1228,1463,1223324295
5640,24873,1223324339
6414,24873,1223324378
1116,17465,1223324379
15541,17465,1223324415
16035,13350,1223324579
908,1768,1223324680
1,1768,1223324792
1768,1768,1223325006
5049,18837,1223325412
12048,17712,1223325424
5346,18966,1223326139
18511,18511,1223326948
2820,15546,1223327614
22147,22147,1223327689
15416,22147,1223327695
15416,11234,1223328435
15541,6583,1223328872
17712,17712,1223329106
10468,18966,1223329812
1228,4495,1223329843
21234,8026,1223329964
6583,6583,1223330123
2947,9629,1223330521
18747,8026,1223330673
8026,8026,1223330924
8505,8513,1223330942
4482,4230,1223331338
4230,4230,1223331561
5640,15204,1223331691
24999,24999,1223332153
7671,25492,1223332356
10224,25324,1223332373
9361,5291,1223333634
20377,7850,1223333847
25324,25324,1223333878
12579,25532,1223333938
5380,373,1223333978
4853,20178,1223334355
2242,2242,1223334444
15255,15255,1223334749
15880,20178,1223335062
572,572,1223335713
20178,20178,1223335740
10661,10585,1223336126
10585,10585,1223336355
7856,1190,1223336477
1190,1190,1223336581
14260,25550,1223336612
14704,1219,1223337305
15955,1190,1223337795
3333,2819,1223337878
4926,2819,1223337967
3333,2819,1223339797
23667,25549,1223339922
24227,460927,1223340284
11436,18107,1223340968
18901,1674,1223341577
91,1190,1223341630
7872,19226,1223341929
19226,19226,1223341987
25538,25538,1223342449
7872,25538,1223342767
1894,3294,1223343072
10661,1965,1223343509
1965,1965,1223343603
18511,1965,1223343697
14690,1965,1223343752
2204759,2819,1223343892
122,1582786,1223343993
2284,1582786,1223344028
122,1582786,1223344093
2284,1582786,1223344215
5640,1582786,1223344367
122,1582786,1223344389
2284,1582786,1223344517
5640,1582786,1223344718
2590,1582786,1223344735
15328,15328,1223344972
16673,15721,1223345135
122,1582786,1223345141
22211,373,1223345891
8174,21297,1223346459
14033,15537,1223347568
21965,21965,1223347619
22468,13449,1223348690
1215,2486915,1223348783
20621,23553,1223349046
5704,5769,1223349085
10661,1965,1223349337
23054,19129,1223349578
5769,5769,1223349727
20363,8435,1223349747
20621,1228,1223349879
13051,19479,1223350188
23553,23553,1223350225
13531,25128,1223350602
13850,13449,1223350707
8174,19479,1223350735
10661,10585,1223350864
19479,19479,1223351266
2894,506,1223351423
7671,8981,1223351504
15328,19479,1223351862
13757,13227,1223352247
8368,3561,1223352736
4642,25371,1223352782
13531,13812,1223353031
346,25616,1223354207
12293,12293,1223354277
2820,4593,1223354286
11436,9328,1223355998
1133,373,1223356094
234,7599,1223356139
572,25645,1223356602
13812,13812,1223356747
10224,21672,1223357387
10278,25560,1223358084
5409,25645,1223358661
1715673,5409,1223358926
5409,9516,1223359488
12975,1657,1223360995
11112,1190,1223361404
13531,13041,1223361766
11112,1190,1223362296
10427,5056,1223363909
5056,5056,1223364057
332,5056,1223364176
2590,1582786,1223364472
16076,15537,1223364876
15537,15537,1223365162
20621,24817,1223365899
1075,4525,1223366355
1715673,11995,1223366950
9611,17221,1223367198
5697,1582786,1223367856
14606,15537,1223369045
372,4790,1223369136
6819,15947,1223369660
10585,10585,1223369792
4790,4790,1223369919
15537,15947,1223370060
15537,15947,1223370181
536,93,1223371896
4482,5697,1223372737
8026,25128,1223373199
18482,3957,1223373227
3957,3957,1223373314
18482,3957,1223373449
9328,9328,1223373877
13531,13041,1223375123
17221,25616,1223375220
2975,13990,1223375429
5987,658,1223375600
3765,24708,1223375606
17174,5133,1223376207
4337,13990,1223376488
7116,13812,1223376571
15614,658,1223376989
11574,18907,1223377135
3571,2025531,1223381499
115,19207,1223381606
8090,11234,1223381935
115,115,1223382336
15475,21963,1223385034
14663,18393,1223385194
21963,21963,1223385317
3474,1720,1223385420
538,538,1223386422
15537,25704,1223386700
3560,25704,1223387781
21234,1720,1223389562
9361,20641,1223390117
11830,3389,1223392181
17602,3834,1223393095
11436,9328,1223393213
21764,24279,1223393503
6414,14065,1223393863
10991,658,1223393993
17602,3834,1223394317
11830,18651,1223397232
19331,20400,1223397397
12860,25745,1223397418
13098,13098,1223397465
20400,20400,1223397945
3719,25745,1223400032
1898,6682,1223401612
25210,25730,1223401977
22466,1896,1223403475
1944,1776,1223404176
1228,1228,1223404669
5640,10676,1223404742
1228,25781,1223404931
20400,25781,1223405063
7122,25781,1223405256
1679,21004,1223405281
18107,25781,1223405446
14033,15537,1223405554
7122,25781,1223405583
11892,25781,1223405869
1228,25781,1223406213
12862,25781,1223406418
1228,25781,1223406779
3535708,11961,1223406864
1228,25781,1223406922
1185,25781,1223407164
115,115,1223407828
3458,25745,1223407874
17145,25781,1223407935
16076,16511,1223408829
658,16314,1223408996
10661,10585,1223409662
11361,11361,1223409944
4525,25782,1223410124
3655,2768,1223410362
24472,25782,1223410371
7872,832,1223411216
8741,832,1223411512
10224,11587,1223411659
2025531,2025531,1223411767
11892,25781,1223411825
22211,373,1223412001
3535708,24098,1223412064
16511,16511,1223412213
968,24098,1223412257
9328,9328,1223412258
24181,24098,1223412790
1765,1765,1223412792
10661,16511,1223413307
13832,13832,1223414347
900,5147,1223415071
1048,2470,1223415151
13832,13832,1223415282
15626,2424,1223416079
832,832,1223416736
8763,8763,1223416783
12923,1368,1223417527
12923,5236,1223417566
12923,3111,1223417801
4482,5619,1223417967
5697,18664,1223417992
455874,18664,1223418401
2894,4685,1223419208
6309,7648,1223419266
20363,24020,1223419548
16034,8643,1223419555
7648,7648,1223419605
21258,19825,1223419663
20363,24020,1223419719
7625,1862,1223420149
24231,23855,1223420194
459,459,1223420558
7053,11361,1223421034
23501,2819,1223421608
106,83,1223421986
15809,4697,1223422825
1980,2577,1223423368
14749,14749,1223423559
14569,25683,1223423622
20178,25878,1223423740
5640,13913,1223423973
3140,13913,1223423999
15369,13913,1223424120
13913,13913,1223424316
5640,13913,1223424437
1989,12311,1223424628
5640,253,1223425003
2819,2819,1223425089
18796,5035,1223425154
11830,23890,1223425577
24817,24059,1223426161
16417,24059,1223426297
106,4916,1223426368
22407,16777,1223426730
24059,24059,1223426791
2982,25892,1223426950
305,25892,1223426999
16777,16777,1223427075
9361,577,1223427107
1902010,1816,1223427176
115,25892,1223427255
115,25892,1223427288
1902010,24059,1223427366
2982,13244,1223427582
8155,2469,1223427605
5640,25892,1223427675
13295,25892,1223427718
115,25892,1223427734
23501,1449,1223427762
5640,25892,1223427807
23893,25892,1223427816
1816,1816,1223427843
5640,25892,1223427882
2509,1449,1223428451
305,25892,1223428681
5640,25892,1223428796
14728,25892,1223428978
6500,2191,1223429222
9683,1449,1223429290
1796,11333,1223429598
22381,13700,1223429915
4120,373112,1223429931
2543,25892,1223429936
739,2119,1223429959
13700,13700,1223430197
6500,39040,1223430837
1291,7419,1223430865
1288,1155,1223432545
3275,8409,1223434267
5862,1190,1223434404
10947,15809,1223434422
13295,8409,1223434879
20310,22046,1223435627
8409,8409,1223436441
1441,8220,1223436961
8220,8220,1223437444
10661,3189,1223437682
1470,13216,1223437994
12725,24958,1223438165
24958,24958,1223438389
17205,11961,1223438562
9683,2443,1223438920
11961,11961,1223438941
2191,2191,1223439380
15459,25200,1223441059
2915,3126,1223441373
12711,14089,1223441787
2309,16476,1223441909
14089,14089,1223441960
1796,1536194,1223442344
2309,2443,1223442426
1786,17648,1223443518
17648,17648,1223443608
17964,17648,1223443772
25200,25200,1223444599
13216,13216,1223444940
2859,577,1223445705
615,3153,1223445730
615,5,1223445992
4465,3636,1223446244
3850,3636,1223446648
21974,15161,1223447141
3636,3636,1223447322
615,5,1223447582
1597,15288,1223448310
18255,1946,1223448396
619,13593,1223448834
419,1632,1223449145
234,1632,1223449387
1632,1632,1223449533
1632,1632,1223449670
1291,25695,1223449808
419,1632,1223449963
23670,25350,1223450056
2443,2443,1223451194
14749,17964,1223451456
4766,4766,1223452161
1786,9922,1223452280
4766,4766,1223452674
9345,44972,1223453342
5697,5697,1223453573
4417,4977,1223453578
4766,4766,1223453796
16204,13676,1223454046
9611,13676,1223454251
9345,9922,1223454437
4977,13676,1223454476
8026,9382,1223456516
17964,17964,1223456806
3146,26004,1223457743
20925,26004,1223457893
22294,24177,1223458214
5324,18415,1223461206
18415,18415,1223461296
372,15537,1223461459
3716,18415,1223461956
6231,15537,1223461959
15537,15537,1223462076
15537,15537,1223462109
12484,11614,1223463421
6309,6309,1223465811
1786,1786,1223465966
47366,44972,1223466123
1915,6218,1223466126
9345,20713,1223466207
14606,6218,1223466374
20713,20713,1223466873
20713,20713,1223467944
2574,10897,1223468300
18255,3314,1223469098
2574,15152,1223469286
1786,5302,1223470467
5302,5302,1223470501
6521,7598,1223475206
15627,18768,1223475380
22673,26049,1223475420
26049,26049,1223475537
15627,18768,1223475702
10651,26049,1223476150
21567,3279,1223476220
10651,423836,1223476315
17516,23501,1223476876
26049,26049,1223477283
253,253,1223478123
4977,4496,1223478496
1688440,1688440,1223478561
4496,20238,1223479219
11449,14069,1223480249
6062,17685,1223480378
14026,25280,1223484161
21027,4857,1223484180
10661,1363,1223484732
4857,15947,1223484770
1776,1776,1223485735
6414,20400,1223485941
5302,15878,1223486112
11436,9328,1223486286
15401,13251,1223486556
23044,5246,1223487715
2374,5246,1223487748
455874,26074,1223487824
11241,5246,1223487886
15809,26094,1223487953
15124,26081,1223488451
24064,24064,1223488586
11694,9539,1223489607
15475,17510,1223489913
17266,5050,1223490099
2961,834,1223490792
5640,429,1223490950
4086,26074,1223491234
11436,21074,1223492173
4977,25152,1223492590
9539,9539,1223492728
5017,20603,1223493263
9825,9825,1223493384
12502,25152,1223493589
13911,1944,1223493858
18415,18415,1223493970
1944,1944,1223494057
12502,5789,1223494086
12502,5789,1223494132
5789,5789,1223494268
1533,22284,1223495108
25152,25152,1223495240
6583,3315,1223495388
1533,26126,1223495468
15360,26126,1223495473
22390,22390,1223495634
6414,11347,1223496397
20310,3134,1223496480
1190,6941,1223497046
7021,26135,1223497362
2147,4857,1223497750
26135,26135,1223498097
192,986,1223498158
986,986,1223498250
1228,4481,1223498322
10224,17174,1223498373
14606,22284,1223498471
8027,11039,1223498517
192,986,1223499129
7116,25749,1223499631
8404,8404,1223500214
13244,13244,1223500318
20984,8768,1223500430
986,986,1223500637
1228,1228,1223500652
24873,145,1223502136
23234,253,1223502356
3043,26165,1223502467
811,26165,1223502753
3043,26165,1223502873
10661,9825,1223502874
9825,9825,1223502990
811,26165,1223503234
2208,21182,1223503295
2982,1674,1223503312
15401,17174,1223503634
1674,1674,1223503908
1674,1674,1223504073
15401,21004,1223504214
13279,24565,1223504313
2894,9861,1223504634
13491,1674,1223504723
26160,26160,1223504759
11815,1674,1223505341
619,3153,1223505680
619,3153,1223505766
17919,20074,1223506339
3279,3279,1223506580
9861,9861,1223507113
1790,12559,1223507215
20363,23669,1223507537
253,253,1223507644
24755,1674,1223507809
21632,4606,1223509207
9787,9516,1223509385
9787,4653,1223509461
2424,9516,1223509494
12725,4606,1223509669
18511,4606,1223509725
12579,4023,1223510175
2982,3289,1223510448
1358,9861,1223510476
3289,3289,1223510515
2894,3289,1223510668
20621,20621,1223511048
13925,23669,1223511192
1790,3289,1223511383
23501,23501,1223511419
3289,3289,1223511660
811,3289,1223511880
3289,3289,1223512044
4606,4606,1223512070
811,3289,1223512088
811,3289,1223512196
13913,327,1223512410
3289,3289,1223512543
10174,4321,1223513068
811,3289,1223513313
3289,3289,1223513492
18511,7135,1223513556
811,3289,1223513850
8155,23280,1223514026
3289,3289,1223514044
327,327,1223514046
3018,3018,1223514269
29,29,1223514382
13930,3351,1223515142
2535,4606,1223515621
3474,3351,1223515946
852,852,1223516121
1865,18177,1223517121
1233,23034,1223517557
14569,26235,1223517698
5897,3447,1223518217
3447,3447,1223518295
4321,4321,1223519157
685,10420,1223519395
3655,1467,1223519732
21632,26130,1223520104
24458,14690,1223520154
14122,9951,1223520932
12725,3347,1223521364
736,852,1223521451
1467,1467,1223521484
13940,19784,1223521515
13051,18511,1223521660
18511,7598,1223521776
18511,18511,1223522020
15152,15152,1223522621
3043,1642688,1223522753
19676,13449,1223522898
25280,25280,1223523985
18146,25695,1223524178
2547,41,1223524238
20641,20641,1223524594
1968,25781,1223524739
14048,6161,1223525114
13531,18511,1223525416
22211,3047,1223525756
20363,23669,1223526080
9825,13676,1223528310
15809,3446,1223529738
13925,23669,1223529872
12048,20789,1223529991
20946,21677,1223530115
21640,3446,1223530235
419,3226,1223530814
3226,3226,1223531102
3446,3446,1223531122
3446,3446,1223531179
25210,12368,1223531274
24950,131,1223531319
131,131,1223531458
23744,21966,1223531769
5058,193,1223532114
12368,12368,1223532146
419,3226,1223532763
22470,21209,1223532956
1,25210,1223533201
419,3226,1223533219
5817,21966,1223533256
26130,26130,1223533453
3226,3226,1223533495
8049,1343,1223535984
8049,1343,1223536064
1343,1343,1223536162
21828,12368,1223536829
811,14642,1223537037
14642,14642,1223537149
8049,1343,1223537612
419,3226,1223537830
20789,20789,1223538111
10991,24279,1223539108
22294,3886,1223539869
13940,23648,1223542626
22656,21966,1223543270
3279,3279,1223544708
23648,23648,1223545225
20689,23501,1223547975
3226,3226,1223548471
25677,1737192,1223549882
23501,23501,1223550215
372,22039,1223551635
10583,10583,1223551758
2598,10583,1223552099
20689,23501,1223552164
20689,23501,1223552516
8026,18511,1223552594
384,384,1223557405
17028,15124,1223557505
5190,10585,1223557802
10585,10585,1223558083
18771,10585,1223558508
10585,10585,1223558825
18771,10585,1223559173
10585,10585,1223559509
6528,20951,1223561048
4172,19166,1223561267
137,137,1223562418
18180,4960,1223564581
23142,6399,1223564907
25459,14302,1223566301
24472,3535708,1223566398
3535708,3535708,1223567076
3535708,3535708,1223567590
20363,23669,1223569230
25677,14966,1223569581
6441,20400,1223569692
1896,13449,1223570542
17516,20142,1223570940
15296,13220,1223571568
7872,23826,1223571654
7872,23826,1223571741
6899,13220,1223571803
10661,637,1223572200
14302,14302,1223573045
20142,20142,1223573336
17436,1862,1223573394
3571,115,1223574802
7028,14635,1223575679
14635,14635,1223575840
1715673,19863,1223576120
17028,16391,1223576134
33,23724,1223576146
5817,2474,1223576938
86,3540161,1223577458
12828,25280,1223577665
17516,17465,1223578384
4685,8741,1223578734
7211,18275,1223578843
22970,26107,1223579317
14966,14966,1223579878
3535,24097,1223579902
7021,9498,1223580211
2820,13087,1223580810
21336,23826,1223582630
10174,26486,1223582831
18107,18107,1223582972
11830,18907,1223583462
12948,12948,1223584311
18061,5954,1223584685
32538,15345,1223584686
23724,23724,1223584906
4965,23387,1223585202
6568,10040,1223585431
10040,10040,1223585571
4965,10040,1223585787
10224,6218,1223586027
5416,253,1223586105
13531,18511,1223586262
10224,23497,1223586361
3542,14635,1223586626
11830,7565,1223586823
739,292,1223587030
7565,7565,1223587083
23387,23387,1223588340
21027,2906,1223588382
305,572,1223589404
5817,572,1223589407
305,572,1223589629
4960,4960,1223590219
7565,5993,1223591033
811,4639,1223591067
5993,5993,1223591183
25677,26327,1223591328
14065,11441,1223591465
5,5,1223591674
11441,11441,1223591730
13958,2506,1223591905
16035,1237,1223591907
419,3226,1223592228
8454,8047,1223592447
2894,4481,1223592514
1237,1237,1223592695
17919,115,1223593131
8815,8047,1223593152
8505,64,1223593631
4279,658,1223593820
15393,26553,1223594028
20400,4337,1223594404
2424,2535,1223594418
4337,4337,1223594540
22211,26553,1223594603
23501,572,1223594661
16035,19226,1223594878
17871,15187,1223595007
1249,19226,1223595154
3043,4337,1223595287
2859,4337,1223595591
17871,19685,1223596199
14606,26553,1223596396
25280,25280,1223597203
23354,1508,1223597312
1508,1508,1223597368
23354,1508,1223597513
20467,24215,1223597542
1508,1508,1223597690
3043,1508,1223597880
26327,26327,1223597949
4086,9611,1223598445
1097,5578,1223598458
8027,16827,1223598486
4337,4337,1223598786
1786,6310,1223598872
4337,4337,1223598921
10893,26573,1223598932
1786,17917,1223599010
17917,17917,1223599180
6310,6310,1223599325
5646,4481,1223599608
23354,1508,1223599914
3535708,5619,1223600183
305,5619,1223600988
3535708,5619,1223601221
305,5619,1223601408
115,5619,1223601488
5578,5578,1223601514
115,5619,1223601569
25664,25664,1223602231
8815,115,1223602358
8815,26130,1223602445
21297,21297,1223602753
17008,620435,1223602767
13913,13913,1223603151
14113,20514,1223603305
3535708,5619,1223603389
3043,22820,1223604189
3,6932,1223604331
6932,6932,1223604488
22656,22820,1223604522
6742,13935,1223604530
2470,2470,1223604645
3565,26595,1223605690
13279,13913,1223605873
5441,18986,1223606175
13913,13913,1223606208
17651,13913,1223606238
2820,22820,1223606345
13913,13913,1223606383
20310,20654,1223606489
4797,4797,1223606543
3797,2424,1223606662
3797,26286,1223606722
2509,1807,1223606881
4003,26108,1223607680
8981,8981,1223607730
10661,6833,1223608416
6833,6833,1223608884
13693,8761,1223609033
19762,25515,1223609420
14089,11234,1223609556
2696,459,1223609966
15168,13832,1223610246
25515,25515,1223610658
10661,6833,1223610683
17919,19487,1223610782
8741,8741,1223610840
13930,13930,1223611426
1471,536,1223611843
10893,23663,1223612422
357,21365,1223612465
5640,17577,1223612970
3043,25210,1223613002
8233,6406,1223613415
2915,17577,1223613660
2859,17881,1223613809
6406,6406,1223614068
619,11927,1223615435
23512,24243,1223615953
10661,25546,1223616572
13824,172,1223617328
172,172,1223617707
13824,172,1223617905
4193,172,1223618027
13757,172,1223618096
172,172,1223618651
172,172,1223618735
12711,26665,1223618800
13824,172,1223618810
2859,3238,1223620064
14642,7831,1223620463
6044,6044,1223621488
6044,4496,1223622347
9328,9328,1223622776
15537,15537,1223623058
2660,19956,1223623923
3631,3661,1223624085
10661,15537,1223624276
14069,658,1223624549
15537,15537,1223624909
6833,6833,1223624910
6335,6335,1223625700
14569,14569,1223626292
3716,15537,1223626401
6152,25368,1223627345
4600,26595,1223628429
20713,26699,1223629152
7116,26240,1223629242
13,18180,1223630058
10585,26130,1223630727
9021,26130,1223630800
26130,26130,1223630985
26240,26240,1223631011
15537,15537,1223631093
7116,26240,1223631175
5445,18274,1223631393
10585,26130,1223631532
12983,12983,1223632554
25546,25546,1223632728
25546,25546,1223633071
26699,26699,1223633135
12711,13676,1223633152
361,18274,1223633191
1892,12211,1223633281
24215,24215,1223633399
1892,1476,1223633648
14946,658,1223633654
4341,8908,1223634267
20938,19685,1223635755
6309,8217,1223636062
8217,8217,1223636237
26130,26130,1223637747
7224,1343,1223638371
26240,26240,1223638831
231,1117,1223638876
2242,9047,1223638956
4193,21045,1223640745
872,658,1223641333
15534,13676,1223641588
9539,525,1223642170
7224,1343,1223642955
1715673,21582,1223643078
2122,2122,1223645456
18471,2387,1223646209
15464,20894,1223647562
6491,1233,1223649039
2387,2387,1223649136
25210,9021,1223651010
18061,366094,1223651758
2977,26496,1223652723
8155,26746,1223653194
253,2993,1223653451
971,9021,1223655060
11830,6583,1223655245
7898,6583,1223655270
26746,26746,1223655969
11830,978,1223656062
18771,91,1223656519
978,978,1223656937
17516,232,1223656939
6899,4668,1223657325
91,91,1223657971
18771,10585,1223658049
18771,91,1223658339
6069,12151,1223659127
2859,24039,1223659434
23643,4086,1223660559
17832,11614,1223660801
16035,2253,1223661269
15537,22162,1223661511
15328,14053,1223661912
999,999,1223662032
419,20400,1223662674
5645,22162,1223662847
6508,20400,1223663088
2859,974,1223663137
22162,20960,1223663557
17832,20400,1223663670
572,20400,1223663812
6508,978,1223664151
17832,20400,1223664646
1233,1233,1223664770
7903,3105,1223665750
2820,7028,1223665849
437,26793,1223666383
18882,4086,1223666509
16434,26665,1223666875
2084,26785,1223668078
3850,985,1223668200
6897,307,1223669157
3850,985,1223669212
3850,4527,1223669258
14048,307,1223669291
572,26790,1223669336
23142,2133,1223669574
6897,307,1223669874
6414,20390,1223670183
4279,658,1223670240
14048,307,1223670288
12092,20390,1223670334
7925,7925,1223670880
96,536,1223670880
14048,307,1223671019
4279,658,1223671202
7559,2133,1223671333
3850,4834,1223671760
2424,26820,1223672448
5640,7925,1223672874
3014,25371,1223673596
619,25371,1223673629
7950,7950,1223673845
12950,15420,1223674184
22211,25749,1223674248
16035,4086,1223674288
12234,25546,1223674354
2034,239663,1223674422
2543,1048,1223674599
16035,11545,1223674612
15541,239663,1223674669
619,2133,1223674799
15416,13676,1223674855
3588,22276,1223675051
12151,12151,1223675131
6932,1048,1223675183
4086,4086,1223675337
9047,9047,1223675351
12518,10585,1223675696
23354,17803,1223675701
9345,22491,1223676110
12923,17803,1223676227
25371,25371,1223676301
5058,7891,1223676328
12923,17803,1223676333
7891,7891,1223676908
11830,26339,1223676965
16911,26858,1223677260
986,23120,1223677569
5697,149,1223678317
12950,16623,1223678490
20074,20074,1223678659
16219,16623,1223678775
25837,22674,1223679011
22818,1923,1223679345
11589,3153,1223679622
22211,2134,1223680374
22674,22674,1223680482
1037,1737,1223680718
619,577,1223681333
6932,23372,1223681457
15541,239663,1223681706
23372,23372,1223682033
4249,18771,1223682934
13776,18771,1223683157
17826,18771,1223683960
577,577,1223684177
14569,5232,1223684250
577,577,1223684306
5232,5232,1223684395
22329,21045,1223684678
18107,1100,1223685126
1790,5232,1223685287
19258,26527,1223685293
26877,26877,1223686522
6897,23372,1223686900
23372,23372,1223688061
1000,1000,1223688644
8155,17803,1223688864
21640,9731,1223689771
6932,686,1223690042
26929,26929,1223690074
5667,10552,1223690290
5667,10552,1223690343
1968,1862,1223690569
20893,2605,1223691119
9611,6386,1223691511
6897,572,1223691793
6897,572,1223691939
572,572,1223691952
2605,2605,1223692003
2605,2605,1223692104
15861,9251,1223692138
1737,1737,1223692159
13051,7856,1223692186
9251,9251,1223692291
13216,4903,1223692339
22211,4580,1223692525
6897,16979,1223693514
12725,9251,1223693556
12579,26895,1223693826
1175,572,1223694001
20363,26943,1223694624
825,7473,1223694737
9251,9251,1223695174
1300,14753,1223696621
10585,10585,1223697145
3333,26960,1223697804
4172,5304,1223698604
2543,2543,1223699556
1432,18393,1223699737
10893,2424,1223700210
12048,26960,1223700227
1242,11356,1223700453
16827,13820,1223700639
2648,11961,1223700899
77,19074,1223701330
1354,6486,1223701656
1965,26550,1223702035
14606,14101,1223702157
19074,19074,1223703112
19756,26883,1223703187
23744,7743,1223703437
15352,24727,1223703780
24873,7743,1223704679
19468,25066,1223705974
4979,3291,1223706067
1775,25066,1223706304
3093,18995,1223707381
21640,26986,1223707710
14606,10407,1223707982
5473,23164,1223708968
26334,10407,1223709602
11137,25267,1223712317
22748,11339,1223713236
6897,4580,1223713473
11339,11339,1223714215
1790,13995,1223715075
3333,26960,1223716169
3333,26960,1223716210
13995,13995,1223724202
21045,21045,1223726904
18300,18300,1223727518
9611,19884,1223731010
1117,1117,1223732794
4977,115,1223734162
23164,23164,1223734178
17516,1925263,1223737379
6486,6486,1223738200
6386,6386,1223738216
7028,14690,1223740305
14690,14690,1223740889
23233,26986,1223741008
18771,18771,1223741521
17174,2114,1223742349
4977,20555,1223743178
24039,12828,1223744549
12828,12828,1223744639
10661,24039,1223746433
10661,24039,1223746511
11961,11961,1223748104
1925263,1925263,1223749816
18575,1215,1223750030
5058,5232,1223753926
20555,20555,1223756353
18804,11962,1223757974
9021,18300,1223758559
11898,426,1223765567
14642,8127,1223766753
24874,8127,1223767084
8127,8127,1223767267
16724,14089,1223769532
4417,27081,1223769819
19629,24560,1223771671
4279,8482,1223771879
4279,8482,1223772027
4725,11234,1223773632
21716,21716,1223773645
12975,11110,1223775900
2509,25017,1223776634
11549,11234,1223777490
13051,19784,1223777645
3565,11234,1223778297
6899,27081,1223778459
19884,19884,1223779438
2509,2147,1223779736
22656,23427,1223779770
2147,2147,1223779969
11234,11234,1223780093
19403,22656,1223781275
4172,572,1223782554
2657951,3893,1223782647
3153,2147,1223783349
9787,23826,1223783539
1666,11110,1223784091
4213,4213,1223785109
18179,3848,1223785802
23354,22656,1223786106
13115,13115,1223786190
27081,9974,1223787647
27081,25304,1223788032
21640,658,1223794581
23142,1384652,1223796090
4858,4858,1223798555
7734,13895,1223802554
20713,27009,1223803689
13895,13895,1223804097
12725,7644,1223805697
3797,26632,1223805889
11649,4903,1223806163
4903,4903,1223807569
3149,2598,1223819766
4172,2133,1223826822
14026,15124,1223827593
18771,369,1223829458
15985,7644,1223829516
23066,17020,1223830164
9021,1925263,1223831349
20363,25077,1223833405
4285,27186,1223834000
20363,25077,1223834019
4979,2496,1223834097
1384652,1384652,1223835432
214,23667,1223835955
5190,26567,1223836068
9021,14642,1223836128
14642,14642,1223836697
14642,14642,1223836731
16299,27198,1223837073
437435,232,1223837110
21644,27198,1223837128
26567,26567,1223837238
5190,26567,1223838418
10661,26567,1223838788
12950,12950,1223840835
16076,18426,1223841055
16076,18426,1223841225
10661,52490,1223841592
1288,15187,1223842430
8297,19687,1223843799
18107,27216,1223851571
10661,19687,1223851637
26227,18770,1223851843
18107,21209,1223852008
21209,21209,1223852183
10661,18770,1223852259
137,27221,1223856243
20363,27221,1223856496
20363,9047,1223856712
20363,4540,1223856893
3535,15187,1223857228
2424,2424,1223858327
14089,14089,1223858832
4279,1925263,1223858865
9825,25565,1223859074
22656,22656,1223860024
25565,25565,1223861029
9345,620435,1223863378
1786,27174,1223865595
20467,20467,1223868651
18061,20467,1223868891
20467,20467,1223869198
18061,20467,1223869467
21284,3886,1223870606
7122,20467,1223870829
2025,20467,1223870844
20467,20467,1223871150
2025,20467,1223871319
1790,15118,1223871780
20467,20467,1223871915
9825,25565,1223872815
15168,426,1223873322
17174,781,1223878281
10661,15168,1223878888
13,15168,1223879079
13,15168,1223879113
23845,1659,1223879726
3043,1659,1223879877
10661,15168,1223880475
26334,18565,1223880554
10661,15168,1223880627
13,15168,1223880845
13,15168,1223880899
6899,24612,1223880945
27011,18565,1223881637
14749,14028,1223882390
112,2147,1223882470
18565,18565,1223882516
10661,15168,1223883485
16417,18565,1223883489
10661,15168,1223883562
3153,1463,1223883668
18565,18565,1223884055
21734,9021,1223884257
9021,9021,1223885639
22491,22491,1223886070
1432,27294,1223888666
115,27294,1223888773
4491,4491,1223889016
7224,19501,1223899885
9951,1925263,1223900012
19501,19501,1223900051
24612,24612,1223901131
1695,10352,1223903468
11241,17803,1223904581
9425,1,1223905558
1896,1896,1223909011
22914,11388,1223909061
615,11388,1223909139
14732,19687,1223909261
8091,91,1223910488
12870,4653,1223911696
13,15168,1223912240
11388,11388,1223913077
2859,7398,1223913423
12030,4687,1223913445
15541,4455,1223914903
4455,4455,1223915267
192,192,1223915472
6899,11043,1223916034
10661,15168,1223916706
2839,22088,1223918010
3978,26792,1223918101
1896,22088,1223918458
22162,22162,1223919289
26792,26792,1223919623
16724,24545,1223920731
22162,22162,1223921262
619,15981,1223921771
572,7398,1223921919
11356,11356,1223921996
6491,19893,1223922595
5058,15981,1223922933
419,7272,1223923560
6688,27331,1223923806
1228,27377,1223926008
17020,17020,1223926184
986,4140,1223926189
17020,17020,1223926504
9498,19956,1223927196
18061,44726,1223927649
9021,20467,1223927811
4249,13051,1223928002
6932,2455,1223928843
19956,19956,1223929167
32538,19687,1223929412
377,12417,1223929571
2820,22471,1223929597
13051,13051,1223929607
5171,15187,1223929807
2455,2455,1223930556
1674,22076,1223930593
13368,1154,1223930855
247,13153,1223931464
16204,5058,1223931645
24069,24069,1223931801
23909,341,1223932259
16204,341,1223932355
1925263,1925263,1223932600
1896,17648,1223933082
14860,305,1223933910
305,305,1223934136
18745,27059,1223934138
18745,27059,1223934191
15541,4481,1223934219
21238,21238,1223934630
12870,13279,1223934634
15541,16663,1223934671
15541,11604,1223934717
1228,16663,1223934890
4687,4687,1223935321
18658,4687,1223935417
2031,917,1223936070
17008,7598,1223936079
4687,4687,1223936608
16724,16050,1223937487
16050,16050,1223937698
426,426,1223938533
16724,16050,1223938596
13313,446104,1223938939
6386,18511,1223939015
2982,3043,1223939236
446104,446104,1223939240
14444,63,1223939405
2820,9825,1223939873
18511,18511,1223940017
419,27516,1223941954
63,63,1223941964
9642,5232,1223942153
8174,28281,1223944018
13676,13676,1223944054
24396,6414,1223944074
12711,13041,1223944887
13041,13041,1223945566
1175,22471,1223946138
2820,9825,1223946413
437,285,1223946736
4092,17558,1223946769
12969,572,1223947041
12969,572,1223947118
18771,572,1223947207
572,572,1223947234
1291,14441,1223947454
14441,14441,1223947540
8718,8718,1223947814
12711,13041,1223948083
3937,25304,1223948348
18771,13041,1223948387
86,9360,1223948592
2598,20467,1223948602
86,9360,1223948701
7488,239663,1223949524
7210,25304,1223949903
18893,16584,1223949973
6918,572,1223950179
572,572,1223950251
16584,16584,1223950389
10661,1965,1223950503
13279,27585,1223950843
285,285,1223950922
285,285,1223951049
18804,6583,1223951088
9360,9360,1223951206
9360,9360,1223951247
17964,1965,1223951467
6848,19074,1223951496
369,27585,1223951504
13376,4481,1223951739
7565,1228,1223951798
13376,4481,1223951827
9345,750,1223952158
27585,27585,1223952274
27585,27585,1223952525
19074,19074,1223952740
681,681,1223952800
14444,63,1223953134
239663,239663,1223953289
1228,567,1223953425
14122,18415,1223953605
3333,26976,1223953774
12601,1284,1223953885
26976,26976,1223954189
3333,26976,1223955653
23845,21672,1223956048
23598,23598,1223956571
21672,21672,1223956675
18529,1042,1223956711
437,285,1223956928
12267,2376109,1223957118
9787,27096,1223957199
14069,22471,1223957683
2974,7565,1223958022
4003,4003,1223958948
14069,4854,1223959011
4337,27630,1223959131
4003,4003,1223960723
27580,27580,1223961352
25837,26130,1223962094
784,1965,1223963223
1233,12448,1223963283
27653,27653,1223964769
27012,18619,1223967063
1100,1100,1223967194
2574,27493,1223968250
9815,757,1223968639
14750,4481,1223968724
24170,24170,1223969411
11289,12448,1223969971
24390,14007,1223970304
24390,14007,1223970340
14069,3712,1223971052
14069,3712,1223971592
7831,1013,1223972016
3712,3712,1223972040
4276,4229,1223972620
18770,3712,1223974023
25677,356,1223974499
25304,25304,1223974547
3333,27689,1223975315
1291,1559,1223975895
1559,1559,1223976107
18893,26625,1223979625
6688,26625,1223979700
14755,14755,1223981054
12950,12950,1223981071
14619,7595,1223982469
8090,4337,1223983617
18771,23845,1223984402
14033,26651,1223984525
18771,14755,1223985396
18771,2627,1223985911
456,15124,1223987951
20938,23119,1223989212
4337,4337,1223989370
15124,15124,1223990372
19966,432,1223992184
11356,2745562,1223996845
16005,16440,1223997835
16440,16440,1223998693
986,22076,1223999316
21574,16440,1223999638
7190,9948,1224000518
23023,13440,1224000697
13440,13440,1224000987
23023,13440,1224001512
13440,13440,1224002498
984,1912,1224002707
939,939,1224002726
1912,1912,1224002890
23354,27787,1224003890
20986,7734,1224003890
1695,18471,1224005089
20363,6300,1224005429
18471,18471,1224005497
6199,6300,1224005572
27800,27800,1224006564
5640,6300,1224007228
16686,16352,1224007320
6414,4639,1224008436
10433,10433,1224008448
4165,22850,1224008848
2820,27800,1224009138
4050,6300,1224009237
22466,2024,1224009771
23354,11989,1224010081
7734,7734,1224012364
13154,27457,1224013290
3850,2183,1224013379
11815,4418,1224013692
3850,17451,1224014231
4418,4418,1224014484
9493,2183,1224015383
22303,6954,1224015620
5058,1384652,1224015878
12252,25843,1224015967
5058,25843,1224016467
18771,16676,1224016564
148,31505,1224016850
27630,27630,1224017284
14122,16430,1224017381
3043,9431,1224018019
1816,15255,1224018037
96,5232,1224018530
9021,1912,1224018867
5696608,1912,1224019069
1912,1912,1224019276
1912,1912,1224019352
18893,16989,1224020294
11545,11545,1224020752
12725,21828,1224020801
22471,22471,1224020874
4418,27736,1224020891
10675,27736,1224021575
17469,5182,1224021712
4969,27765,1224021775
1554,6048,1224022256
91,91,1224022370
13051,27736,1224022494
29,21828,1224022530
4418,27884,1224023133
4418,27884,1224023180
21828,24039,1224023233
4725,21987,1224023365
5058,24039,1224023631
5058,24039,1224023663
14569,27874,1224023705
5703,27874,1224023999
13913,12514,1224024041
14569,2820,1224024144
14048,91,1224024186
21987,21987,1224025336
12725,27884,1224025377
18771,27305,1224025591
20654,781,1224025607
9504,13930,1224025754
20400,1323,1224025781
16391,5486,1224025933
5486,5486,1224026085
22621,27912,1224026110
1323,1323,1224026216
2954,781,1224026447
17964,1323,1224026767
17964,1323,1224026819
4257,1323,1224027078
14032,14032,1224027388
18866,19687,1224028202
1659,17145,1224028232
5190,11439,1224029260
2820,2820,1224029306
17964,1323,1224029353
1190,1190,1224029531
1190,1190,1224029573
17964,1323,1224029590
1554,16989,1224029926
2859,11439,1224029939
17145,17145,1224030268
12725,1323,1224030710
17964,1323,1224031051
1659,17145,1224031140
17964,1323,1224031180
4249,5175,1224031294
17145,17145,1224031477
24039,24039,1224031596
11130,20267,1224032943
18107,24039,1224033096
8155,5189,1224033469
16391,20006,1224033575
1175,681,1224033821
2915,2915,1224034359
146,1638,1224034385
1291,1638,1224034704
4083,9328,1224034785
16391,1311,1224034797
8236,27943,1224035006
27943,27943,1224035400
1311,1311,1224035408
13376,4481,1224035532
13430,27804,1224035815
8454,1311,1224035885
12234,26276,1224036222
5314,19803,1224037087
4418,4653,1224037203
7565,18978,1224037216
12707,18978,1224037501
25837,21155,1224037658
369,369,1224037874
1323,1323,1224037987
2966,19479,1224038197
21155,21155,1224038238
2470,2470,1224038513
13051,10861,1224039802
21724,18941,1224040315
12267,19527,1224040526
18941,18941,1224040658
2954,19803,1224040831
13930,13930,1224040904
5812,9925,1224041587
10397,20836,1224042229
13,13466,1224042235
13466,13466,1224042413
23940,9602,1224042419
1421,8900,1224042529
6508,3012,1224042572
3848,3022,1224043048
17917,13466,1224043197
20836,20836,1224043344
8900,8900,1224043369
12442,1284,1224043494
6897,20006,1224043679
10397,20836,1224044057
1337,14728,1224044452
13990,68336,1224045115
24179,18941,1224045429
745,13466,1224045582
1892,9450,1224045859
346,27331,1224047200
1553,68336,1224048937
16084,13466,1224049608
1790,1965,1224049623
1965,1965,1224049712
9642,9642,1224050650
13227,13227,1224050667
13687,4828,1224052929
18893,68336,1224053510
14122,26510,1224053852
14122,26510,1224053890
18941,3957,1224054679
4916,12448,1224054839
3661,3661,1224054992
1163802,25891,1224055219
1042,1075,1224055300
18941,10019,1224055365
1163802,4893,1224055503
10224,3661,1224056069
6048,6048,1224057243
18941,4490,1224058462
26334,9021,1224059217
18941,10019,1224060261
18265,239663,1224061250
1100,26210,1224062817
1666,23309,1224062999
18265,239663,1224063153
12484,50,1224063395
2598,13728,1224063510
1000,25891,1224063627
27580,27580,1224063806
11181,11142,1224064298
22466,27580,1224064712
23309,23309,1224065491
11142,11142,1224066949
4337,5023,1224067188
4600,4828,1224067220
5023,5023,1224067231
26,18482,1224067661
26,18482,1224067791
26210,26210,1224068927
3957,3957,1224069936
943,24718,1224070399
18658,24718,1224070468
943,24718,1224070601
18658,24718,1224070658
943,24718,1224071322
943,8091,1224071371
23845,11522,1224072213
9815,9021,1224074985
8091,28074,1224075217
14253,9731,1224075815
15168,24661,1224077050
16076,5302,1224078659
28074,28074,1224080411
11963,2119,1224080861
1710,20971,1224082962
4979,5504,1224083994
5343,27943,1224085696
15459,6236,1224087055
27498,11619,1224087127
11619,11619,1224087681
15329,2084,1224090754
27351,17211,1224091833
16035,17211,1224091904
15541,17211,1224092068
20257,17211,1224092144
15541,17211,1224092277
5058,2863,1224093407
25210,28180,1224093812
22114,2166173,1224094453
2166173,2166173,1224094597
419,17211,1224094689
10661,27778,1224095793
1179,7136,1224096311
6932,31505,1224096377
14860,366094,1224097067
22466,7315,1224097877
15625,15109,1224098097
5731,1277510,1224098807
11649,28212,1224099035
437,21240,1224099059
6568,22061,1224099898
7419,3522,1224100158
15541,22162,1224100313
1820,9951,1224100321
9951,9951,1224100717
9951,9951,1224100947
1965,28212,1224101131
7872,203,1224101711
8305,8305,1224102042
23023,14302,1224102345
16434,22283,1224102366
14302,14302,1224103024
28212,28212,1224103225
22061,22061,1224104019
6120,25491,1224104139
11815,25491,1224104148
4873,5469,1224104220
1181217,9602,1224104402
22162,22162,1224104426
22283,22283,1224104547
8027,11834,1224105752
5469,5469,1224105902
1277510,1277510,1224106074
430,17469,1224106142
26140,26140,1224106394
17469,17469,1224106657
12711,27545,1224106894
14069,18673,1224107151
3665,22283,1224107733
20893,9140,1224108656
9140,9140,1224108703
21045,12193,1224108892
12424,12261,1224109150
14031,14031,1224109523
22283,22283,1224110136
6897,18552,1224110205
8090,28202,1224110322
4828,4828,1224110781
18552,18552,1224111078
23234,18552,1224111165
11911,13149,1224111387
11911,13244,1224111909
25304,25304,1224112537
11907,11907,1224112563
25304,25304,1224112631
459737,459737,1224113323
9345,13578,1224113717
4725,18078,1224114487
2974,1965,1224114546
3043,1965,1224114909
3043,1965,1224114955
1694,1694,1224115183
12579,12579,1224115255
27943,27943,1224115453
14122,17469,1224115753
1175,4381,1224116065
4381,4381,1224116531
10861,10861,1224116705
15401,2357,1224116712
2648,1038,1224116829
203,203,1224116981
9034,2357,1224117619
2974,1965,1224117798
2974,1965,1224117955
9648,9648,1224118215
7565,6822,1224118481
6309,9648,1224120439
3712,12170,1224120725
15168,25017,1224120963
2757,7205,1224121560
4960,25017,1224121625
4418,905,1224121927
905,905,1224122195
4893,4893,1224122370
11649,1737,1224122584
14065,1737,1224122652
32538,23323,1224124767
15541,23323,1224124894
15880,23323,1224125432
1291,7961,1224125575
9345,23323,1224125581
15880,18078,1224125643
2543,21784,1224125968
23234,7205,1224126003
6807,4381,1224126851
23234,13913,1224126885
6932,10559,1224127573
15880,12545,1224127686
1737,1737,1224127833
1737,1737,1224127940
12545,12545,1224128067
20654,338,1224128084
1053,12545,1224128139
1291,12545,1224128454
305,305,1224128574
21239,10755,1224128739
9345,12545,1224128792
4528,27221,1224128947
10559,10559,1224129036
781,826,1224129495
8945,15955,1224129892
71,71,1224129969
15955,15955,1224130082
10077,28392,1224130273
26334,12545,1224130807
13724,18673,1224131013
13564,14747,1224131874
17076,826,1224132027
27414,4386,1224132248
5171,15045,1224132903
21384,12545,1224133197
4386,4386,1224133573
21862,826,1224133635
8943,21386,1224133917
4965,21386,1224133953
3798,21664,1224134048
21664,21664,1224134371
12950,14752,1224134380
4916,2849,1224134490
23512,23323,1224135906
10559,10559,1224136124
9974,23499,1224137211
20654,25039,1224137890
5618,21664,1224139032
826,826,1224139650
18893,1343,1224140933
16076,826,1224141026
1343,1343,1224141115
4960,905,1224141749
18893,1343,1224141831
6899,1692070,1224141853
13492,13492,1224142333
305,26130,1224142818
22897,22897,1224142832
26130,26130,1224143362
12950,18449,1224143776
12950,18449,1224143870
32538,28360,1224144234
18437,18437,1224144443
17008,26130,1224144463
5114,3966,1224144467
4003,1694,1224145639
6899,3966,1224145952
10991,18449,1224146280
25039,25039,1224150169
24276,7610,1224152436
1337,19527,1224154398
11442,11442,1224154575
20893,1341,1224155837
1896,3751,1224156347
1896,24958,1224157210
1896,8995,1224157288
17862,16415,1224157907
17174,18449,1224163206
6521,13492,1224164191
15541,1030,1224164934
21764,12442,1224167217
26313,11740,1224167297
3146,27239,1224173457
26374,6725,1224174717
4279,18333,1224174960
6725,6725,1224175204
14033,5314,1224175403
5023,24064,1224176242
6651,4489,1224176547
2859,20400,1224177496
28501,28501,1224178277
13,6561,1224178842
22656,5337,1224179041
13,5337,1224179135
13,5337,1224179197
22656,5337,1224179225
8297,20310,1224179706
28169,959,1224181002
1,17451,1224181625
15537,17451,1224181844
1836,12545,1224182481
6899,17451,1224182576
12950,23491,1224182888
572,572,1224184179
6449,5868,1224184218
3937,445087,1224184252
27637,6561,1224184524
21709,18167,1224184819
1695,5246,1224185766
14359,28557,1224185778
2820,25632,1224186666
2849,2849,1224187185
14065,22283,1224187302
15329,27929,1224187701
4918,279238,1224188512
20893,1122,1224188709
5618,13115,1224188711
18146,1076,1224189006
27439,28557,1224189486
18529,195,1224189930
18146,13053,1224190329
1185,10589,1224190696
16035,10589,1224190824
8155,17803,1224191101
279238,279238,1224192009
5868,5868,1224192465
3655,27213,1224192675
3655,14022,1224193109
17516,22162,1224193196
16035,572,1224194331
419,28149,1224194491
4200,28607,1224195176
419,28149,1224195534
3850,825,1224195662
7419,13172,1224195851
5314,5314,1224195886
825,825,1224196048
10559,21254,1224196067
6350,6350,1224196491
6350,6350,1224196647
419,28149,1224196658
1820,9293,1224197365
1968,21254,1224197373
5190,26792,1224197883
20310,28544,1224198277
4337,11989,1224198878
11989,11989,1224198952
15541,10589,1224199035
4249,2819,1224199104
16035,2819,1224199209
17787,21679,1224199403
15168,2293,1224199534
14048,4200,1224199613
2148773,3966,1224199797
10589,10589,1224199859
6807,26262,1224199870
2819,2819,1224199906
20770,28641,1224200202
14022,14022,1224200624
23234,22763,1224200899
21365,28641,1224201150
20363,1165587,1224201314
1200558,28647,1224201334
15541,1165587,1224201543
27826,28647,1224201589
1790,10093,1224201672
5903,82,1224201714
12424,28281,1224201757
11898,1165587,1224201764
20363,82,1224201813
23234,22763,1224201860
9345,82,1224202952
23023,173,1224203020
15689,24848,1224203220
4200,24848,1224203381
4249,20654,1224204050
8435,24644,1224204229
2598,24644,1224204252
1450,23513,1224204324
96,34,1224204791
3478,1862,1224204867
96,34,1224204875
10661,22897,1224204951
11549,11234,1224205121
1042,18664,1224205409
419,572,1224207009
35,572,1224207110
572,572,1224207181
12887,15345,1224207713
4192,25066,1224207759
12950,21586,1224208503
3937,9815,1224208994
9815,9815,1224209208
25066,25066,1224209519
16511,28668,1224209554
304,1288,1224209564
28668,28668,1224209809
23893,18941,1224210074
893,1965,1224210271
1965,1965,1224210466
18771,1965,1224210567
9293,9293,1224211029
20789,12388,1224211132
1666,1175,1224211349
1084,1175,1224211723
14750,4481,1224211829
4337,3661,1224212340
3619,24179,1224212777
16398,16398,1224212839
4337,3661,1224213074
25066,16398,1224213181
26,8737,1224213387
7210,14230,1224213451
16398,16398,1224213904
14230,14230,1224213911
15638,14260,1224213952
8737,8737,1224213984
24179,24179,1224214172
1310,9922,1224214289
3146,2683,1224214517
14033,5314,1224214617
18941,24179,1224214674
5314,4490,1224214852
3619,24179,1224215038
24179,24179,1224215116
149,28314,1224215451
23512,2683,1224215488
24179,24179,1224215587
19624,28300,1224215770
3619,24179,1224215878
24179,24179,1224216027
10661,27305,1224216657
13913,28717,1224216998
2490,2490,1224217538
6897,27630,1224217751
8900,8900,1224217974
27628,28720,1224218466
28720,28720,1224219375
9951,2118,1224219559
20848,1409636,1224219718
1409636,1409636,1224220160
20848,1409636,1224220316
10661,8359,1224220428
13911,7952,1224220786
19258,25143,1224220939
7952,7952,1224220945
16417,18802,1224221516
10224,18482,1224222404
4337,3661,1224222742
2608,2608,1224223486
1337,2683,1224223587
14606,2045,1224224190
15842,15842,1224224779
1337,16148,1224225346
15537,18770,1224225621
1337,25683,1224225663
1790,1994,1224225684
1337,17794,1224225826
1337,5061,1224225921
1337,22162,1224225985
1337,22162,1224226064
10897,20654,1224226114
1337,4228,1224226147
2147,20654,1224226522
9793,20654,1224226659
25201,25201,1224226694
18146,27294,1224228023
2859,18802,1224229344
14122,1996,1224230730
10661,27305,1224230965
3712,1409636,1224231529
16942,27305,1224231576
4086,11032,1224231755
19939,28524,1224231842
26310,13432,1224232417
10862,28413,1224233407
2574,14587,1224233599
28413,28413,1224233791
9361,26351,1224234594
5441,26130,1224235217
26130,26130,1224235504
1790,13432,1224235524
12950,26130,1224235960
26130,26130,1224236094
2574,7122,1224236399
27305,27305,1224237659
3146,26130,1224237863
26130,26130,1224237898
12950,26130,1224238629
9417,28802,1224239951
6084,6084,1224240667
4853,26130,1224241148
18529,165305,1224241743
1337,144,1224241893
26,8737,1224242238
10862,28413,1224242919
8359,8359,1224246833
1996,1996,1224246962
11484,27779,1224247110
15168,1965,1224250897
23354,28413,1224251157
13216,13216,1224253377
13051,15055,1224253787
3661,3661,1224254093
23297,7028,1224254199
7524,22673,1224255428
22673,22673,1224255686
22673,22673,1224255771
23066,4918,1224256911
6048,18642,1224257315
28413,28413,1224257701
28413,28413,1224258164
28413,28413,1224258203
18097,28622,1224258385
4172,18676,1224260132
15541,192,1224260224
192,192,1224260377
26511,25762,1224260755
22617,13055,1224262193
267,1709,1224263763
15541,26210,1224265810
5171,15055,1224266334
1060,2109,1224266749
2109,2109,1224267749
4203,24927,1224269028
25837,21155,1224269842
8155,16387,1224269913
1709,1709,1224270766
1709,1709,1224270868
10292,28413,1224272846
16834,5147,1224272870
10661,27305,1224273355
96,2483628,1224273385
27779,27779,1224273441
3014,5416,1224274028
6897,7021,1224274058
21239,5633,1224274804
7021,7021,1224274893
18893,7106,1224275176
2959,122,1224275426
1288,5633,1224275494
2959,8360,1224275691
16035,8360,1224275750
8360,8360,1224275926
22656,13913,1224276026
13913,13913,1224276735
27631,144,1224276774
1450,24204,1224277383
5147,5147,1224277606
27305,27305,1224278112
26259,1199234,1224278298
1228,2959,1224278458
18866,8508,1224279643
8435,28954,1224279961
8297,28954,1224280056
13693,28954,1224280678
23866,28954,1224280918
2871,28954,1224280935
32538,15682,1224281025
24204,24204,1224281166
4337,2046272,1224281840
2046272,2046272,1224282256
4337,2046272,1224282550
8543,1223,1224283214
1615,184,1224283412
16219,1223,1224284025
17964,26259,1224284999
1695,28989,1224285466
9345,1223,1224285829
27637,2470,1224285938
18901,18664,1224286066
2470,2470,1224286080
27637,17337,1224286260
1247,12037,1224286402
4281,1737,1224286601
27637,6651,1224286656
16387,16387,1224287141
24396,28604,1224287259
13285,13285,1224287639
419,419,1224288115
572,255,1224289340
1616,1741868,1224289989
214,1741868,1224290321
1790,1360,1224290577
1790,1360,1224290615
8543,1223,1224290637
255,255,1224290721
1,10157,1224291953
2757,3153,1224292104
1616,1741868,1224292561
9345,1223,1224292768
1256,25371,1224292996
26,4376,1224293072
1741868,1741868,1224293526
21258,6651,1224293545
26479,71,1224294255
18804,2382102,1224294694
12234,25781,1224294712
27637,1942,1224294947
7141,14621,1224295315
20417,1360,1224295863
1337,28607,1224296402
214,25571,1224296652
13430,9362,1224297035
17312,5590,1224297173
3333,9362,1224297246
20417,25371,1224297249
9842,255,1224297307
26227,9362,1224297701
1942,1942,1224297773
3655,21784,1224297809
17312,5590,1224297831
14092,1942,1224297869
21784,21784,1224297904
811,1223,1224298010
811,9362,1224298213
18097,24813,1224298449
18097,21784,1224298573
1942,1942,1224298749
5590,5590,1224298813
12725,17498,1224298999
13531,338,1224299356
1790,16195,1224299810
1247,20487,1224300179
27204,17498,1224300373
14048,520,1224300504
27637,13500,1224300734
27204,12649,1224300876
16258,1815,1224301741
893,1367022,1224301931
12349,3155,1224303514
16886,520,1224304455
26327,1318,1224306209
19258,28625,1224306284
19258,1318,1224306597
1577190,9414,1224307078
28845,28845,1224307760
17160,13990,1224309158
5469,28914,1224311069
23829,23829,1224311132
3937,18785,1224312526
3937,5469,1224314753
2574,29049,1224314779
1421,8900,1224316673
2915,23107,1224318929
28314,28314,1224319888
3,28919,1224322072
2130,2130,1224322907
9808,9611,1224323563
9611,9611,1224324305
16942,1318,1224326669
2193,29148,1224327423
4154,2130,1224327751
28258,21406,1224328241
1037,11710,1224329347
17964,242241,1224329765
2130,2130,1224329868
2130,2130,1224329945
18471,2067,1224330611
2067,2067,1224331168
15168,15352,1224331894
15168,26918,1224331940
13564,15682,1224331974
15168,486,1224332021
893,13432,1224338320
23309,13432,1224339225
3560,13466,1224339475
61,13432,1224339497
4872,1512,1224339622
23297,22039,1224341238
6309,24717,1224345321
18471,2067,1224346394
3191,6651,1224346551
14092,1942,1224348275
28727,5274,1224349369
1715673,15296,1224352793
15682,15682,1224352852
22656,28722,1224353446
10661,1512,1224355000
27929,14484,1224356320
4257,21755,1224357358
27081,1815,1224357980
1821,23458,1224358169
17335,6651,1224358228
1,23458,1224358348
1549,1549,1224359991
1200558,28722,1224360369
18642,18642,1224360748
13376,28411,1224364866
1398,28411,1224366484
16219,11439,1224367986
28411,28411,1224368802
9815,6651,1224369611
2067,2067,1224369698
4044,26121,1224370044
28558,26121,1224370448
26121,26121,1224370764
5190,16485,1224372654
5314,27068,1224373167
16485,16485,1224373246
12950,16485,1224373470
16485,16485,1224373663
1337,7598,1224373782
12950,29249,1224374558
12950,16485,1224375769
18484,369,1224376821
20713,9362,1224383853
27637,8954,1224384092
23107,15947,1224388765
6521,1200558,1224388766
15459,21755,1224389050
28411,11795,1224393542
11436,8547,1224396304
7028,26111,1224396902
1288,29211,1224398048
21475,8047,1224398124
4050,29312,1224398822
15168,9362,1224398867
18255,29312,1224399079
27009,3153,1224401362
3153,3153,1224402594
3474,5017,1224405529
1559,4916,1224406154
27860,16624,1224406734
16485,16485,1224408307
12711,19521,1224411113
28258,19521,1224411610
16076,26349,1224416178
3153,1,1224416641
14122,1256,1224417122
15168,6320,1224422864
4979,27068,1224423425
3137,6320,1224424441
15168,15721,1224424922
22656,26349,1224426075
22656,26349,1224426358
3137,6320,1224429244
5113,1256,1224437244
18771,4962,1224437606
15454,4653,1224440423
23845,23845,1224444219
10661,11324,1224445325
18471,29268,1224447480
18471,2067,1224447622
1,17877,1224448917
6932,28293,1224449765
29268,29268,1224449816
25222,2289,1224451189
15168,2289,1224452589
9808,16429,1224453388
2289,2289,1224453441
6309,8217,1224454169
28558,27163,1224455953
15168,1256,1224464342
15168,1256,1224464404
1256,1256,1224464718
15168,1256,1224464718
1256,1256,1224464951
1256,1256,1224465004
4279,658,1224469341
706,9771,1224471080
369,369,1224472210
12631,4332,1224472415
4332,4332,1224472743
7532,22656,1224473078
22656,22656,1224473683
2495,2495,1224474120
7532,22656,1224474666
2025,29442,1224475421
29442,29442,1224478281
6899,11324,1224479361
6899,11324,1224479695
2067,2067,1224479858
17145,19272,1224480260
6899,11324,1224481014
12711,26379,1224482285
3146,26379,1224482449
3146,26379,1224482481
6899,6899,1224482769
3821,28919,1224487420
23643,16429,1224489404
1790,26685,1224490215
26976,19403,1224490656
24975,26685,1224496726
26976,11397,1224506436
6068,6068,1224506661
6068,6068,1224506870
11397,11397,1224507789
21482,1277510,1224509535
18061,8014,1224512932
26809,26809,1224514050
28169,1081,1224515538
20879,4192,1224516320
5599,29443,1224516428
17028,82,1224517734
5351,4913,1224518683
4549416,337,1224519172
560,15396,1224519526
5190,15396,1224520775
372,18619,1224522424
489,18619,1224522584
24813,24813,1224522783
19762,5791,1224524112
21709,11538,1224525413
22076,22076,1224525488
951280,7028,1224526197
7028,7028,1224526667
17028,11538,1224526853
12950,26379,1224528337
26379,26379,1224528903
26379,26379,1224528967
10661,3182,1224529229
4100,18664,1224529593
4100,1968,1224529702
6899,18909,1224530014
1968,1968,1224530548
27628,5023,1224530629
20007,25319,1224530918
22673,27789,1224531086
2541,29590,1224531302
27453,13278,1224531516
10661,29590,1224531668
14749,27789,1224531819
18471,2067,1224532333
28558,28968,1224532660
15459,27789,1224533963
9021,26111,1224534372
18893,12579,1224534427
22673,27789,1224535168
2648,14540,1224535247
12950,26379,1224535905
18893,18709,1224536263
14048,18709,1224536369
5791,5791,1224536486
363,28305,1224536558
14048,1006,1224536882
1006,1006,1224537199
12725,1006,1224537550
1006,1006,1224537611
5836,19655,1224537792
27029,27596,1224538220
27029,27596,1224538365
984,5409,1224538399
14048,5409,1224538595
19655,19655,1224538815
8945,12469,1224539549
12579,12579,1224539553
12601,12469,1224539768
3043,445049,1224540338
3043,445049,1224540416
658,7492,1224540815
1450,18722,1224541304
28558,445049,1224541398
18722,18722,1224541689
1450,18722,1224542232
4777,29574,1224542599
1815,1815,1224542948
598,1400,1224543062
4950,4950,1224543131
5812,16073,1224543647
22621,28641,1224543779
7215,28641,1224543846
25727,29635,1224543893
4337,17784,1224544108
28641,28641,1224544219
15393,16417,1224544255
4950,20151,1224544413
22621,17784,1224544580
28641,28641,1224544609
18528,28641,1224544783
18198,1747,1224545871
1747,1747,1224545884
18198,1747,1224545930
1747,1747,1224545969
18198,1747,1224545979
1747,1747,1224546026
13051,1747,1224546040
1747,1747,1224546089
1316,1747,1224546194
4140,4140,1224546224
13295,1747,1224546456
3043,2701,1224546534
11181,4140,1224546534
13913,4140,1224546559
11354,22634,1224546723
1747,1747,1224546941
1291,7565,1224547117
4337,1747,1224547296
4249,3153,1224548143
7714,2701,1224548298
6345,18664,1224548873
6345,9236,1224548907
1821,23458,1224548980
28351,28351,1224549735
2483628,2483628,1224549810
28919,28919,1224549875
14606,29688,1224550053
7565,1747,1224551126
2284,2822,1224551200
7418,1782,1224552007
11059,11059,1224552178
13913,15971,1224552595
239663,4376,1224553045
7565,7565,1224553915
1786,15971,1224554384
4916,4916,1224555011
29345,29345,1224555780
16417,16417,1224556095
445049,445049,1224556261
11577,445049,1224557098
13813,22970,1224557835
22970,22970,1224558020
1163802,4893,1224558353
11181,1446,1224558508
20654,7028,1224558953
27012,28919,1224559120
1747,1747,1224559740
2915,4525,1224560594
287,13435,1224560755
4525,4525,1224561411
20848,4525,1224562094
2859,26351,1224562205
29539,2915,1224562305
13813,22426,1224562582
12711,9936,1224562709
9936,9936,1224563576
3850,18909,1224564342
18146,4494,1224564686
946,13800,1224564725
908,525,1224564775
15168,29783,1224565389
2915,25066,1224565485
18333,25066,1224565618
25066,25066,1224565865
22426,22426,1224565956
9361,26309,1224566738
6320,6320,1224567904
2208,85,1224568955
23815,1790,1224569337
19468,13930,1224569562
2574,9236,1224570025
17964,1790,1224570912
525,525,1224571132
12424,26309,1224571308
12424,26309,1224571562
18187,29173,1224571650
8900,2660,1224572074
26309,26309,1224572490
26309,26309,1224572595
16399,14316,1224574157
332,2915,1224574260
14316,14316,1224574418
1042,1363,1224574804
5023,5023,1224574810
5982,5982,1224575186
332,2915,1224575344
13,7734,1224575664
6444,7734,1224575944
2574,14587,1224576251
459,459,1224577164
14033,11829,1224577715
20151,20151,1224577748
20151,20151,1224578650
20151,20151,1224578683
7734,7734,1224578975
7734,7734,1224579114
20151,20151,1224579176
7734,7734,1224579307
18941,1100,1224579496
7831,1100,1224579538
24355,26309,1224579839
26,6335,1224580789
10661,26310,1224581283
372,24126,1224581471
6335,6335,1224581670
372,29799,1224581776
26310,26310,1224582238
714,29810,1224582861
12484,9611,1224583229
27453,24824,1224583799
10629,24126,1224584064
5232,5232,1224584570
20772,24126,1224584574
1790,1790,1224584774
10638,22917,1224586575
25380,4914,1224586728
25677,29326,1224587291
25677,14903,1224587475
20713,20772,1224587660
26309,26309,1224587909
20772,20772,1224589043
15124,22076,1224589745
3146,22076,1224589859
26227,26227,1224590004
2601671,2601671,1224590277
5314,18658,1224591861
27294,27294,1224592241
28524,28524,1224592651
1695,29688,1224593519
22656,10387,1224594245
23354,29867,1224596257
25727,20151,1224596735
6387,27795,1224596959
11333,986,1224597543
24039,27795,1224598034
11181,22452,1224598229
25210,6583,1224598609
9021,29820,1224598710
23354,10387,1224599759
16673,22076,1224599803
12711,29326,1224600011
22656,6583,1224600665
22656,6583,1224600707
22656,6583,1224600755
15124,22076,1224601239
22452,22452,1224601500
986,986,1224601713
22147,23498,1224602160
13744,22076,1224603197
2811,22147,1224603498
18771,29880,1224604454
11815,20772,1224604819
11829,11829,1224606725
1695,1695,1224607049
18484,28139,1224607825
26721,22673,1224608226
15477,23368,1224608714
1606,1943,1224609473
259,259,1224609555
5190,11677,1224609649
10661,18909,1224609769
4918,21537,1224610614
20946,29912,1224610744
22116,22673,1224610891
22673,22673,1224612070
20074,21537,1224612361
25727,5186,1224614225
997,997,1224614598
5186,5186,1224614932
22673,26823,1224615097
23354,9825,1224616307
9825,9825,1224616944
1585,12469,1224616953
20906,20906,1224617389
6444,16925,1224618760
7122,28968,1224618791
22673,28968,1224618994
29820,29820,1224619275
22147,22147,1224619334
6899,24065,1224619347
2820,27305,1224619471
3347,27305,1224620192
20272,27305,1224620358
27305,27305,1224620463
15541,27305,1224620956
6932,22693,1224621084
13376,29947,1224621154
2603,28968,1224621211
27305,27305,1224621218
26521,26521,1224621427
26521,26521,1224621597
17436,27305,1224622131
10722,23893,1224622205
2820,15884,1224622535
19746,19746,1224622584
23354,45,1224622647
1228,11229,1224623354
14728,12881,1224623631
27414,28149,1224623706
7946,29912,1224623731
15842,452521,1224623910
730,15884,1224623986
4249,2648,1224624020
4916,22996,1224624309
27637,17436,1224624420
15541,3314,1224624855
20713,20772,1224625262
5811,29326,1224625370
15541,21711,1224625384
27825,29982,1224625411
12424,29982,1224626028
4200,29982,1224626374
13313,16177,1224626608
4200,29982,1224626859
6954,2982,1224626859
2495,2495,1224626947
15416,16177,1224626991
23845,4264,1224627256
15459,15255,1224627624
16308,4264,1224627664
1554,4264,1224628192
15168,244,1224628534
21755,21755,1224628619
13435,20074,1224628724
24181,20074,1224628831
21537,21537,1224629105
21244,11898,1224629107
16177,16177,1224629493
11898,11898,1224629854
14089,20310,1224629966
10661,12631,1224630598
12349,29947,1224630776
26313,4264,1224630795
4960,4960,1224630840
2982,2982,1224631023
20310,20310,1224631159
15168,32538,1224631431
23234,2903,1224632137
32538,32538,1224632353
22732,24565,1224632580
82,82,1224632670
21244,11898,1224634008
24565,24565,1224635159
24565,24565,1224635190
13279,25368,1224636318
5745,25368,1224636375
13279,30032,1224636381
14606,24565,1224636436
18619,29123,1224636705
13430,32538,1224636734
30032,30032,1224636781
13430,32538,1224636794
20772,20772,1224636858
20310,16855,1224636897
1830,30043,1224637433
1830,30043,1224637479
32538,32538,1224637520
96,30043,1224637591
20848,30043,1224637626
1830,30043,1224637835
6210,9936,1224638087
20848,30043,1224638183
20946,20946,1224638867
24181,18986,1224638953
12881,27491,1224639238
16034,422,1224639761
811,27491,1224639902
4998,30043,1224639936
8078,17712,1224640223
1288,2598,1224640247
20848,20848,1224640380
23632,30043,1224640408
16911,30043,1224640568
2598,2598,1224640579
16911,30043,1224640686
2486915,30043,1224640697
10661,26004,1224640729
1659,20946,1224640782
26004,26004,1224641183
1175,28926,1224641184
619,28926,1224641202
1438,28926,1224641221
343,28926,1224641272
13913,28926,1224641415
28926,28926,1224641444
28926,28926,1224641585
1175,28926,1224641735
14903,14903,1224641891
10897,27491,1224641924
12950,27491,1224642017
13913,28926,1224642048
3475,27491,1224642214
28926,28926,1224642221
96,28926,1224642260
28926,28926,1224642547
28841,16339,1224642586
29493,29493,1224642587
3484,3484,1224642684
20363,18927,1224643081
12950,13051,1224643114
1409,230,1224643341
29539,267,1224643371
267,267,1224643490
18180,5291,1224643979
2102,826,1224644121
25319,25319,1224644273
23795,2046272,1224644504
18575,21209,1224644522
27637,22471,1224645056
22471,22471,1224645127
22303,16891,1224645227
2598,2598,1224645710
21209,21209,1224645739
60,16891,1224645847
16241,16241,1224645876
17516,23280,1224645976
11181,17712,1224646048
17712,17712,1224646225
1646,28139,1224646756
3189,30076,1224647214
13051,13051,1224647771
22303,21286,1224648101
9925,9925,1224648467
30076,30076,1224648492
6069,7734,1224648513
27637,1574,1224649183
18431,18431,1224649236
1412,17523,1224649372
11549,18431,1224649486
27637,826,1224649557
17523,17523,1224650738
13279,1574,1224650771
15809,17523,1224650844
4193,577,1224651103
615,4572,1224651162
16886,21387,1224651940
22656,438,1224652432
19624,30145,1224652563
1574,1574,1224652867
10661,577,1224653607
438,438,1224654409
29268,13843,1224654657
20265,2112692,1224654674
26210,26210,1224654747
13990,13990,1224654984
757,2178,1224656596
20946,20946,1224657185
5291,5291,1224657233
12711,7734,1224657641
13843,13843,1224658313
5921,5921,1224659017
16076,30170,1224659374
16076,1100,1224659847
16076,30181,1224659889
30170,30170,1224660868
10661,4086,1224660900
12908,131,1224661916
10991,18309,1224662391
131,131,1224662702
12950,13051,1224662757
28258,4086,1224663404
24355,26309,1224664024
437,30187,1224664182
525,17964,1224664540
2859,30141,1224665303
2859,29912,1224665686
28258,28258,1224666393
2859,29838,1224666443
28258,23786,1224666462
14606,14606,1224667055
12924,12924,1224667058
12950,14606,1224667388
14606,4086,1224667400
825,17975,1224668682
18590,4481,1224668875
4965,1100,1224669440
12349,361,1224670717
419788,14894,1224670747
9021,14894,1224670831
14894,14894,1224671193
15537,6335,1224672020
209,361,1224672674
14894,14894,1224672923
361,361,1224673108
24718,577,1224673122
18590,267,1224673304
419,361,1224673345
6084,20951,1224675476
2238,3291,1224676336
4489,4489,1224676543
1659,22162,1224677332
1695,22162,1224678014
1695,30234,1224678142
30234,30234,1224679133
525,26849,1224679219
14860,26849,1224679777
5441,24744,1224680270
15168,26849,1224680318
22656,438,1224680594
26849,26849,1224681284
18187,18187,1224682859
18771,4555,1224683672
17436,17436,1224683861
11333,9021,1224683871
3146,29049,1224684426
48310,28557,1224685627
5190,14351,1224686022
6309,4476,1224686139
20862,24744,1224688279
2964,22763,1224688352
18771,28139,1224688372
23354,23066,1224688414
2285,20933,1224689291
11677,11677,1224689915
14351,14351,1224691420
9021,9021,1224691551
20946,17964,1224691889
7938,3565,1224693090
10661,17451,1224693540
3565,3565,1224694557
10661,11527,1224694628
23354,1610,1224696036
17266,26309,1224696397
3850,577,1224697100
1610,1610,1224697158
17279,1428,1224698044
22176,12631,1224698212
18333,23393,1224699899
23393,23393,1224700432
18333,23393,1224700808
2859,29838,1224701224
23368,354645,1224702447
13005,354645,1224702918
23368,354645,1224703576
572,572,1224704524
15884,15884,1224704660
1968,572,1224704749
8174,30140,1224705217
11436,30140,1224706163
27630,27630,1224706333
4285,1149,1224706576
18893,1178,1224706716
22303,8797,1224707027
22656,11236,1224707411
19435,15842,1224707420
11236,11236,1224707535
2859,7686,1224707806
354645,354645,1224707809
15842,15842,1224707966
16724,12631,1224708158
8155,361,1224708211
11387,2759376,1224708691
20467,449483,1224708772
8797,8797,1224708955
27637,30377,1224709351
86,86,1224709663
13913,357,1224710324
13744,22706,1224710424
14092,22088,1224710777
27637,572,1224710807
6461,1768,1224710841
572,572,1224710888
26628,986,1224711091
16308,572,1224711153
22656,14118,1224712121
8761,14089,1224712194
2977,572,1224712322
986,986,1224712472
13435,30394,1224712539
9021,30394,1224712692
30394,30394,1224712694
13578,19658,1224712707
30394,30394,1224712746
9021,30394,1224712828
11527,11527,1224712901
13435,30394,1224712915
9683,745,1224712954
13616,28557,1224713054
4833,30394,1224713186
96,30394,1224713353
5645,11112,1224713433
9021,30394,1224713491
7532,25782,1224713491
15689,3848,1224713725
4418,17235,1224713893
1896,26823,1224714295
18333,23393,1224714438
1896,572,1224714523
1896,30394,1224714725
27637,11356,1224715407
11356,11356,1224715484
1223,18658,1224715548
8670,1895,1224715596
4296,4296,1224715643
96,30394,1224715751
21974,572,1224715759
5190,446104,1224716176
5058,572,1224716252
5645,8954,1224716276
96,5392,1224716695
10661,20494,1224716785
18836,18836,1224716817
22992,25280,1224717307
18941,14101,1224717574
25280,25280,1224717836
5645,14101,1224718280
3295,13913,1224718287
8562,30435,1224718373
13913,13913,1224718424
30435,30435,1224718614
5190,25515,1224718748
5190,25515,1224718841
3043,2138,1224718862
2138,2138,1224718988
739,25280,1224719307
21973,2357,1224719430
15689,23428,1224719532
2357,2357,1224720084
1265,2357,1224720185
30432,30432,1224720294
25911,18891,1224720477
6897,3799,1224720614
106,23294,1224720688
2357,2357,1224720915
18511,2910,1224721215
14153,3848,1224721278
14065,11575,1224721344
8027,16989,1224721470
12950,2910,1224721715
22329,2910,1224722439
19169,11575,1224722598
16957,12448,1224723025
21834,16952,1224723074
10141,30056,1224723403
1149,1149,1224723488
9910,383,1224723544
11577,3004,1224723792
2894,4140,1224724521
13051,30455,1224725097
12424,30473,1224725107
4140,4140,1224725121
21973,14747,1224725606
2820,30454,1224726235
3799,2218,1224726286
10755,10755,1224726383
21365,30408,1224726385
3381,2218,1224726422
13010,25453,1224726766
7831,11574,1224726954
7831,11574,1224727057
9530,14089,1224727122
12711,14089,1224727390
21755,16646,1224727405
23294,23294,1224727451
2695,6389,1224727612
13435,22992,1224727663
9861,25453,1224727846
6389,6389,1224728157
17847,22992,1224728174
30408,30408,1224728215
17847,24233,1224728390
17,13913,1224728658
13913,13913,1224728874
13913,13913,1224728938
14033,14118,1224729061
8220,18821,1224729296
14089,14089,1224729890
18167,14089,1224730113
10676,343,1224730117
6144,13187,1224730246
27274,27274,1224730312
8173,1862,1224730804
343,343,1224730840
14089,14089,1224730929
24233,24233,1224731034
14089,14089,1224731155
18167,14089,1224731494
13578,3489,1224731564
20760,30507,1224732028
5897,22471,1224732497
11181,3489,1224732580
16942,22471,1224732598
30473,30473,1224732618
22471,22471,1224732714
22471,22471,1224732756
13005,22471,1224732923
3489,3489,1224733128
12711,22471,1224733281
2910,2910,1224733339
1175,22471,1224733403
18770,1266,1224733732
2130,2130,1224734102
13005,22471,1224734653
15454,13227,1224734775
18941,13791,1224734796
17826,22471,1224734903
1266,1266,1224735536
5645,13913,1224735593
18770,1266,1224735776
22656,13913,1224735821
22656,13913,1224735869
18770,1266,1224735874
5441,30541,1224735992
13005,11575,1224736321
12881,12881,1224736727
25809,25809,1224737076
2820,14089,1224738015
1075,832,1224738412
30541,30541,1224738762
525,525,1224738817
14089,14089,1224738949
14089,14089,1224739019
16035,6164,1224739822
17826,23323,1224742607
14065,11575,1224743084
425,30454,1224744993
4593,4593,1224745035
14122,24798,1224747731
13342,27439,1224748301
10991,354645,1224748430
8090,13913,1224748728
24893,7734,1224749274
2908,12419,1224750119
8026,1969,1224750748
19444,3413,1224750850
1343,10432,1224750986
9345,63,1224751162
8297,30606,1224751181
14606,24461,1224751620
9345,30606,1224751960
16942,22471,1224752788
577,577,1224753128
16942,22471,1224753266
11649,10661,1224753313
21945,30606,1224753791
18986,459,1224753981
13430,10432,1224754837
27439,24608,1224755274
18529,3834,1224755456
3834,3834,1224756614
13005,11575,1224756641
5114,168235,1224757646
13005,22471,1224757863
14065,29326,1224758885
17964,5441,1224759021
3153,25749,1224759365
4193,13978,1224760310
12349,751,1224760871
22514,19799,1224761005
658,15055,1224761280
21388,1463,1224761424
1196,15055,1224761459
1666,24396,1224761545
23705,24396,1224762177
14122,30636,1224762398
3146,15055,1224762791
11596,10522,1224762818
15168,15055,1224762909
5298,15055,1224764623
22656,3043,1224764749
5193,12193,1224764854
5193,30642,1224764971
16855,12193,1224765056
18528,12193,1224765141
21537,21537,1224766761
15168,63,1224767152
16454,637,1224767792
1695,14440,1224768895
1695,14440,1224768973
23164,23146,1224769037
23146,23146,1224769222
23146,23146,1224769283
12631,12631,1224769631
446104,446104,1224769936
11241,2429,1224771275
1483,1483,1224771776
1030,30683,1224771924
2429,2429,1224772429
30683,30683,1224772430
11333,25255,1224772535
19435,1288,1224774428
6440,29947,1224774736
4013,10661,1224774954
4264,4264,1224775437
1695,3848,1224775518
11797,10522,1224775566
24525,24525,1224776245
22076,3848,1224776767
18107,18107,1224779903
1969,1969,1224780267
24039,11039,1224780305
1695,11039,1224780375
6164,6164,1224780728
14118,14118,1224782331
9771,9771,1224782747
10661,18676,1224783498
10661,10661,1224784172
17516,20748,1224784677
18676,18676,1224784702
5058,30738,1224784877
9021,30738,1224785604
16673,14089,1224785614
18180,30738,1224785761
30738,30738,1224785769
1042,1042,1224785793
24995,30672,1224786334
419,14440,1224786480
5058,30738,1224786504
8709,1038,1224786594
5058,11436,1224786698
30738,30738,1224787574
15541,16440,1224788305
30698,16440,1224789058
24291,24291,1224789300
3713,11039,1224789531
15541,24207,1224789759
10347,16440,1224789877
16440,16440,1224790063
16440,16440,1224790101
18747,3394,1224790548
18747,3394,1224790585
27340,3004,1224790612
8174,15055,1224790968
27439,1038,1224791475
23164,20971,1224792526
2535,13791,1224792785
6819,20400,1224792944
17436,11780,1224792959
1116,1116,1224793694
15456,25368,1224793724
13913,23294,1224793895
8174,1025,1224793951
6819,5186,1224794177
14065,1170277,1224794393
11780,11780,1224794823
13673,14440,1224794956
18770,422,1224795306
13531,20298,1224796307
12170,12170,1224796373
7021,30002,1224796487
24525,24525,1224796646
3043,8344,1224796773
16853,20298,1224797025
26155,26155,1224797358
13913,258,1224797405
20,29445,1224797489
1358,8344,1224797532
29445,29445,1224797668
258,258,1224797696
1450,8344,1224797813
10955,10955,1224798167
17964,26155,1224798186
27631,1693,1224798573
13435,29982,1224799245
11436,11436,1224799909
3153,1248,1224800172
1248,1248,1224800254
1248,1248,1224800324
34,34,1224801763
3590,20037,1224802482
9345,6164,1224802608
8528,30825,1224803067
3043,227,1224803573
18771,2577,1224803575
13051,2577,1224803680
19939,3484,1224803766
227,227,1224803808
13531,20298,1224804979
18893,21632,1224805752
13913,30858,1224805766
26552,30858,1224805941
24975,30858,1224806118
15168,24396,1224806154
21632,21632,1224806158
13227,30858,1224806241
2469,30858,1224806432
27637,5618,1224806478
20789,1248,1224807295
2635,21537,1224807824
14440,14440,1224808108
29693,14440,1224808144
8243,8243,1224808958
5065,5065,1224809079
18146,4196,1224809214
18893,21632,1224809665
5486,26552,1224809859
1358,21632,1224810796
6932,460845,1224811273
27010,27010,1224811823
13435,30791,1224812125
11795,11795,1224812683
8344,8344,1224812915
11549,4766,1224813307
26552,26552,1224813466
29123,29123,1224813646
1358,17712,1224813744
8458,7949,1224813945
11549,4593,1224813996
11549,4593,1224814038
8458,6957,1224814307
30181,30181,1224814370
29049,29049,1224814617
26130,26130,1224814860
4916,30920,1224814940
1358,17712,1224815049
23427,8344,1224815059
13491,21368,1224815308
16308,6957,1224815502
16308,6957,1224815547
11549,4766,1224815553
11249,6329,1224815584
4766,4766,1224815732
3590,20037,1224815963
23033,26180,1224816113
4418,9516,1224816133
2173,11436,1224816193
27439,30939,1224816372
3712,1266,1224816900
12579,3349,1224817012
21778,30943,1224817230
30939,30939,1224817371
18796,1870,1224817396
4249,781,1224817732
4086,9516,1224818592
15809,25965,1224818711
5114,25965,1224818793
23574,20068,1224818805
13051,30858,1224818873
24874,30858,1224819017
1288,30858,1224819087
8521,30858,1224819465
13913,30858,1224819473
1249,30858,1224819794
17028,16827,1224820455
5963,16827,1224820533
2915,16827,1224820548
30858,30858,1224820757
16827,16827,1224821024
1659,5189,1224821154
6164,6164,1224821642
11549,4766,1224822321
27860,16827,1224822799
11436,11436,1224823231
4337,1786,1224823362
1786,1786,1224823510
22329,22329,1224823512
14895,14895,1224823546
1786,1786,1224823787
4337,1786,1224823991
1358,26351,1224824267
3055,26351,1224824364
26351,26351,1224824400
2915,22329,1224824524
1358,26351,1224824940
208,24958,1224825160
13895,13895,1224825429
16724,861,1224825599
5190,26331,1224825794
10897,26331,1224825914
1790,1574,1224827423
7634,6063,1224828397
5819,22724,1224828462
1574,1574,1224829094
11438,16417,1224829520
16417,16417,1224829553
3146,14007,1224829563
14690,30572,1224831098
18408,21045,1224832651
4766,4766,1224834987
3886,2577,1224835806
4086,8701,1224836676
21945,29405,1224836881
3712,255,1224836952
1790,31028,1224837060
21945,1248,1224837357
1790,31028,1224837523
8709,22329,1224838515
31028,31028,1224838570
61,255,1224839254
5645,813,1224839313
13103,25749,1224839317
25749,25749,1224839486
813,813,1224839496
10407,28714,1224840171
486,486,1224840579
1790,361,1224841350
20889,23845,1224841378
9787,4653,1224841424
1790,361,1224841439
361,361,1224841670
2574,7122,1224842047
9787,6613,1224842149
9787,1025,1224842368
9787,30140,1224842489
306,306,1224842577
9787,18196,1224842632
13663,23845,1224842879
2696,3912,1224843154
9417,23845,1224843354
861,861,1224843377
24718,7949,1224843630
2574,7122,1224843834
9787,24197,1224844508
28714,28714,1224846292
2915,26976,1224849438
18167,29049,1224852077
15168,2289,1224853065
1879,4219,1224853108
209,4591,1224853108
1879,4219,1224853481
255,255,1224856363
23033,25012,1224857409
25012,25012,1224857713
7122,31092,1224858344
21711,29593,1224858754
25544,17147,1224859526
18968,23691,1224860210
5542,25012,1224860623
4013,23691,1224861155
23691,23691,1224863821
30280,31081,1224864560
30280,22088,1224864772
2285,1574,1224865251
2971,30529,1224865397
5190,30715,1224865771
1025,1025,1224866164
11527,25521,1224867737
6260,6260,1224868874
1896,30394,1224869215
2973,22100,1224869232
22656,22100,1224869614
6144,6164,1224869664
1679,11394,1224870043
6144,11602,1224870081
6461,11394,1224870372
5409,25368,1224870443
6164,6164,1224871380
8015,388466,1224871615
11602,11602,1224871903
4796,6408,1224872017
12862,6408,1224872101
18061,6408,1224872236
2285,909,1224873348
26823,26823,1224874950
23354,21668,1224875007
6408,6408,1224875055
6408,6408,1224875477
2947,6408,1224875516
22364,26823,1224875736
21668,21668,1224876321
8174,1065163,1224878330
22303,22303,1224878963
7122,22303,1224879043
6440,22303,1224879600
13103,25749,1224880258
28645,22100,1224880520
13913,13913,1224880770
27637,31141,1224880869
2577,2577,1224880880
1554,31009,1224880944
27010,8670,1224881473
8143,11612,1224881995
999,22674,1224882078
31141,31141,1224882533
6408,1065163,1224882688
16076,23149,1224882820
22674,22674,1224882835
1975282,23149,1224882838
8435,25960,1224883151
15578,22674,1224883215
18936,25960,1224883427
14894,23149,1224883725
5469,30004,1224883752
16308,22303,1224884465
15055,15055,1224884569
838,30858,1224885112
12424,10661,1224885719
15416,23339,1224885820
419,11356,1224885904
23339,23339,1224886141
22152,11820,1224886870
16391,6350,1224887104
16391,18284,1224887238
6414,21668,1224887247
22656,21668,1224887307
6444,24525,1224887395
21668,21668,1224887438
6350,6350,1224887517
71,31206,1224887801
27637,31206,1224888101
11394,11394,1224888808
1323,25012,1224888946
26121,26121,1224888984
29156,29156,1224889285
22093,22093,1224889869
26976,26976,1224889883
1337,22329,1224890852
986,17803,1224890869
8127,3153,1224891151
25544,7495,1224891333
18300,18300,1224891547
419,7495,1224891666
15785,18300,1224891673
22656,26286,1224891697
31206,31206,1224891825
7862,22869,1224891871
1892,26521,1224892149
11820,11820,1224892196
12943,19863,1224892324
8454,29690,1224893132
9410,29156,1224893149
28926,2614,1224893587
1013,10792,1224893821
419,9178,1224893891
26575,31256,1224895094
4418,12540,1224895662
29690,29690,1224895972
10792,10792,1224895998
17235,17235,1224896896
3043,24522,1224897013
13687,14007,1224897441
63,19863,1224897526
1249,16587,1224897608
9530,15055,1224898291
1228,1782,1224899652
10559,24639,1224899690
24179,3619,1224900037
24179,3619,1224900281
24639,24639,1224900292
24179,3619,1224900806
24179,3619,1224900871
17847,6350,1224901257
2285,12469,1224901307
3043,3095,1224901553
1288,1288,1224901694
24975,24975,1224902677
20860,26180,1224902914
3655,20390,1224903192
24975,1674,1224903682
7831,31307,1224904263
11354,11568,1224904695
31307,31307,1224905146
27067,27067,1224905660
8174,27067,1224905872
832,832,1224906262
4590,12981,1224906850
25343,26829,1224906995
18097,3661,1224907044
8737,2635,1224908049
30153,20037,1224908060
4590,31327,1224908509
30838,31327,1224908653
24179,5197,1224908856
14089,24639,1224908933
5449,5449,1224908985
11436,31327,1224909062
11436,31327,1224909137
8737,2635,1224909175
22213,31327,1224909695
15055,15055,1224910482
22656,5449,1224910528
14089,18308,1224910582
14651,31327,1224910907
15537,15055,1224911063
15537,15055,1224911204
29734,38,1224911225
14569,15055,1224911249
13578,25507,1224911272
15537,15055,1224911436
525,25507,1224911610
10174,15055,1224911982
14569,15055,1224912028
15537,15055,1224912330
3594,3594,1224912443
15537,15055,1224912466
26829,26829,1224912923
18936,9241,1224912950
2603,18446,1224913192
14089,11234,1224913468
10759,15055,1224914781
15537,3594,1224915919
15168,1248,1224916248
15168,244,1224916403
9931,11813,1224916424
1288,22329,1224918393
15168,31326,1224918523
29703,25507,1224918532
6044,10522,1224919881
10661,10661,1224922173
784,15992,1224925497
784,15992,1224925683
26227,24644,1224925921
2603,24730,1224928041
27439,20426,1224928175
2574,456,1224929762
1790,4790,1224930495
456,456,1224930913
456,456,1224932106
18658,12514,1224933527
1790,8280,1224934973
1695,14440,1224936574
8026,1969,1224937654
5445,1463,1224938177
13578,5619,1224938815
16076,20191,1224943468
16076,17632,1224944165
20074,27025,1224947934
15459,15055,1224950011
19302,1630,1224950689
22621,26349,1224954139
14089,9403,1224955313
9403,9403,1224955488
22080,8331,1224958352
31412,31412,1224960329
21734,18658,1224962822
9269,1912,1224963394
20363,2900,1224964637
1288,2900,1224966404
24039,31157,1224966801
2574,456,1224969174
15459,3153,1224969495
5645,22093,1224970004
24039,23280,1224970413
27637,23280,1224970510
31317,25462,1224971646
19521,672,1224971689
811,1311500,1224976837
1311500,1311500,1224977180
4279,31157,1224980157
20363,672,1224980503
25222,31347,1224980861
3055,380,1224981133
23795,7442,1224982884
17964,26087,1224983331
10661,29157,1224983545
12950,7442,1224984244
3055,7442,1224984391
12950,7442,1224984693
3848,161,1224984785
2298,22088,1224985388
27637,10740,1224986569
18771,14690,1224988422
30036,18308,1224988540
4228,11374,1224989137
27637,2077,1224989548
14690,14690,1224989933
3484,3484,1224990202
8621,31347,1224991799
14065,161,1224991936
28258,2147,1224993685
9787,9328,1224996007
3488,3488,1224996175
3055,27012,1224996966
14065,28954,1224997141
28004,31476,1225000181
4590,9776,1225000858
3542,31512,1225001627
17964,1914,1225002999
1554,30761,1225004519
30155,30761,1225005496
10740,10740,1225006514
1821,11577,1225007350
1715673,11577,1225007522
12469,12469,1225007868
18770,11577,1225007953
6309,4234,1225008569
18471,28577,1225008899
18471,29157,1225009233
1518,2153,1225009312
10740,11577,1225009396
20848,11577,1225009480
4050,11577,1225009750
29049,29049,1225010472
20860,11568,1225011087
19753,19753,1225011473
31317,31476,1225011574
29157,29157,1225012517
6144,28577,1225013084
15464,10559,1225013753
1965,1311500,1225013872
3778,10559,1225013911
2515,1311500,1225014415
1965,1311500,1225014496
13578,11577,1225014656
13673,11577,1225014812
16076,11577,1225014839
1311500,1311500,1225015308
14065,3175,1225020751
3175,3175,1225021252
6610,18308,1225022475
9345,13995,1225022965
18866,1103052,1225025961
14663,28413,1225029109
5948,26727,1225030584
18061,26087,1225035179
27491,4213,1225036651
15638,2900,1225037637
15638,2900,1225038003
1450,20467,1225038079
4918,5963,1225038120
20074,13995,1225039018
15401,2147,1225039486
1715673,11577,1225043326
10286,18676,1225043724
4958,5963,1225043836
18167,10559,1225044433
14606,18217,1225044463
3848,16855,1225046381
5185,239663,1225048287
30868,30868,1225054063
5314,3821,1225054529
15534,8683,1225054820
8670,8670,1225056931
21711,30868,1225057025
20390,20390,1225057347
20390,20390,1225057405
30868,30868,1225057866
9776,9776,1225065801
5190,21672,1225066430
23499,30507,1225069108
3140,12388,1225069656
12388,12388,1225069785
8026,686,1225070544
1315804,13850,1225071105
8701,8701,1225071323
30507,30507,1225072733
3279,14089,1225072834
7988,23524,1225072971
14089,14089,1225073318
1228,49611,1225074032
1228,49611,1225074143
1228,49611,1225074225
14089,14089,1225075310
18167,14089,1225075653
14089,14089,1225075824
12377,11908,1225075965
14089,14089,1225076004
14089,14089,1225076119
1228,327,1225076561
20363,13466,1225076669
14089,14089,1225076861
27765,27765,1225081771
5963,5963,1225082603
28419,31642,1225082666
31642,31642,1225083435
3654,29820,1225086018
24396,24396,1225086072
16204,16204,1225087480
1199,29820,1225087606
20164,1825034,1225089947
10661,2605,1225091293
2605,2605,1225092998
18619,2605,1225093351
18619,2605,1225093384
2199,2605,1225093791
10661,2605,1225094497
10661,19922,1225094712
24995,26155,1225095398
14893,31429,1225095783
12950,2975,1225099895
2975,2975,1225099961
943,29820,1225100856
12950,2975,1225102002
2975,2975,1225102250
2975,2975,1225102472
3542,29820,1225102711
2859,29854,1225102912
11289,21711,1225103869
9021,9021,1225110167
45603,45603,1225110276
15454,30572,1225115289
10629,30729,1225118979
30729,30729,1225119044
30280,3191,1225119792
1084,5330,1225120769
26567,26348,1225121322
28683,9095,1225125235
5789,298,1225126547
372,12291,1225128005
12291,12291,1225128129
5599,31510,1225130084
28683,7140,1225130433
7140,7140,1225130717
20310,31760,1225131526
3333,6430,1225132108
6430,6430,1225132246
572,572,1225132570
1228,6430,1225132610
12950,572,1225132856
611,26374,1225132910
27637,26374,1225133018
14860,6430,1225133221
2859,26374,1225133789
4591,4591,1225135468
8446,4397,1225136960
13279,30388,1225136996
4857,2937,1225137583
6144,17881,1225138303
24639,4140,1225138443
18771,15884,1225138743
1228,18859,1225139035
27929,2937,1225139117
10661,19922,1225139130
10661,20074,1225139224
10141,17881,1225139389
27929,10466,1225140535
10466,10466,1225140918
2959,12862,1225141477
12862,12862,1225141779
4397,4397,1225142061
17516,7222,1225142103
12950,10589,1225142444
1288,16458,1225142600
18771,22695,1225142898
16458,16458,1225142948
20074,20074,1225143032
10661,16458,1225143068
11815,16827,1225143170
16458,16458,1225143179
1288,16458,1225143290
12725,12386,1225144039
10661,16458,1225144059
12892,6510,1225144194
4916,5970,1225144222
1228,1463,1225144358
23354,392,1225144984
4249,24193,1225145339
8709,24193,1225145396
18511,392,1225145708
11333,23661,1225145804
12386,12386,1225146055
392,392,1225146183
26,12386,1225146302
27929,24193,1225146402
20459,2484,1225146480
2484,2484,1225146899
20459,2484,1225147058
2484,2484,1225147263
13913,29021,1225147622
972,23661,1225147885
4249,24193,1225148000
1288,419730,1225148293
1266,1266,1225149052
31317,15533,1225149105
24193,24193,1225149513
25343,24391,1225149685
14069,8715,1225150029
4737,338,1225150107
9128,5058,1225150139
2509,338,1225150192
338,338,1225150199
29812,338,1225150564
9815,3105,1225150754
5058,5058,1225150864
972,23372,1225151302
3474,3105,1225151654
832,832,1225151835
4249,3105,1225152937
9128,31662,1225153572
10661,13523,1225154256
10676,10676,1225154788
23264,1815,1225154940
1815,1815,1225155107
2820,8715,1225156255
6721,31732,1225157403
832,5791,1225158904
8435,392,1225159474
96,14606,1225161344
12950,14606,1225161484
10661,52490,1225161507
1441,14606,1225161525
3043,14606,1225161545
13913,14606,1225161912
22656,14606,1225162087
3043,14606,1225162305
582,582,1225162421
3043,26155,1225162531
12950,582,1225162539
17964,1444511,1225162782
24179,3619,1225162802
2109,30787,1225162926
305,24181,1225163064
20860,24181,1225163156
4418,24181,1225163238
305,24181,1225163310
24181,24181,1225163477
1444511,1444511,1225163845
96,5653,1225163910
19863,73,1225164345
4418,31455,1225164347
5653,5653,1225164484
31455,31455,1225164916
16724,4590,1225165345
13990,4200,1225165822
13990,4200,1225165865
4086,24181,1225166583
2515,582,1225166769
10755,2077,1225167066
2509,2648,1225167180
4727,31301,1225167547
2648,2648,1225167604
9787,4653,1225167797
4727,31301,1225167800
28919,28919,1225168783
28919,28919,1225168904
14089,18308,1225169388
7495,14606,1225169433
459,38,1225169945
22329,826,1225170467
1463,4253,1225170914
1337,338,1225171587
22656,14606,1225172953
20003,2294,1225174968
13813,10420,1225175153
14860,2294,1225175609
5922,2294,1225177250
9021,25335,1225179462
14606,31317,1225180922
14606,31317,1225180964
24975,8397,1225183124
63,31790,1225186863
27646,2622295,1225186885
4253,4253,1225188519
9530,8203,1225189639
26310,31317,1225190148
11442,8203,1225193273
29157,5552,1225195555
23633,4653,1225197507
4653,4653,1225197757
21974,131,1225197902
131,131,1225198867
131,131,1225198946
544,8918,1225198983
736,4653,1225199033
23705,29405,1225199044
8918,8918,1225199896
27439,45603,1225201274
45603,45603,1225201746
27439,3834,1225202056
23354,3834,1225202626
3834,3834,1225203053
30388,30388,1225203162
23354,3834,1225203346
14013,8203,1225203460
10740,45603,1225205258
45603,45603,1225205923
27351,26251,1225206584
22564,45603,1225207628
578,10420,1225209718
1982,29573,1225210238
13911,29573,1225210963
28912,29573,1225211441
372,21005,1225211512
21005,21005,1225211758
1039,17465,1225212111
29268,33,1225212877
28419,32012,1225212998
6782,19863,1225214092
4120,21005,1225214405
21005,21005,1225214956
24181,2025,1225215223
19863,19863,1225215458
372,25368,1225215855
7903,29573,1225216925
17465,17465,1225217057
372,15530,1225217702
22035,29405,1225217758
17174,32012,1225217819
26567,26567,1225218268
13,2148773,1225218371
2820,8715,1225218755
1898,8715,1225221010
3295,32043,1225221486
11698,7891,1225221906
17516,2025,1225222363
11698,7891,1225222398
1982,832,1225222644
14860,6583,1225223077
14860,32043,1225223147
15100,6583,1225223204
2996,29405,1225223678
14122,19212,1225223857
14122,19212,1225223984
832,832,1225224211
1982,832,1225224494
13744,7891,1225226266
31751,31751,1225227185
96,96,1225227315
24064,7301,1225227335
18061,21711,1225227373
7565,28565,1225227427
3225,96,1225227463
7891,7891,1225227573
13005,7891,1225227769
14045,4979,1225228101
4979,4979,1225228286
30809,96,1225228535
8709,8203,1225229679
3655,3153,1225229886
20986,12540,1225230209
13005,15124,1225231025
27474,13913,1225231320
19863,10861,1225231687
13913,13913,1225231831
16391,30324,1225232075
11436,32083,1225233054
4590,6583,1225233345
14048,25818,1225233379
6583,6583,1225233747
727,31326,1225233937
26227,19863,1225234033
3474,525,1225234475
32083,32083,1225234502
15785,17336,1225235065
2535,2535,1225236002
18039,32115,1225236925
20553,1638,1225237517
4064,18722,1225237741
19405,23691,1225239866
8709,371,1225241672
20654,9922,1225241843
2145,2145,1225242097
10897,20390,1225242153
23499,23667,1225242198
3191,3191,1225242222
580,27012,1225242446
24334,20390,1225242708
8643,20390,1225242799
9611,13466,1225242930
16391,23667,1225243131
13005,20390,1225243153
27012,27012,1225243172
13005,20390,1225243231
13005,20390,1225243274
11142,30381,1225243627
4418,371,1225243889
7053,20353,1225245396
727,18986,1225245482
5171,16458,1225245525
9345,1965,1225245565
5171,16458,1225245617
4337,19074,1225245929
13930,1965,1225245972
19074,19074,1225246019
13295,13477,1225246450
1287,13477,1225247006
894,13477,1225247400
4311,1965,1225247425
5645,21155,1225247603
5190,21155,1225247639
3333,7773,1225247676
19405,7735,1225247684
572,3238,1225247794
3333,7773,1225247808
12579,27349,1225248107
2954,29405,1225248131
30492,2849,1225248323
27349,27349,1225248350
20487,7272,1225248533
13295,13477,1225248938
22426,10420,1225250193
894,13477,1225250529
20363,19038,1225250564
8453,13477,1225251030
11549,1897,1225251304
19038,19038,1225251494
19038,19038,1225251528
20363,19038,1225251676
20363,19038,1225251730
19038,19038,1225252169
730,15530,1225252275
12711,4105,1225252289
23193,19964,1225252575
27414,19038,1225253195
12597,12597,1225253489
894,13477,1225253542
13477,13477,1225254185
24179,19038,1225254779
14663,2849,1225256720
24179,1638,1225256775
15401,30761,1225256868
14440,2424,1225257128
4916,572,1225257275
22656,5948,1225257352
2424,2424,1225257558
1233,572,1225258711
32012,32012,1225259213
1288,1965,1225259563
26568,26568,1225260090
619,9960,1225260140
21336,31489,1225260296
14009,4196,1225260467
31682,31682,1225261860
20467,20467,1225262740
2974,29405,1225262796
2635,29405,1225263201
16084,27580,1225263731
3488,3488,1225264454
28558,27580,1225264496
4337,21981,1225266084
21981,21981,1225266492
18941,26404,1225267303
18941,14013,1225268119
14860,6583,1225270819
1288,3175,1225271229
3175,3175,1225271486
14860,14606,1225272120
14860,14606,1225272194
14069,14455,1225272356
14860,14606,1225272357
18676,4883,1225272549
14606,14606,1225272807
14606,14606,1225272850
3458,28392,1225274156
28392,28392,1225274265
28392,28392,1225274318
972,9021,1225274525
13154,13154,1225275567
24355,19863,1225275905
15124,15124,1225276511
27163,27163,1225277698
8297,15409,1225278378
16076,10431,1225281007
10431,10431,1225281201
364,10431,1225281372
25222,10431,1225281382
10431,10431,1225281453
10431,10431,1225281488
16076,10431,1225281495
10431,10431,1225281593
9345,10431,1225281927
7671,7773,1225282508
25222,10431,1225282652
10431,10431,1225285217
20007,17174,1225285800
15459,12178,1225286824
8026,1119,1225286979
6441,16940,1225287800
327,327,1225288018
15459,15409,1225288036
9021,27012,1225289931
6406,27012,1225290908
23368,15108,1225291347
15108,15108,1225291682
15108,15108,1225291753
4979,20971,1225294354
15161,25368,1225297123
31116,31116,1225299881
5190,11940,1225300308
11374,11374,1225301593
16076,4918,1225302561
16076,4918,1225303133
16562,1384652,1225303274
4918,4918,1225303313
6461,32324,1225305190
6615,4890,1225305247
15416,14455,1225305570
12540,12540,1225305971
22114,195,1225307004
22114,195,1225307978
12423,3624,1225308137
22693,22693,1225308469
3333,3848,1225308693
18061,32336,1225308925
6336,6336,1225308972
2173,5991,1225309164
914,27911,1225309610
1228,22680,1225309669
23297,230,1225309784
1896,131,1225309920
10661,22306,1225311346
22306,22306,1225311495
3381,31966,1225312215
3655,26404,1225312298
6120,22562,1225312509
45,21586,1225312560
4766,22306,1225312949
22656,4192,1225313748
4192,4192,1225313805
1358,32115,1225314084
2025,2443,1225314239
22656,22562,1225314273
21640,2147,1225314464
22656,2820,1225314477
21640,22187,1225314632
7735,7735,1225314877
2820,2820,1225315228
4418,4192,1225315745
2147,2147,1225316649
6120,22562,1225316993
8220,20400,1225317062
26483,20480,1225317188
7122,20400,1225317221
2915,22092,1225317310
20400,20400,1225317368
23249,20400,1225317425
5696608,1246613,1225317458
16587,20400,1225317460
14569,31677,1225317524
7122,20400,1225317561
2443,2443,1225318063
270,15891,1225318075
32336,32336,1225318259
572,26001,1225318316
10661,1246613,1225318416
21586,21586,1225318473
5599,195,1225318896
20400,20400,1225319241
30155,32400,1225319275
26001,26001,1225319395
32400,32400,1225319700
18308,6309,1225319701
2567,18300,1225321086
21294,1246613,1225321299
12349,1386292,1225321357
4612,28772,1225322685
11374,2382102,1225322777
2915,2915,1225322802
550,547,1225323361
16340,13370,1225323443
28772,28772,1225323786
26948,26948,1225323882
14253,4481,1225323887
28772,28772,1225324000
71,13370,1225324270
18265,16927,1225325111
361,361,1225325422
28558,28150,1225325702
4612,28772,1225325922
736,392,1225325967
14122,62776,1225326028
10661,1246613,1225326295
3295,1000,1225326837
1000,1000,1225327225
829,227,1225327239
1737,23163,1225327412
3333,23163,1225327498
12424,1127460,1225327786
8355,26001,1225327952
811,5628,1225328020
4418,4872,1225328025
672,672,1225328127
5190,1694,1225328492
1694,1694,1225328648
9536,1127460,1225328801
21711,32487,1225328807
3474,30472,1225328854
7565,32487,1225328973
5190,1694,1225328983
21711,32487,1225329429
16084,27580,1225329883
547,547,1225329999
908,9604,1225330630
25812,22979,1225330675
24181,5291,1225331211
5291,5291,1225331493
10661,22979,1225331814
572,1632,1225331856
1632,1632,1225331998
8092,1632,1225332030
23234,1065163,1225332397
13913,1065163,1225332748
3474,22979,1225332874
811,1065163,1225333012
1790,536,1225333273
536,536,1225333320
22979,22979,1225333336
3043,536,1225333393
736,1632,1225333601
16942,536,1225333721
62776,62776,1225333929
536,536,1225334213
1409,31512,1225334539
7122,1065163,1225334677
7122,1065163,1225334712
2470,17715,1225334724
15880,7918,1225334732
21461,16320,1225334817
2878,1065163,1225334821
20400,1065163,1225334830
572,29997,1225335019
811,29997,1225335052
572,29997,1225335126
736,31512,1225335162
811,29997,1225335247
3474,7918,1225335308
29997,29997,1225335544
2567,549,1225335621
16320,16320,1225335657
96,1444511,1225335706
96,29997,1225335811
736,29997,1225335830
12983,29997,1225335857
6583,29997,1225335878
3474,20138,1225335923
96,29997,1225336149
11436,1600,1225336153
31395,32552,1225336902
736,5633,1225337863
12349,327,1225337938
11963,31518,1225338247
26787,7743,1225338345
327,327,1225338351
4418,7743,1225338618
96,327,1225338821
25121,17145,1225339215
8155,18001,1225339443
18882,16855,1225339478
7743,7743,1225339838
25965,28392,1225340357
1892,16940,1225340419
3848,28392,1225340583
13051,31330,1225340773
25965,28392,1225340822
4590,23576,1225340855
1199,18340,1225341031
23354,18001,1225341503
18265,2323,1225341522
429,29773,1225341773
26327,23576,1225342424
29773,29773,1225342872
9345,29997,1225343401
1715673,5341,1225343404
24279,32582,1225343918
16940,16940,1225344950
1786,32601,1225345524
32582,32582,1225345898
15454,2104,1225345942
580,536,1225346062
26,4872,1225346970
1965,32582,1225348866
1897,1897,1225350306
32601,32601,1225350800
22514,10520,1225351026
4161,31330,1225351461
791,1000,1225354233
3631,31415,1225355527
13005,18167,1225355811
11917,337,1225356688
14860,31415,1225357455
10431,18542,1225361577
372,18542,1225361897
372,1666,1225363502
1666,1666,1225364158
26715,1574,1225365024
1337,33,1225365439
1337,27959,1225365573
28835,3488,1225365693
1337,18606,1225365880
1337,15100,1225366557
1337,1765,1225366735
247,14045,1225367808
1337,15409,1225367946
16942,26310,1225369222
10955,10955,1225369861
32582,32582,1225370113
1879,10786,1225371073
455874,3594,1225380837
15622,22076,1225381177
22076,22076,1225382462
10661,31307,1225386927
13744,7891,1225387203
3849,3849,1225388195
3849,3849,1225388350
2605840,21566,1225388841
4857,9776,1225389210
1737,2045,1225390383
22564,22609,1225391880
6760,20400,1225393047
1097,19802,1225393749
7122,22609,1225394199
22609,22609,1225394221
4071,22076,1225394313
1248,1248,1225394610
27637,13227,1225394624
572,2258,1225394757
20946,27741,1225394868
20553,22092,1225395497
4950,27741,1225395728
2820,17436,1225395776
12037,29909,1225395912
27741,27741,1225396278
2258,2258,1225396346
572,2258,1225396705
4418,2258,1225396782
2258,2258,1225396893
572,2258,1225396957
7122,26180,1225397181
28558,180538,1225397371
26180,26180,1225397388
15161,7024,1225397396
3333,180538,1225397528
7122,26180,1225397602
4418,180538,1225398039
7256,180538,1225398319
3333,180538,1225398477
21925,32749,1225399283
9634,15055,1225399755
1353085,15055,1225400021
1000,1000,1225400638
26054,19674,1225400774
3458,66105,1225400987
22294,4685,1225401530
4737,27657,1225401661
3458,24560,1225401750
13227,13227,1225401918
24975,28558,1225402053
572,1246613,1225402350
17252,9328,1225402460
5628,11333,1225402937
13051,2258,1225403234
3295,180538,1225403462
29997,29997,1225403483
28558,28558,1225403497
12579,31415,1225404184
96,18411,1225404208
5645,32313,1225404466
1316,2375,1225404483
27498,13913,1225404592
1337,15055,1225404604
739,1541,1225404845
18411,18411,1225405058
1541,1541,1225405142
19088,28132,1225405770
10661,9789,1225405890
5662,9099,1225406030
1358,9099,1225406291
2820,9099,1225406298
2820,16012,1225406407
6309,4476,1225406423
27631,7743,1225406506
10661,3497,1225407387
19863,7024,1225407562
20860,27290,1225408136
13005,8701,1225408382
3497,3497,1225408568
13005,8701,1225409004
17847,6805,1225409139
24181,18941,1225409692
24179,18941,1225409710
18941,18941,1225409829
11436,32406,1225410359
12030,6992,1225410514
12870,30913,1225410666
12870,30913,1225410718
30913,30913,1225410828
1444511,30913,1225410889
27631,26180,1225410994
1892,8786,1225411104
30913,30913,1225411123
27631,26180,1225411185
4249,10955,1225411188
14728,32790,1225411269
12870,30913,1225411507
1831,32790,1225411758
13495,14260,1225411907
736,30913,1225411919
30913,30913,1225411985
30913,30913,1225412166
14260,14260,1225412217
736,30913,1225412537
4418,3208,1225413404
479,3208,1225413573
10661,3497,1225413627
3474,27884,1225414092
14167,27884,1225414308
13295,2631856,1225414337
2631856,2631856,1225414579
18771,1385358,1225414948
1385358,1385358,1225415391
2635,8123,1225415572
2199,32484,1225415679
18771,1385358,1225415695
4418,3208,1225415772
7565,27204,1225415971
5341,5341,1225416251
12950,2648,1225416688
3043,17028,1225416717
3043,31791,1225416937
2648,2648,1225417080
2109,13930,1225417194
8435,327,1225417448
16940,16940,1225417569
327,327,1225417593
3043,32854,1225417669
12950,16631,1225417750
1790,5309,1225418204
21398,16631,1225418211
685,17436,1225418276
5696608,16631,1225418407
13930,13930,1225418431
16631,16631,1225418515
18411,5309,1225418696
13895,28392,1225418715
25050,8911,1225418952
20860,16631,1225419421
1254,31791,1225419736
31223,10475,1225420563
3208,3208,1225420956
18771,3208,1225421254
3208,3208,1225421484
31223,31791,1225421493
10475,10475,1225421693
18771,3208,1225421732
2109,13930,1225421780
4958,19863,1225421888
5472,26302,1225422602
19100,26302,1225422725
13279,32565,1225422877
5058,32565,1225422991
2541,32565,1225422991
14606,32867,1225423022
18061,32565,1225423248
736,32565,1225423481
18511,32881,1225423548
21640,15100,1225424425
3655,2648,1225424910
8123,8123,1225425286
3782,3782,1225425338
2648,2648,1225425932
3043,32892,1225426038
3043,32892,1225426158
1013,9976,1225426309
32892,32892,1225426821
32867,32867,1225426834
6807,27738,1225426969
233,9976,1225427118
21699,11236,1225427314
1013,9976,1225427774
31319,18383,1225428301
9976,9976,1225428784
811,16241,1225428891
5645,4872,1225429037
7122,22609,1225430886
327,11116,1225430964
16271,17091,1225431638
27498,27498,1225432946
17964,144,1225433129
15168,18657,1225433439
1327,17519,1225433885
8559,15982,1225434158
18941,10505,1225434555
9143,16631,1225435074
28260,8280,1225437013
10505,10505,1225437234
148,24500,1225437433
12711,28486,1225437440
21838,8123,1225437531
3333,28486,1225438145
15982,15982,1225438550
31945,28486,1225438588
10505,10505,1225438724
18941,986,1225438768
14167,14755,1225438928
10629,26327,1225439000
26327,26327,1225439129
10629,26327,1225439261
28486,28486,1225440096
6406,26627,1225441323
28419,32226,1225442231
28419,32226,1225442464
2648,2648,1225446200
372,82,1225446276
6335,9021,1225446373
5645,31205,1225446702
11860,1463,1225449138
736,26087,1225450325
23667,23667,1225450335
9021,9021,1225450937
24215,26087,1225451885
18941,2536,1225452157
18676,9789,1225452555
18657,18657,1225453351
6335,9021,1225453473
17729,2536,1225457895
20889,20889,1225458735
7831,82,1225459992
14606,32120,1225461726
4462,1944,1225462217
3497,3497,1225463538
372,2536,1225464678
986,986,1225467108
745,16066,1225467245
18968,17187,1225467601
15541,17540,1225469542
15459,21559,1225471227
31791,31791,1225472020
31415,14663,1225472349
18771,33025,1225472815
20400,26349,1225474001
20400,194,1225474358
1659,26349,1225474765
11438,5775,1225475507
16066,16066,1225475898
266,26349,1225476663
6613,6613,1225478157
305,1246613,1225480863
28074,28149,1225480947
1625,3831,1225481792
6610,3831,1225482005
26155,4890,1225483444
3232,31116,1225483507
5731,13440,1225483913
27826,909,1225484124
24181,909,1225484301
13051,1541,1225484671
5696608,16631,1225485487
13144,33067,1225485562
17091,17091,1225485783
6444,28150,1225487369
16204,33093,1225487370
18968,28098,1225487513
28098,28098,1225487888
8174,33093,1225487960
18771,26180,1225488030
16631,16631,1225488073
3588,16526,1225488141
18968,28098,1225488307
26180,26180,1225488400
22656,986,1225488522
23855,26180,1225488611
13913,26853,1225488645
22656,26180,1225488646
5422,26180,1225488689
1288,26180,1225488848
26853,26853,1225488888
26180,26180,1225488919
91,26180,1225488945
1441,342,1225489323
142,4203,1225490302
5645,3588,1225490345
4418,17234,1225490812
3831,3831,1225490967
26627,26627,1225491260
1892,26853,1225491783
3831,3831,1225491915
3831,3831,1225491945
33124,33124,1225492402
14048,4490,1225493181
18941,26349,1225493427
30480,16066,1225493463
9401,19802,1225493521
17729,12999,1225493964
2536,2536,1225494217
26853,9328,1225494251
14048,12999,1225494307
13370,13370,1225494518
14048,342,1225494537
32136,32136,1225495222
30874,4653,1225495349
10897,342,1225495879
1441,342,1225496258
26327,543,1225497541
5190,10675,1225498254
12579,13990,1225499060
13264,33150,1225499106
1228,2086,1225499181
4590,9835,1225499245
17964,13990,1225499253
2947,26627,1225499318
14569,9835,1225499446
9835,9835,1225499456
736,33149,1225499569
33150,33150,1225499751
22656,26627,1225499792
12711,342,1225499879
26227,31116,1225499907
6444,31116,1225500381
4653,4653,1225500437
8815,27673,1225500605
33150,33150,1225500799
13264,33150,1225502127
21862,2536,1225502233
4965,29982,1225503278
10115,10115,1225504537
11780,9266,1225505396
18771,13370,1225505700
27025,1666,1225506718
14540,3446,1225506729
20186,7756,1225507674
12469,8913,1225508791
13531,8913,1225508935
33203,33203,1225509606
2230,2894,1225509719
1409,8913,1225509805
22656,8913,1225509921
4590,12924,1225510218
1288,8913,1225510251
1288,8913,1225510312
3446,3446,1225510335
10755,3655,1225511103
32567,5782,1225511377
5782,5782,1225511890
9266,9266,1225512038
12881,11039,1225512136
12924,12924,1225512782
32567,25951,1225512928
21640,6126,1225512955
22224,33150,1225513498
4172,11452,1225513698
1965,25951,1225513809
17871,32978,1225513910
5645,19124,1225514163
14732,14673,1225514932
13744,2536,1225515782
25222,33232,1225516909
33232,33232,1225517545
27905,2648,1225518316
7122,14569,1225518398
21838,5454,1225518626
6349,11042,1225519083
2954,17234,1225519630
3712,32914,1225520589
6920,26327,1225523245
26327,26327,1225523880
327,7508,1225525528
15168,28076,1225526151
15168,28076,1225526258
13103,33219,1225528129
32892,32892,1225530939
6819,30317,1225531012
30833,5427,1225533402
20178,27193,1225534618
13990,27193,1225535008
15069,31658,1225536071
3,23072,1225536358
3,11173,1225537248
3,19856,1225537489
1061,27025,1225537819
813,24404,1225538974
15168,24404,1225539206
24404,24404,1225539234
15168,24404,1225539251
27024,24404,1225539472
16076,191,1225543853
16076,191,1225544183
17221,24396,1225544186
17221,24396,1225544239
15534,27193,1225544924
5970,5970,1225550895
23034,22471,1225554860
115,25680,1225554934
29838,21559,1225555010
31395,22996,1225555097
4172,5304,1225579667
15168,14673,1225579826
13376,13376,1225580475
14069,17732,1225583270
4203,4203,1225583616
5427,5427,1225584771
18180,13227,1225585581
30911,30911,1225585706
32515,11274,1225587497
17787,17787,1225588080
11274,11274,1225588175
13913,17787,1225588237
17787,17787,1225588541
29157,1311500,1225590261
7734,33042,1225591383
31395,8946,1225592453
6309,1311500,1225593932
26,26,1225594859
22996,22996,1225594942
2030,8946,1225595423
17847,33324,1225597231
3848,29703,1225598964
17732,17732,1225599070
15168,29276,1225599889
15168,29276,1225599982
31317,338,1225601562
22656,2958,1225603283
6309,1311500,1225603370
6309,1311500,1225604666
17964,439507,1225605949
3594,5926,1225606314
2958,2958,1225606390
13990,31610,1225611420
1862,25823,1225613500
2017,3,1225614233
2199,30032,1225615417
17389,33232,1225622675
18529,30408,1225630819
18256,32992,1225630967
17862,32613,1225631268
9021,91911,1225631649
8454,91911,1225631765
32992,32992,1225633172
4435,91911,1225635018
31415,31132,1225641059
6335,2648,1225645423
17447,17447,1225649428
6461,17447,1225649521
19863,17211,1225650968
17447,17447,1225651011
28380,18676,1225652667
23354,33219,1225652995
18167,29178,1225656251
31395,33429,1225657654
1715673,22979,1225657784
19082,18676,1225658840
5190,1715673,1225662338
5190,1715673,1225662373
3821,1149,1225666374
27439,28586,1225666559
2598,28586,1225668750
30032,30032,1225671523
2199,30032,1225672335
24995,10941,1225672758
8446,145119,1225674665
8446,145119,1225674714
145119,145119,1225674954
2703,145119,1225675675
33371,33371,1225675904
145119,145119,1225675905
23795,32992,1225676020
5304,5304,1225676424
10661,17211,1225677462
10941,21586,1225678975
12711,338,1225679446
25375,15345,1225680671
23193,15345,1225680851
1288,6328,1225681268
15345,15345,1225681426
2470,22284,1225683436
18575,1695,1225683561
22656,1695,1225683744
22656,1695,1225684753
1200,33481,1225685971
24975,24975,1225687485
14065,33481,1225687521
11898,1695,1225688525
15168,31325,1225688879
18061,2220518,1225690446
18770,2220518,1225690562
18471,1695,1225690596
28380,20955,1225691607
18770,20955,1225691644
6782,20955,1225691684
10661,20955,1225692374
20955,20955,1225692928
5720,10941,1225694554
1248,28241,1225696233
2974,29299,1225697103
234,30073,1225697696
1288,30073,1225697766
4727,33232,1225697912
30833,1569,1225698707
1569,1569,1225698954
3655,3655,1225701191
16076,17174,1225701353
15614,30073,1225702018
17174,17174,1225702191
2820,8123,1225702584
30833,1569,1225702923
24355,21940,1225704545
8032,34548,1225707169
7001,162,1225707377
14454,10472,1225711216
18265,23667,1225711355
23146,30073,1225711973
23667,23667,1225713280
8709,18405,1225714228
1288,17174,1225714824
6126,404,1225717359
33006,10472,1225718623
31415,2806,1225718967
5645,25949,1225719261
404,404,1225719335
5645,5645,1225719514
17174,17174,1225720379
25949,25949,1225720946
20138,20138,1225725532
31582,5004,1225729789
1695,5004,1225729978
22656,26155,1225730075
26155,26155,1225730473
11333,11333,1225732392
31415,2462,1225733487
31415,3155,1225734107
4857,2644,1225734837
31580,209,1225736373
18771,26107,1225737184
8562,33016,1225738529
6309,13877,1225740196
7094,26823,1225741369
4591,11333,1225742137
24813,24813,1225742534
1163,689,1225743312
30155,22162,1225743546
7122,6954,1225743609
4857,26567,1225743767
6807,6013,1225743872
9328,6954,1225744014
7122,6954,1225744249
10661,26567,1225744316
7122,26567,1225744441
30453,8123,1225744630
10661,26567,1225744741
24525,25731,1225745230
28241,28241,1225745274
9328,6954,1225745546
3150,24793,1225745850
27911,27911,1225746994
905,33583,1225747514
24793,24793,1225747945
26853,2077,1225748047
1228,25319,1225749528
23824,23824,1225749913
2443,2443,1225750499
25319,25319,1225750861
24179,9155,1225751817
24179,16012,1225751903
2670,26107,1225751980
13051,1246613,1225752193
26107,26107,1225752222
21925,22063,1225752251
22294,33662,1225752843
96,6158,1225753025
18771,6158,1225753147
19038,6158,1225753254
96,6158,1225753517
6158,6158,1225753693
24595,24595,1225753811
96,6158,1225753878
6461,1965,1225754513
13051,8118,1225754584
18941,3848,1225755132
3043,3848,1225755225
9345,11795,1225755361
2820,392,1225755427
2820,392,1225755750
3043,6176,1225756044
2820,392,1225756850
31223,4950,1225757709
31615,6536,1225758123
2424,3291,1225758288
33404,33404,1225758297
16597,5185,1225758917
20553,23862,1225759059
5185,5185,1225759350
4418,7988,1225759362
11112,4020932,1225759397
6782,7988,1225759667
7492,7492,1225759876
5190,33061,1225760196
19772,32638,1225760486
17871,21499,1225760517
7093,17787,1225762189
12915,23862,1225762521
18333,33554,1225762572
4853,33554,1225762627
4853,33554,1225762697
33554,33554,1225763070
31828,420,1225763131
4218,16470,1225763340
23234,16470,1225763871
33583,33583,1225764441
954,1065163,1225765375
3474,26508,1225765492
2820,1065163,1225765568
8155,6176,1225765674
5645,1065163,1225765853
2820,1065163,1225765963
8709,27163,1225766269
721,33722,1225766648
3018,3230,1225767551
21244,21244,1225767913
811,23902,1225768254
7565,83,1225768467
4853,33554,1225769085
672,15884,1225769747
18405,18405,1225769785
10492,578,1225769922
2598,2598,1225770828
8435,335036,1225771612
8435,11208,1225771733
234,26374,1225771753
2820,33690,1225773445
2820,33690,1225773625
7210,11208,1225773699
33690,33690,1225773784
96,26257,1225773840
31223,12862,1225774087
12862,12862,1225774842
16989,91,1225775048
31223,12862,1225777231
3333,33775,1225777391
8174,2974,1225777671
4276,318,1225779098
318,318,1225779465
20178,21406,1225779574
25645,25645,1225779804
26227,13937,1225780014
10661,33775,1225780075
7122,33331,1225780435
7122,33331,1225780471
13937,13937,1225781889
7122,25645,1225781954
15168,32836,1225782590
15168,32836,1225782646
2136,25368,1225783348
3712,22712,1225783887
33791,33791,1225784593
16562,17234,1225786389
372,23822,1225789033
23822,23822,1225789882
27163,27163,1225790571
23034,5441,1225790702
13295,34051,1225792783
34051,34051,1225792937
10661,1057,1225793112
6144,16989,1225795218
29157,1343,1225795366
18676,18676,1225795897
26825,10631,1225799364
9611,14768,1225799797
14768,14768,1225799993
14409,14409,1225800748
6742,6044,1225801047
3043,3043,1225803303
23283,25749,1225803791
33776,33776,1225807126
23705,4200,1225808058
29762,31274,1225808874
9417,31274,1225809788
15168,18657,1225812341
25749,25749,1225814951
372,14768,1225817857
31415,15884,1225818090
2548,2967,1225819354
4534,13967,1225819506
18771,7759,1225820176
6309,6309,1225820563
15539,15539,1225820645
20984,30323,1225821730
31394,14053,1225822350
4950,4950,1225823568
4950,31116,1225824173
13118,229,1225824255
2208,32484,1225826049
11995,3208,1225826202
32484,32484,1225826656
13005,34080,1225827462
2208,32484,1225828226
32484,32484,1225828886
34080,34080,1225829053
3295,29182,1225829106
4873,18792,1225829672
6461,15371,1225830292
15371,15371,1225830534
15456,3373,1225830554
11527,6759,1225830925
31615,24202,1225832358
23354,267,1225833581
6461,39677,1225834039
298,18865,1225834268
39677,39677,1225834528
1069,34142,1225834593
26,24525,1225836482
5421,6533,1225836581
1441,20055,1225837623
1266,4857,1225841390
96,30917,1225842613
18771,135,1225843171
25050,3631,1225843558
572,34210,1225843570
3043,12597,1225843769
7122,13930,1225843868
13930,13930,1225844068
7122,13930,1225844270
12870,13930,1225844608
7122,13930,1225845153
13930,13930,1225845348
12897,12597,1225845555
32113,30881,1225845729
4893,11612,1225845858
7122,13930,1225845870
2133,34219,1225846074
13279,15528,1225846159
15528,15528,1225846290
31580,9948,1225846777
15328,11577,1225846889
572,11577,1225847338
31582,1394296,1225847416
8220,13930,1225847661
8220,13930,1225847737
17787,17787,1225847899
31415,7024,1225849080
5645,7841,1225849315
1097,18313,1225850824
30532,318,1225850894
1097,18313,1225851012
15328,31641,1225851796
1288,1348,1225852317
16434,3594,1225852804
1288,13930,1225852805
31641,31641,1225852876
19629,34142,1225853474
8709,32834,1225853563
15328,31641,1225853999
16292,16292,1225854195
3594,3594,1225854237
16434,3594,1225855149
26627,22093,1225855293
22093,22093,1225855433
825,4883,1225856027
27439,22634,1225856375
6144,26809,1225856541
6144,21960,1225856657
6782,19964,1225856676
2820,7665,1225856775
19403,34219,1225856886
4418,19964,1225857058
19964,19964,1225857102
658,7665,1225857233
12267,26121,1225857927
4525,31406,1225857936
16391,25962,1225858453
22656,18051,1225858527
14177,18051,1225858610
8220,7856,1225858866
730,16292,1225859095
21406,21406,1225859306
19966,22634,1225860106
91,27294,1225860848
4279,22979,1225860976
11436,15918,1225861063
10661,32899,1225861122
32899,32899,1225862166
8815,22634,1225862648
6782,22979,1225863218
3778,7665,1225863362
22979,22979,1225863498
18941,21664,1225863637
22979,22979,1225863683
3594,3594,1225863979
10631,10631,1225864094
21664,21664,1225864411
22979,22979,1225864496
21664,21664,1225864535
28543,27294,1225864784
15918,15918,1225864798
32538,22471,1225865360
18313,18313,1225865780
5486,28149,1225865986
25891,2908,1225866232
19802,19802,1225867348
745,32558,1225867486
18941,34464,1225867740
30461,8761,1225868731
28607,28607,1225870026
28074,32772,1225871411
24279,13930,1225873583
3712,34438,1225874984
7734,5932,1225876202
29157,5932,1225876328
5932,5932,1225876523
7734,26004,1225876566
13103,26004,1225876723
1433,15918,1225878661
2663,2663,1225880868
13930,13930,1225882597
30636,30636,1225882782
3043,34539,1225883303
13930,34539,1225883333
24355,34539,1225883539
24279,13930,1225884764
23574,781,1225885296
20164,34539,1225885546
30234,13930,1225888742
19405,17211,1225889848
30234,31116,1225890382
14942,31116,1225891143
31116,31116,1225891322
31116,31116,1225891747
18771,15124,1225894717
13430,31116,1225895770
30234,31116,1225896203
17964,34571,1225896600
30234,15124,1225897353
30234,1541,1225897632
21711,15124,1225898187
18061,33889,1225899402
5948,16855,1225899535
15534,2994,1225900047
6309,1541,1225900685
1695,34594,1225901613
6899,33061,1225902190
13447,2554,1225902848
10024,1000,1225902922
16076,17436,1225903462
28380,338360,1225904273
17436,17436,1225904324
13565,338360,1225904649
15124,15124,1225904990
15124,15124,1225905101
20164,34594,1225905119
6782,19281,1225907276
6782,19281,1225907380
32041,29173,1225908373
20363,11333,1225908522
15541,11333,1225908746
11333,11333,1225909328
34623,34623,1225909343
31415,4417,1225909681
15124,12016,1225910794
9504,2937,1225910896
29157,15124,1225911846
20363,11333,1225912072
22656,3193,1225912664
3193,3193,1225913018
6807,1541,1225913148
4279,12828,1225914724
28832,7841,1225914895
10661,30786,1225915657
19281,19281,1225915781
5190,30786,1225915797
267,34395,1225915921
27929,33864,1225915976
2820,12828,1225916887
24595,24595,1225916997
1199,30674,1225917295
12828,12828,1225917558
15459,25749,1225918180
27637,22162,1225918192
4418,2994,1225919234
16076,27393,1225919244
4276,28578,1225919655
24181,1246613,1225920462
1143,1541,1225920763
32772,32772,1225920937
25749,25749,1225921094
20553,358,1225921552
10661,20261,1225921999
10141,23427,1225922103
8761,8761,1225922103
10661,5271,1225922166
30786,30786,1225923104
1228,24804,1225923398
22114,1246613,1225923524
8435,8715,1225923962
24065,24065,1225924131
22114,1246613,1225924552
1898,8715,1225924633
27929,1430323,1225924857
22114,1246613,1225925422
2967,2967,1225926147
4249,12322,1225926532
15456,34397,1225926778
6309,20605,1225927191
6144,26671,1225927400
6461,3326,1225927693
27637,16419,1225927730
3326,3326,1225928130
2894,2894,1225928415
18901,22076,1225928656
16592,11916,1225928716
12868,9539,1225928811
9539,9539,1225929014
15459,25749,1225929552
3043,767,1225929703
767,767,1225929854
27637,2137,1225929941
13930,13930,1225930088
30492,14744,1225930206
3225,12597,1225930267
10661,28098,1225930377
28098,28098,1225930730
10661,28098,1225931239
22777,1790,1225931611
1450,24550,1225931996
33890,33890,1225933133
24550,24550,1225933261
572,3797,1225933557
31326,4599,1225933567
12322,12322,1225934337
8709,5363,1225934662
24279,24279,1225934828
1733,1733,1225934883
28558,33890,1225934888
10432,115,1225934990
3043,12333,1225935174
17766,30043,1225935201
6013,6013,1225935216
24279,24279,1225935372
18901,15614,1225935499
13565,1512,1225935506
2567,24279,1225936091
1512,1512,1225936804
1358,1512,1225937407
1666,24550,1225937518
8528,24550,1225937648
4685,34787,1225938132
1228,34787,1225938254
24022,34787,1225938832
28605,16354,1225939361
1228,9209,1225939385
1228,29312,1225939482
18623,18623,1225939801
23822,29312,1225940026
13103,34571,1225940064
4228,34787,1225940344
811,18623,1225940746
18771,1790,1225941784
578,24975,1225941837
1790,1790,1225943006
13430,382480,1225944140
2509,382480,1225944502
13430,382480,1225944526
115,14569,1225944544
9021,14569,1225944690
10492,15884,1225944702
4418,14569,1225944750
14569,14569,1225944840
115,14569,1225944868
2509,382480,1225945070
10661,18770,1225945083
15884,15884,1225945126
16526,16526,1225945385
3295,31624,1225945648
8174,27795,1225946036
23354,9209,1225946042
24975,24975,1225946092
13263,34820,1225946697
15880,25020,1225947074
13051,9774,1225947123
15614,18891,1225947763
9774,9774,1225948008
4685,13913,1225948460
15880,28098,1225949254
3333,23771,1225949372
23354,13913,1225949521
34329,681,1225949617
21386,13913,1225949726
681,681,1225949750
13531,32978,1225949879
34329,2233,1225950254
10661,681,1225950804
18771,26121,1225950867
10661,681,1225950932
2994,2994,1225951262
8363,8363,1225951554
32978,32978,1225951611
13552,30572,1225951899
23771,23771,1225952406
22224,14569,1225952746
115,36263,1225953724
30913,36263,1225953805
26327,26327,1225953885
30913,36263,1225953935
15168,382480,1225953987
2233,2233,1225957705
14606,13154,1225957888
233,24315,1225958410
26327,12172,1225959049
29924,29924,1225959118
1790,12172,1225959466
26327,12172,1225959756
25050,29924,1225960092
1790,12172,1225960095
3093,9774,1225960102
1790,12172,1225960202
1790,12172,1225960413
31615,28392,1225960642
6044,44972,1225960687
11484,34903,1225961370
24718,18770,1225963004
15168,34537,1225963777
50,3314,1225963992
13154,13154,1225966259
32113,34929,1225966652
12950,7831,1225967058
5645,31325,1225967101
5645,28736,1225967596
2908,2908,1225967699
2908,34929,1225968793
10661,31327,1225968796
14860,31325,1225968811
19405,34561,1225971229
24950,34561,1225971298
9345,3314,1225971667
34561,34561,1225972328
14606,34948,1225973576
30833,23939,1225973640
14606,34948,1225973685
45603,23407,1225976436
45603,23407,1225976471
2635,34561,1225980051
5645,34561,1225980576
22656,15055,1225982011
16193,15055,1225982088
34948,34948,1225982168
19512,31472,1225982838
15168,31472,1225984633
16663,31472,1225984816
4200,2137,1225985421
34723,34723,1225985735
1865,10793,1225986564
6309,216896,1225989009
12950,216896,1225990899
4857,15055,1225994288
4857,15055,1225994327
9236,2079,1225995057
19315,19630,1225995488
17516,16562,1225995492
27929,35014,1225995812
19630,19630,1225996124
6369,736,1225997410
17368,17368,1225998058
12948,12948,1225998365
28149,28149,1225999136
1242,1726,1225999334
11167,17211,1225999462
15393,8741,1226000818
1199,28462,1226001886
1163802,30472,1226002001
3314,3314,1226002104
30366,4019,1226003283
2820,18804,1226003434
35014,35014,1226003720
16526,35061,1226004426
2079,2079,1226004642
7724,16663,1226005466
35061,35061,1226005867
11916,11916,1226007119
18771,2695,1226007954
3712,727,1226008071
7053,12151,1226008657
7241,7287,1226008825
16663,16663,1226009080
3542,2819,1226009087
3153,12151,1226009151
2819,2819,1226009630
33164,26160,1226010209
18893,25515,1226010397
18893,25515,1226010427
26160,26160,1226010764
11649,34219,1226011557
18747,35116,1226012732
18936,34219,1226012946
23528,23528,1226014004
15880,34219,1226014074
20984,23528,1226014194
2695,2695,1226014197
9631,23528,1226014271
2942,109,1226014634
12725,9825,1226014695
5114,1869,1226014832
9825,9825,1226015197
1869,1869,1226015491
79,2959,1226015990
3474,22979,1226016433
12725,10120,1226016568
12725,10120,1226016608
3043,8741,1226016803
22225,11780,1226017157
9345,9435,1226017177
27637,22996,1226018411
5696608,24500,1226018496
9876,19630,1226019793
9876,24459,1226019882
10120,10120,1226019908
8090,24283,1226020026
8090,35167,1226020239
19405,20178,1226020327
20178,20178,1226020452
20860,20178,1226020508
18061,3488,1226021337
10559,32688,1226021508
35167,35167,1226021648
3488,3488,1226021673
10559,23528,1226022122
1790,34797,1226022326
17964,17964,1226022572
31828,4893,1226022659
28260,51,1226022667
2527,13652,1226022874
13652,13652,1226023090
2527,13652,1226023170
2034,21499,1226023767
13531,21499,1226023934
16345,15392,1226024455
5645,4599,1226024462
10861,21499,1226024664
2034,21499,1226024668
28558,34797,1226024756
31223,7529,1226025058
18893,18893,1226025337
7529,7529,1226025502
10492,24721,1226026163
1228,7529,1226026924
18061,3488,1226026968
25544,34929,1226026989
24279,7529,1226027721
19630,19630,1226028032
8220,3407,1226028450
24721,24721,1226029492
11898,35227,1226029532
13430,3594,1226030080
234,11522,1226030444
3333,9056,1226030480
34426,9056,1226030509
32632,32632,1226030532
32632,32632,1226030570
3594,3594,1226030661
13430,3594,1226030974
3594,3594,1226031562
13430,3594,1226032034
4083,18265,1226032097
33931,34929,1226032237
9345,35139,1226032581
14569,9056,1226033253
12267,15797,1226034208
18265,18265,1226034308
15880,5175,1226035119
12579,21209,1226035156
11917,33690,1226035210
15880,12860,1226035314
6350,5631,1226035355
5233,5631,1226035719
33690,33690,1226035848
356,356,1226035938
9809,9809,1226036175
14065,35256,1226036415
23354,28736,1226036450
35256,35256,1226037422
611,21461,1226037513
611,4241,1226037597
27637,29815,1226037673
21461,21461,1226038307
11289,16805,1226038858
2719,25515,1226039000
22114,16794,1226039050
6345,28298,1226039607
22777,33690,1226039670
28956,29815,1226039700
14027,29815,1226039784
28832,13913,1226039838
16886,35241,1226040374
1341,1341,1226040496
1249,28647,1226041315
28736,28736,1226041368
9122,11694,1226043020
16805,16805,1226046353
3542,11522,1226046609
3542,35305,1226046794
28258,1851,1226049331
25093,25093,1226049542
8709,1851,1226049604
28258,1851,1226050116
148,35203,1226053757
1057,35305,1226054022
1057,21245,1226054903
34218,35348,1226055023
35348,35348,1226055604
34975,34975,1226056389
2915,34975,1226057449
28574,4599,1226059697
54420,26628,1226060764
26628,26628,1226061520
26671,26671,1226062338
23354,18434,1226062626
23354,18434,1226062705
23354,35371,1226062781
23354,35371,1226062840
23354,35371,1226062977
25222,25645,1226063245
23234,10224,1226064673
372,4906,1226065309
32168,25645,1226067051
5314,35331,1226068953
13216,34532,1226069433
15962,12866,1226069756
13687,20654,1226070207
3055,25316,1226072494
10224,10224,1226073197
12860,12860,1226074722
19893,34532,1226075186
2959,7938,1226079693
20363,15233,1226080493
7508,23230,1226081930
11995,18992,1226083327
15233,15233,1226085437
23795,15371,1226085486
3055,4386,1226086909
6848,912,1226087531
11333,11333,1226088576
31223,32136,1226089739
22068,22550,1226089901
1199,34924,1226090205
24079,4641,1226090568
15541,1801,1226090697
32136,32136,1226090778
7872,5636,1226091150
6309,11614,1226092311
1737,9328,1226092784
912,912,1226093028
1233,32992,1226093068
24283,24283,1226093424
8741,8741,1226093427
3535,2941,1226093562
26721,939,1226093644
2941,2941,1226093734
18192,9328,1226093786
2820,6613,1226094240
33102,33102,1226094594
2763,2763,1226094753
6613,6613,1226094761
939,939,1226094829
21755,1246613,1226094836
15416,18664,1226095409
2820,6613,1226095551
1821,20011,1226096372
21294,33863,1226096700
31319,1246613,1226096836
16076,22076,1226097418
1288,22076,1226097419
16076,22076,1226097451
26479,5449,1226097461
31223,32136,1226097559
33630,33863,1226097748
33863,33863,1226097855
5449,5449,1226097859
1249,26809,1226097861
1337,9056,1226097882
16035,22076,1226098020
35371,35371,1226098093
13989,1246613,1226098173
21294,33863,1226098186
32136,32136,1226098329
1199,35055,1226098369
13989,1246613,1226098400
21987,17428,1226098414
28807,22076,1226098717
23072,22076,1226098961
1124,29947,1226099044
18664,18664,1226099716
5314,1946,1226099731
1946,1946,1226099755
2831,2831,1226100103
19307,14749,1226100496
13531,28482,1226100498
13279,8741,1226101339
14749,14749,1226101342
17428,17428,1226101528
14122,1246613,1226101953
28605,10224,1226102711
14343,30289,1226102781
35527,35527,1226103255
28558,21176,1226103857
1199,45,1226104569
7643,45,1226104769
35527,35527,1226104776
34329,4778,1226104984
21755,3043,1226105203
34240,3043,1226105382
5744,31406,1226105427
45,45,1226105464
1821,28298,1226105538
7419,31406,1226105668
26107,26107,1226105736
14099,31406,1226105737
2915,25511,1226105912
7565,31406,1226105920
8458,34731,1226105989
8220,12772,1226106069
8458,35227,1226106122
2915,25511,1226106124
25511,25511,1226106195
12772,12772,1226106201
2915,25511,1226106284
13531,18511,1226106349
12862,12772,1226106371
2635,8344,1226106629
14065,35004,1226106814
28053,12772,1226106957
1559,35527,1226106989
3043,3043,1226107343
35055,35055,1226107412
35055,35055,1226107461
28605,18265,1226107653
12772,12772,1226107666
30759,12772,1226107786
12772,12772,1226107879
3014,9835,1226107969
24215,9835,1226108020
9353,15667,1226108126
2034,25511,1226108528
9835,9835,1226108607
12251,12251,1226108649
4612,34830,1226109014
2034,26809,1226109146
28053,12772,1226109511
96,32771,1226109768
30524,14520,1226110137
27637,29115,1226110368
12772,12772,1226110480
672,22712,1226110498
18265,18265,1226110498
9365,35564,1226110762
28053,4770,1226110949
7419,31406,1226111310
16391,4770,1226111333
8220,12772,1226111616
2915,25511,1226111619
32640,25511,1226111705
32640,25511,1226111977
8458,29825,1226111994
29115,29115,1226112179
1311500,12772,1226113213
28558,5441,1226113367
13005,35281,1226113381
29825,29825,1226113751
1491,1143,1226113789
14749,14749,1226113818
24279,5988,1226113953
17826,5988,1226114036
18196,18196,1226114366
5441,5441,1226114394
3712,22712,1226114681
32632,10088,1226115114
34218,31406,1226115313
1965,10088,1226115452
25990,736,1226115646
3743,24721,1226115737
1143,1143,1226116144
30807,6400,1226117179
11135,11135,1226117584
2648,22449,1226117912
16391,20748,1226117978
1965,20748,1226118165
16391,20748,1226118433
5618,33417,1226118479
83,83,1226118499
83,83,1226118554
811,20748,1226118848
11780,11780,1226119318
24263,19129,1226119367
23354,35371,1226120142
5836,310574,1226120172
25319,11333,1226120529
35203,35203,1226120779
1288,27899,1226120860
8220,26001,1226121556
672,22712,1226122071
2710,30181,1226122276
25191,32113,1226123134
26787,22917,1226123166
32113,32113,1226123666
27010,2077,1226126679
22364,238,1226127102
22712,22712,1226127993
2766176,15124,1226128090
34329,14065,1226128092
611,21461,1226128251
19299,1213936,1226128541
26001,26001,1226128637
238,238,1226129825
28380,30105,1226130212
19026,19026,1226130213
32892,25316,1226130284
18180,30105,1226131490
1213936,1213936,1226131871
15168,12975,1226135194
15168,19026,1226136082
32120,32120,1226136188
34218,24349,1226137281
9021,33754,1226137351
34240,28486,1226137661
25749,25749,1226138244
11721,34989,1226138373
22695,6583,1226140270
9787,15884,1226141562
3712,22712,1226143720
3712,22712,1226143816
12975,12975,1226144071
29157,33885,1226146333
14860,31649,1226146831
15124,15124,1226149970
20819,25538,1226152752
1786,3834,1226153344
29157,3834,1226153451
25538,25538,1226154189
33952,3834,1226154485
26931,35661,1226154580
24349,24349,1226154666
1965,4140,1226155036
1965,4140,1226155402
4140,4140,1226155484
5720,35617,1226155522
5697,3834,1226156375
22550,22550,1226160019
22712,22712,1226161278
33006,28360,1226161868
23354,22769,1226162560
31722,2459,1226167687
5190,35661,1226169688
17516,2650,1226170083
1057,35305,1226171519
3055,35738,1226173046
6309,26143,1226173053
20178,35738,1226173115
35281,35281,1226176210
33006,370899,1226176244
370899,370899,1226176662
33006,370899,1226176916
26160,25680,1226177237
34441,338,1226177405
370899,370899,1226177538
1288,35738,1226177698
16076,5772,1226177922
5640,35295,1226178179
5640,35295,1226178818
1695,18542,1226178983
28807,35004,1226179686
6144,35708,1226181153
13005,29182,1226181743
745,676066,1226183447
5640,676066,1226184072
2915,34623,1226184942
5640,34623,1226185027
5772,5772,1226186783
25680,25680,1226187048
11963,34096,1226187143
4893,450206,1226187515
12950,12252,1226187719
5486,5486,1226189176
8127,25093,1226189620
17335,14744,1226190672
1965,33889,1226191374
3,26521,1226194568
35416,35416,1226196996
9056,9056,1226199017
15459,12975,1226199851
26,30506,1226199927
21755,35416,1226199945
21461,21461,1226199988
1790,238,1226202260
363,35416,1226203048
18061,35657,1226203190
392,34815,1226203194
34218,14343,1226203685
11397,29182,1226204739
34815,34815,1226206265
27637,1444,1226206847
6144,34815,1226207047
1444,1444,1226207213
34815,34815,1226207910
34815,34815,1226208677
572,1348,1226210631
34815,34815,1226211357
12252,12252,1226211858
19772,31307,1226212665
21755,1412,1226213828
12870,1412,1226214204
12870,33481,1226214979
32892,25732,1226215015
6309,122,1226215899
1412,1412,1226215928
18941,1412,1226216020
1412,1412,1226216511
1384652,1348,1226216537
15537,1444,1226217628
34509,33481,1226218184
6144,34815,1226219622
19302,35852,1226220932
9787,9123,1226221162
34218,35854,1226221739
16076,35854,1226221765
4893,35852,1226222738
5645,33633,1226223330
5645,20489,1226223461
3333,35854,1226225457
34218,29642,1226226697
34240,1965,1226229943
1965,1965,1226230138
25222,33481,1226231809
9122,33481,1226231848
34218,33481,1226232004
33481,33481,1226232004
33481,33481,1226232136
34218,33481,1226232188
33481,33481,1226232274
34218,33481,1226232445
8786,8786,1226237211
28888,33481,1226243264
33412,30292,1226246124
34218,28462,1226246397
28462,28462,1226246696
34218,28462,1226246921
28462,28462,1226247268
15459,23368,1226254387
33417,35223,1226254439
611,194,1226255046
194,194,1226261245
32136,9642,1226261459
6309,23368,1226262728
9613,9613,1226263210
25319,35917,1226265392
34509,7129,1226269895
7129,7129,1226270293
30289,30289,1226272504
578,3831,1226275288
1199,4343,1226275354
578,3831,1226275455
15459,4343,1226275990
30333,30333,1226277199
27637,2147,1226279500
33244,1228,1226280428
32372,32372,1226280590
748,30333,1226280623
18771,35937,1226280721
4727,18256,1226282487
1042,18256,1226283007
2567,32372,1226283590
35948,35948,1226283749
893,20003,1226283760
3588,25093,1226283824
25093,25093,1226284339
21755,27570,1226284811
27570,27570,1226285163
6180,27570,1226285222
27570,27570,1226285643
33244,22471,1226287463
2204759,18308,1226287473
1666,25093,1226287902
1951,23695,1226287931
30231,30231,1226288405
30225,30225,1226288478
34218,19929,1226288507
27637,27570,1226288896
1786,35984,1226289254
1199,35984,1226289459
27637,35984,1226289674
35341,35341,1226289888
22656,35984,1226290352
35984,35984,1226291051
22656,35984,1226291319
35854,35854,1226291588
6010,16891,1226292680
16891,16891,1226293297
6173,30289,1226295993
9859,33287,1226297692
10661,132931,1226300302
27816,25990,1226300968
25990,25990,1226301430
18893,3627,1226301825
24975,24975,1226302236
4853,27805,1226302238
6782,30333,1226302365
10661,20073,1226303008
15154,15154,1226303910
15154,35935,1226304121
33889,33889,1226304609
31945,36032,1226304829
27570,27570,1226304949
33244,3627,1226305082
15609,36036,1226306072
893,36032,1226306352
31296,31296,1226308659
11694,23193,1226309145
745,36041,1226310672
18434,18434,1226312891
10661,2204759,1226314436
2635,1256,1226314976
15154,35600,1226316688
2666,36034,1226318572
4853,18893,1226319545
18893,18893,1226319645
18893,18893,1226320173
26310,24806,1226320601
6726,35955,1226323198
1666,18308,1226324945
9417,27211,1226327539
8562,22162,1226328537
23354,20382,1226328996
28416,18893,1226329111
34509,28486,1226329602
23283,31610,1226330055
31610,31610,1226330161
34218,28486,1226332282
22076,22517,1226333411
34509,15075,1226335385
11333,11333,1226336283
24039,21499,1226338044
15459,7524,1226338666
3146,3125,1226338939
19966,3125,1226339225
34671,3125,1226339271
16076,16628,1226339365
24459,24459,1226339397
5190,16628,1226339854
23193,23193,1226342949
13565,9222,1226343832
20382,20382,1226343859
5190,11995,1226344337
10661,30626,1226344793
5190,11995,1226345028
11995,11995,1226345634
7524,9222,1226345692
11995,11995,1226345710
5190,11247,1226349002
11387,35076,1226349147
3408,974,1226349397
15614,30394,1226349996
13005,27211,1226350125
9536,30394,1226350224
21755,974,1226350226
18771,31132,1226350723
23354,5363,1226350896
18771,31132,1226351791
31132,31132,1226352302
7122,11995,1226352374
18771,31132,1226352420
25515,25515,1226353461
12948,2469,1226354264
1228,2469,1226354352
1862,18590,1226354664
2469,2469,1226354963
31580,506,1226355728
18061,35657,1226355821
18771,9021,1226355842
6651,506,1226356104
6651,578,1226356167
3320,506,1226356282
2204759,2204759,1226356566
33630,23704,1226356958
8709,23704,1226356960
578,578,1226357194
7512,23572,1226357666
1228,2469,1226357700
6350,5631,1226357888
1790,1790,1226358621
450206,450206,1226358683
27637,13370,1226358867
1790,13370,1226359016
18866,30626,1226359118
13370,13370,1226359468
14065,31610,1226360260
14606,506,1226360693
6461,21197,1226360714
16391,6461,1226361395
28360,28360,1226361919
2469,2469,1226362177
3043,32582,1226362468
12349,1455,1226362618
31580,18309,1226362870
21263,506,1226363199
22656,31325,1226363457
3333,31325,1226363460
8446,31325,1226363688
8446,31325,1226363755
2385,11702,1226363869
23283,21668,1226364142
16391,1048,1226364164
3850,45603,1226364310
1228,21668,1226364340
1048,1048,1226364464
22303,3241,1226364546
18771,31132,1226364586
2666,31610,1226364590
8701,15667,1226364776
33810,1048,1226364795
18771,31132,1226364806
33810,1048,1226364912
17871,35588,1226365197
23572,23572,1226365408
1048,1048,1226365520
31325,31325,1226365625
16391,2683,1226366134
4249,16424,1226366353
13824,681,1226366363
1288,681,1226366526
3241,3241,1226366686
31641,36189,1226366881
6694,28106,1226367873
4950,6651,1226368145
21461,3397,1226368539
36249,36249,1226368815
18771,9021,1226369309
22303,13103,1226369385
2648,36269,1226369679
16424,16424,1226370180
36269,36269,1226370244
7093,27545,1226371001
12349,21940,1226371164
1666,32390,1226371534
14099,770,1226371823
31641,796,1226372096
28552,9908,1226372385
13051,21258,1226372658
3333,31325,1226373206
29021,21258,1226373437
14606,3475,1226373647
25222,3153,1226373973
31325,31325,1226374076
2648,36269,1226374391
34301,27795,1226374422
1228,36297,1226375358
13103,13103,1226375908
2548,31132,1226376538
11440,30581,1226376840
1951,12579,1226377220
13144,2469,1226377534
13412,12261,1226378335
100,1741868,1226379037
9345,32462,1226379670
4425,8032,1226379848
4418,32462,1226380447
30626,30626,1226380702
26627,1946,1226380702
30626,30626,1226380765
4590,32462,1226380842
12253,5056,1226381124
9345,32462,1226381156
12579,12579,1226381723
22224,956,1226381871
13118,2684,1226381981
17252,20770,1226382007
5056,5056,1226382034
9345,5056,1226382160
1946,1946,1226382565
16592,45,1226382718
3248,45,1226383969
23633,13103,1226384421
1951,35760,1226384455
33663,36228,1226384549
35203,35203,1226384721
3058,13466,1226384762
1951,22291,1226384861
22291,22291,1226385454
9530,35305,1226385860
19038,6624,1226386140
13103,33219,1226386955
14606,12261,1226386977
3978,33203,1226387281
33203,33203,1226387364
27637,33203,1226387686
34218,33203,1226388053
6782,34531,1226388243
33203,33203,1226388266
6782,34531,1226388329
22656,4066,1226388405
35223,1302,1226388955
34218,33203,1226389120
11440,1343,1226389227
3497,1388,1226389484
10893,54794,1226389588
27545,27545,1226389632
106,11795,1226392752
24608,30626,1226393450
9021,11795,1226393917
12261,12261,1226394112
26931,20377,1226395751
54794,54794,1226396231
54794,54794,1226396279
54794,54794,1226396391
745,745,1226397578
10893,54794,1226397803
15124,1876,1226400553
54794,54794,1226401197
893,2233,1226401365
2233,2233,1226401826
13430,34502,1226403883
23705,20400,1226404129
20164,35760,1226404931
25222,1876,1226404937
3248,1876,1226405363
25222,1876,1226405659
15154,1057,1226406022
1057,1057,1226407202
15154,1057,1226407462
34218,2773,1226407864
34218,25700,1226409360
1057,1057,1226409360
27673,27673,1226409551
20003,20003,1226410240
12702,1129162,1226410446
2590,12469,1226410459
23705,25700,1226411066
14606,32688,1226411471
32688,32688,1226411655
34509,25700,1226411657
14606,32688,1226411994
32688,32688,1226412287
23705,25700,1226412906
12702,32688,1226414719
32688,32688,1226415481
12702,32688,1226416202
32688,32688,1226417017
438025,29867,1226417795
18771,34642,1226419566
21499,21499,1226419801
4279,4766,1226420100
4279,4766,1226420328
34218,17279,1226420676
31132,31132,1226420886
611,11413,1226423708
33358,15797,1226423745
5190,21537,1226423859
11413,11413,1226423936
23153,31505,1226424601
21537,21537,1226425621
21537,21537,1226425790
5190,21537,1226426624
1965,11989,1226427200
6782,36489,1226427410
11989,11989,1226427643
611,36494,1226427928
1965,11989,1226428020
34432,36489,1226428078
7806,36489,1226428345
11989,11989,1226428443
372,17614,1226428597
36489,36489,1226428711
14732,21632,1226428980
15541,36503,1226429329
15124,36504,1226429514
3320,21258,1226429555
20382,4653,1226429708
17516,16440,1226429725
288629,11989,1226430673
10661,21258,1226432344
34671,3055,1226434998
3241,6461,1226436068
3055,3055,1226439076
34301,25138,1226439172
36503,36503,1226439527
3055,25138,1226439544
13913,29830,1226439731
25138,25138,1226439973
7122,25138,1226440249
30155,25138,1226440307
29830,29830,1226440831
2548,27171,1226441769
1293,27171,1226441856
2548,22582,1226441865
10661,18676,1226442733
19746,22582,1226443676
8220,8280,1226443846
1790,32582,1226444064
21294,11989,1226444252
34329,21648,1226444984
3937,21648,1226445243
33213,22764,1226446315
13435,2486,1226446332
9493,30626,1226447393
22303,14606,1226447507
31580,2761,1226448189
5190,2761,1226448228
5697,2761,1226448438
31580,2761,1226448517
5190,8705,1226448566
13435,2486,1226449078
2486,2486,1226449488
4857,31141,1226449557
7122,2138,1226449920
22303,25538,1226450632
33622,20003,1226450651
13913,24708,1226450801
4893,2138,1226450870
4893,2138,1226451147
2138,2138,1226451628
18771,2327,1226451785
15689,31141,1226452179
18771,22634,1226452230
794,12897,1226452947
17766,19224,1226452990
19224,19224,1226453180
17766,19224,1226453266
4893,2138,1226453279
12897,12897,1226453397
6144,2486,1226453952
19224,19224,1226454640
2486,2486,1226454799
16942,337,1226455167
7140,7140,1226455542
10676,10676,1226455600
17766,21704,1226455974
3043,3535708,1226456046
33635,21704,1226456254
5190,8741,1226456656
9122,27610,1226456657
4725,31141,1226457106
2509,27610,1226457175
34218,35516,1226457178
1965,22724,1226458295
8945,305,1226458699
5618,2218,1226459101
21258,21258,1226459500
34502,3613,1226459807
3333,23599,1226460308
1965,23599,1226460354
34065,36674,1226460969
3474,36269,1226461010
3043,36674,1226461282
1965,36674,1226461321
1790,13930,1226461539
3043,36674,1226461575
36674,36674,1226461587
1831,36674,1226461628
3043,36674,1226461630
13930,13930,1226461983
27610,27610,1226462172
27610,27610,1226462229
10475,3446,1226463020
16391,9382,1226463527
13430,27074,1226464174
11911,20261,1226464540
2915,27610,1226464742
34880,32232,1226464778
9530,27074,1226464978
2915,31608,1226465083
26853,404,1226465435
1233,36429,1226465698
4376,4376,1226466724
1572436,1444511,1226467537
10861,31608,1226467645
13103,13103,1226468258
8220,492,1226468932
27074,27074,1226469059
22303,31608,1226469267
6782,28462,1226469437
1541,1541,1226469598
3333,27580,1226469721
28462,28462,1226469870
17028,27580,1226470055
492,492,1226470372
5987,27580,1226470376
27580,27580,1226470471
8709,27580,1226470494
34509,27074,1226470591
6782,28462,1226470603
8027,30289,1226470641
1737,27580,1226470755
27580,27580,1226470833
9634,27580,1226470919
1737,27580,1226471041
16911,27580,1226471066
20848,10675,1226471889
14033,31890,1226471933
14033,31890,1226472115
11135,11135,1226472233
31890,31890,1226472273
24380,27580,1226472599
1114,27580,1226472731
10893,11173,1226472777
413049,27580,1226473216
11440,2766176,1226473438
34329,2233,1226474079
8709,27580,1226474119
28305,54794,1226474146
18565,15537,1226474319
15537,15537,1226474549
33611,1335,1226474661
1968,15537,1226474706
15537,15537,1226474827
17787,29703,1226475573
22656,2766176,1226475628
5618,15537,1226475970
2233,2233,1226476498
36093,16976,1226477200
8954,36756,1226478779
54794,54794,1226479492
1965,32484,1226479852
9021,21677,1226480714
28071,3528,1226481333
2859,1951,1226482109
1343,24744,1226482646
25050,36756,1226483312
10661,36545,1226483941
35286,1816,1226484104
14138,3932,1226484348
1000,1000,1226484472
36545,36545,1226484653
10661,36545,1226484842
36545,36545,1226485100
10661,36545,1226485218
36545,36545,1226485583
36545,36545,1226485619
20860,3932,1226485746
15962,3932,1226485870
15124,3932,1226486151
20860,3932,1226486208
36429,36429,1226486462
14606,36777,1226487275
10661,36545,1226487307
14606,36777,1226487418
28832,3528,1226487908
27580,27580,1226487983
25222,15124,1226488275
13422,36545,1226488399
36777,36777,1226488491
14606,5441,1226488547
4853,36780,1226488755
18676,18676,1226489116
121526,23341,1226489897
4249,36545,1226489925
5441,5441,1226490184
14860,23341,1226490337
24998,2766,1226490685
13430,27074,1226493252
6144,2766,1226493833
12948,20498,1226496191
22979,22979,1226497657
23633,13103,1226498033
14860,20498,1226501212
33006,3561,1226501241
31116,31116,1226501887
18771,22076,1226502245
22076,22076,1226502449
11413,36816,1226502958
922,4490,1226503782
18061,31116,1226504801
17389,1897,1226505146
28169,36830,1226505662
20164,23354,1226505708
3561,3561,1226506209
18771,22076,1226508496
15416,36574,1226511554
31132,31132,1226512331
4052,1853,1226514330
31317,28462,1226514956
28462,28462,1226515130
832,832,1226515702
922,255,1226515821
1853,1853,1226515919
26823,26823,1226516396
2635,3575,1226516651
15124,21590,1226517342
832,832,1226517521
15124,23691,1226517529
3225,18664,1226517683
15124,36864,1226517705
21590,21590,1226517736
15124,21590,1226517819
18664,18664,1226518396
23691,23691,1226518519
21590,21590,1226518593
20703,21590,1226519852
6335,6544,1226520046
20703,26107,1226520332
10661,36545,1226520442
6544,6544,1226520674
13,15109,1226521082
15109,15109,1226521248
6335,6544,1226521405
15689,18676,1226521729
6544,6544,1226522063
1199,18676,1226522542
26107,26107,1226523005
35061,35061,1226523405
23023,14316,1226524460
14316,14316,1226525686
28380,36900,1226525826
7122,36890,1226525832
1610,36890,1226525914
7122,36890,1226525955
23354,12862,1226526227
12862,12862,1226526331
18771,35061,1226526547
8014,15710,1226526677
33433,8003,1226527365
31580,17692,1226528484
27637,17692,1226528814
31317,28462,1226528855
5486,27236,1226528960
936,23491,1226529334
5363,36922,1226529426
4857,572,1226529535
22294,1816,1226529783
20498,20498,1226529955
6782,25453,1226531224
34671,13930,1226531295
14441,16794,1226531316
14441,16794,1226531354
7565,16794,1226532033
23633,17692,1226532702
8709,3333,1226532922
9345,6350,1226533338
10661,36900,1226533402
17516,12261,1226533418
2385,6624,1226534131
17832,36942,1226534330
36942,36942,1226534502
9345,12862,1226534995
27236,27236,1226535227
13285,6069,1226535553
6069,6069,1226536236
17787,1782,1226536277
3613,3613,1226536291
11387,17692,1226536633
10661,35767,1226536638
21755,35767,1226536997
10661,35767,1226537117
21755,35767,1226537202
5791,16794,1226537307
36034,35767,1226537360
6350,6350,1226537532
22303,2351099,1226537637
35767,35767,1226538160
22704,35767,1226538445
26627,1946,1226538460
14343,3886,1226538754
21258,35767,1226538905
9345,6350,1226539294
21755,35767,1226539626
34301,24563,1226539780
21258,35767,1226540001
2351099,2351099,1226540113
21755,35767,1226540144
5618,6399,1226540790
24529,24529,1226540912
21258,35767,1226541427
9345,36599,1226541979
5695,5695,1226544278
7116,29442,1226544704
12711,28462,1226544830
26833,27236,1226544880
9345,9642,1226544883
9642,9642,1226545046
9345,9642,1226545083
6637,36429,1226545172
6637,36429,1226545222
11440,37036,1226545646
9642,9642,1226545824
8454,1048,1226547477
34502,35140,1226547770
15638,15884,1226547949
15638,15884,1226548122
18158,1090,1226551381
3043,26305,1226551689
9251,36373,1226551816
3474,3458,1226551863
3474,3458,1226551978
3458,3458,1226552004
3458,3458,1226552039
4490,4490,1226552750
4279,24806,1226553003
35526,37080,1226553202
4193,5291,1226553222
23909,37080,1226553301
18866,19731,1226553334
19731,19731,1226553569
37109,37109,1226553663
15609,3043,1226553914
14167,16457,1226554169
29053,3458,1226554523
18771,16794,1226554534
19468,7315,1226554972
8753,16794,1226555348
922,26305,1226556057
3043,16794,1226556566
15459,36858,1226556648
14167,6320,1226556702
26305,26305,1226557020
1343,1343,1226557129
15459,16794,1226557175
2766,2766,1226557265
18274,18274,1226557555
6320,6320,1226557613
3191,30408,1226558535
12915,26923,1226558855
3225,37149,1226559167
1491,37163,1226559884
1491,37163,1226559960
26121,26121,1226560318
10784,4386,1226560583
2766176,19687,1226560606
2034,26121,1226560641
3458,3458,1226560911
33226,30408,1226560942
36384,37169,1226561242
15614,37163,1226561252
9209,32484,1226561377
7831,15884,1226561486
13,37163,1226562031
37163,37163,1226562067
22346,13195,1226562469
811,37143,1226562471
3474,10675,1226562892
37143,37143,1226563047
15614,37143,1226563601
2666,37181,1226564233
28258,37181,1226564665
1337,3528,1226565344
28074,31128,1226566046
1057,19731,1226566126
14138,19763,1226566240
2666,37181,1226566839
1057,19731,1226567104
12950,826,1226568781
1,30408,1226570839
4853,4883,1226571591
3,3,1226571659
4883,4883,1226571873
1057,19731,1226572302
32998,8534,1226574305
22979,20498,1226574930
8280,8280,1226575890
20178,26130,1226576499
20178,26130,1226576672
12950,26130,1226576822
1337,20498,1226581603
9345,9835,1226583767
17174,17174,1226584374
45603,886,1226587071
14690,244443,1226588893
382974,244443,1226589246
14690,244443,1226589610
12243,20065,1226590760
26155,244443,1226591417
19302,37263,1226592002
14690,244443,1226592256
37263,37263,1226592566
34218,35405,1226593965
19746,12597,1226594403
2899,2899,1226594589
21606,31128,1226595097
23354,11795,1226596743
31395,25768,1226596861
25768,25768,1226596951
4052,20065,1226598511
33584,33584,1226598993
31580,33584,1226599108
6461,12597,1226599319
33584,33584,1226599582
28380,24718,1226600431
22610,15667,1226600563
13051,11414,1226601453
10661,2128,1226602664
9328,11256,1226608945
35086,11256,1226609884
23909,12037,1226610467
21755,11256,1226610760
5343,30700,1226611090
18797,32484,1226611280
21755,5049,1226611554
7903,6992,1226611798
3225,6992,1226611985
5049,5049,1226612483
4725,10675,1226612676
3333,22076,1226613000
30700,30700,1226613081
21299,22076,1226613222
13430,5049,1226613611
3320,22076,1226613717
5290,65465,1226613839
15689,22076,1226613976
16777,22076,1226614021
13913,22076,1226614116
2094,737,1226614202
34509,5049,1226614401
6992,6992,1226615296
12597,12597,1226615423
14606,4215,1226615898
4215,4215,1226616333
23902,36727,1226616513
825,11414,1226616516
737,737,1226616682
20553,22162,1226616713
9403,22076,1226616833
26457,22763,1226616991
1228,8976,1226617114
6247,11795,1226617350
8976,8976,1226617385
20553,18709,1226617500
1228,8976,1226617712
23902,36727,1226617954
24718,24718,1226618211
8976,8976,1226618812
20553,17436,1226618854
17436,17436,1226618935
9345,12597,1226619112
12881,34395,1226620029
14606,20448,1226620208
9536,17436,1226620214
9536,23372,1226620325
5618,2115,1226620819
5744,2115,1226620883
9345,2470,1226621074
17787,2115,1226621095
14606,16254,1226621275
17787,2115,1226621289
16777,37378,1226621338
28106,28106,1226621499
37378,37378,1226621823
4249,37378,1226621850
19020,1,1226622312
3043,37378,1226622446
2598,50,1226622545
23372,23372,1226622642
7899,26070,1226622783
3153,27884,1226622860
1409,969,1226622867
10661,25705,1226623124
27236,27236,1226623797
3055,2115,1226623954
969,969,1226624454
15667,2034,1226624604
25191,2034,1226624641
2034,2034,1226625054
30408,30408,1226625422
685,32337,1226625798
1450,2034,1226626034
572,32337,1226626116
5486,35555,1226626687
4950,35555,1226626995
29,13704,1226626996
4249,24639,1226627212
28413,826,1226627524
3043,34133,1226627677
5696608,13704,1226627990
35555,35555,1226628033
1965,34133,1226628077
13913,34133,1226628090
13913,34133,1226628124
22724,10897,1226628286
1228,5056,1226628387
1143,5056,1226628827
10897,10897,1226628886
5056,5056,1226629021
16391,9345,1226629704
7899,8534,1226629883
4083,8133,1226630525
14065,37370,1226631555
32595,30181,1226632563
24229,24975,1226632677
12881,206,1226633836
4234,4234,1226634103
25222,29157,1226634519
572,24610,1226634610
24610,24610,1226635145
8709,33411,1226635219
34218,5963,1226635506
826,826,1226635689
18529,19863,1226635908
20774,33411,1226636021
2696,32326,1226637010
27101,19863,1226637572
13295,25197,1226637610
2470,18340,1226637664
18340,18340,1226637739
33459,18340,1226638105
1666,20774,1226638150
1666,20774,1226638207
14167,27101,1226638443
24376,34989,1226638519
27101,27101,1226638637
13195,13195,1226638638
13787,27101,1226638769
20774,20774,1226638816
27101,27101,1226639057
22388,4790,1226639288
4790,4790,1226639339
18866,3594,1226639389
20774,50,1226639665
22388,4790,1226639710
4790,4790,1226639840
33213,4790,1226639846
3594,3594,1226639930
34218,4120,1226640050
4790,4790,1226640072
1666,20774,1226640292
12943,18340,1226640792
18340,18340,1226641037
32998,26521,1226641121
18338,18340,1226641186
34218,2501,1226641221
12597,12597,1226641311
27907,2501,1226641618
34218,30323,1226642170
10861,33870,1226642685
24349,2501,1226642778
8220,25538,1226642856
29157,29157,1226642898
31641,1149,1226644924
11995,1149,1226645031
1951,1149,1226645032
24229,576,1226645480
37020,1057,1226645852
1149,1149,1226646373
1149,1149,1226646425
30997,30997,1226646502
18340,18340,1226646572
13744,4790,1226647080
255,24293,1226647088
24293,24293,1226647334
576,576,1226647530
5987,10116,1226647538
1965,20003,1226647639
16942,19074,1226647650
16942,27570,1226648490
6782,37522,1226650511
1288,883,1226650570
883,883,1226651034
1288,883,1226651756
37370,37370,1226652729
24355,33411,1226654825
2820,26927,1226655981
13813,697,1226656842
24355,33411,1226657908
33411,33411,1226658497
6742,5056,1226658930
15124,14811,1226659262
33611,33411,1226660087
14811,14811,1226660275
2404,37280,1226661398
419,4140,1226661717
25222,11238,1226662155
3,10522,1226662401
36590,37522,1226662889
11238,11238,1226663882
19307,30225,1226664512
26986,37313,1226666376
9787,30140,1226666806
9787,30140,1226667222
34218,35405,1226667283
9787,12897,1226667574
9787,3897,1226667897
9787,31132,1226668056
30225,30225,1226668219
21817,16387,1226668485
35223,14947,1226669712
1786,3820,1226670423
17252,37572,1226670704
13430,18657,1226673934
15124,33411,1226673990
30280,32484,1226674084
23154,18657,1226674435
91,697,1226674476
11110,745,1226676423
10784,30225,1226676978
31363,31363,1226677655
159,33481,1226678616
5043,37590,1226679246
16076,13466,1226679259
2954,31363,1226679269
30225,30225,1226679311
615,3820,1226679687
18657,18657,1226680185
14047,14811,1226680910
22996,22996,1226682252
22224,37590,1226682583
11892,37370,1226683179
23354,30225,1226683361
11892,18657,1226683456
14606,22996,1226683729
745,745,1226684444
21038,2246271,1226684719
33630,30512,1226685526
382974,16989,1226686551
615,22712,1226687778
37280,37280,1226688779
11110,11110,1226689141
16076,16989,1226689796
4279,11110,1226691874
11387,31132,1226691915
4279,11110,1226692612
3716,37346,1226693193
11110,11110,1226693881
37346,37346,1226694391
3820,3820,1226694453
10661,11110,1226694885
27646,30529,1226695669
3937,37651,1226696702
4013,4013,1226696790
6610,36858,1226697255
15459,21559,1226697815
4997,22712,1226697943
32136,4013,1226698393
4050,32415,1226698620
17,4144,1226699247
4144,4144,1226699380
4685,35719,1226699723
18697,4906,1226700479
3719,4086,1226701088
16226,16226,1226701896
27637,681,1226702571
2034,24039,1226702886
26564,26564,1226703227
34509,18657,1226703547
96,18169,1226703986
13652,9345,1226704192
34065,192,1226704303
2034,343291,1226704459
9913,25201,1226704467
343291,343291,1226704676
13652,343291,1226704708
11514,343291,1226704782
20774,343291,1226705283
7565,7565,1226705283
34509,28641,1226705867
35958,28586,1226705976
29068,28641,1226705988
10755,343291,1226706005
31325,343291,1226706050
1358,28586,1226706057
22436,30642,1226706126
2666,28641,1226706128
1228,16437,1226706135
28586,28586,1226706157
22303,35513,1226706193
1358,26564,1226706204
11568,28586,1226706227
305,343291,1226706228
30642,30642,1226706327
9345,343291,1226706379
305,343291,1226706487
10755,343291,1226706719
6782,28586,1226706822
305,343291,1226706823
45,45,1226707515
343291,343291,1226707737
10755,343291,1226707820
305,343291,1226707849
10755,343291,1226707961
10755,343291,1226708047
11995,7648,1226708160
31615,4235,1226708216
343291,343291,1226708233
7565,7648,1226708595
13913,343291,1226708627
4249,30642,1226708695
12379,11516,1226708826
30642,30642,1226708960
1163802,30642,1226709048
17787,13913,1226709151
343291,343291,1226709733
30642,30642,1226709935
255,22712,1226711843
2567,9530,1226712341
34509,19476,1226712690
19476,19476,1226712888
2820,7855,1226713164
2034,11397,1226713309
34426,37141,1226713964
13787,7648,1226714047
4279,11397,1226714117
6651,11538,1226714126
21704,1851,1226714184
4279,11397,1226714252
9345,11397,1226714350
9345,11397,1226714410
2915,2915,1226714449
13652,11397,1226714457
18771,11397,1226715260
4279,302,1226715362
356,11397,1226715522
14032,34426,1226715726
13913,25507,1226716228
34426,34426,1226716310
5963,9403,1226716394
25507,25507,1226716520
13913,25507,1226716521
25222,34426,1226716781
9403,9403,1226716965
21838,11397,1226717027
37014,25507,1226717187
13913,25507,1226717735
9345,11397,1226718056
3609,37758,1226718292
9732,37758,1226718669
525,525,1226719144
1965,23902,1226721281
20848,18300,1226721564
3609,37758,1226722707
9732,37758,1226723239
12579,36687,1226723282
3333,13435,1226723376
13435,13435,1226723529
2766176,6898,1226723573
22656,13435,1226723762
22656,13435,1226723811
15880,13435,1226723929
3333,13435,1226724001
10755,16476,1226724111
13435,13435,1226724602
9815,23691,1226725040
9815,23691,1226725150
6568,20133,1226725610
22656,13435,1226725618
4249,13435,1226726501
13103,37797,1226726944
16942,25121,1226727130
22656,13435,1226727940
23902,23902,1226727971
20074,2424,1226728019
13435,13435,1226728098
13435,13435,1226728130
3743,161040,1226729357
22656,13435,1226729580
1965,31415,1226729697
37820,37820,1226729743
14148,9403,1226729837
13435,13435,1226730043
18061,30176,1226730554
8709,2424,1226730782
30176,30176,1226730787
27631,15173,1226731164
4632,455213,1226731308
30568,30176,1226731642
15061,2038,1226732466
18941,12597,1226732956
22656,13435,1226733152
12711,37820,1226733539
12711,37820,1226735058
33213,1737,1226738433
31615,813,1226738664
1343,32881,1226738789
13744,9328,1226739896
25837,34942,1226740303
8709,325613,1226740950
8745,572,1226741020
572,572,1226741060
10585,33822,1226742543
35478,451867,1226745287
37572,37572,1226747546
14979,5441,1226748174
45,9328,1226748512
5441,5441,1226748522
11265,11110,1226748779
19937,37856,1226748794
37548,19687,1226749296
14606,1381,1226752054
20186,14752,1226752620
3850,2128,1226754571
3850,2128,1226755115
13422,2147,1226755332
3043,4639,1226756756
1381,1381,1226763408
13430,34426,1226763529
18419,25201,1226764306
209,34565,1226766631
209,8875,1226766742
4997,14031,1226768444
29363,34133,1226769085
15541,37889,1226769360
19966,2128,1226770032
31415,31415,1226771029
29538,37141,1226771196
8724,16631,1226773350
28305,31030,1226773393
4725,29363,1226775263
29363,29363,1226775721
37856,37856,1226780849
9021,137,1226782295
18936,4834,1226782835
12915,23893,1226785220
23893,23893,1226785443
16076,630,1226788697
34426,34426,1226790999
6309,8207,1226791678
811,30252,1226792781
25538,23491,1226793826
8207,8207,1226794218
1163802,17862,1226794580
15168,35345,1226794688
5132,7565,1226794939
15168,976,1226795082
15168,2128,1226795954
15168,34395,1226797225
3,3305,1226801134
13430,34426,1226801516
21755,3305,1226801871
35806,33822,1226803183
578,37955,1226804241
3153,3055,1226805827
16524,3253,1226806136
3333,1821,1226807610
31600,37181,1226807883
3055,3055,1226808864
35345,35345,1226809438
23574,14606,1226809539
22656,14606,1226809659
14606,14606,1226810594
23574,14606,1226810664
11765,37952,1226810830
14606,14606,1226811162
31223,20353,1226811811
26160,18174,1226812808
6309,37018,1226812891
20003,20003,1226813612
34133,34133,1226813659
15614,14731,1226815094
15614,14731,1226815171
14731,14731,1226816338
3474,23486,1226816533
28258,37181,1226816830
10661,305,1226816956
10784,30225,1226817755
14606,13395,1226818092
1288,1941213,1226818192
305,305,1226818776
2915,305,1226819651
2915,34531,1226819772
305,305,1226820099
1554,30725,1226820864
15880,30225,1226821036
572,14752,1226822279
4834,30478,1226823057
16076,5142,1226824244
3,29849,1226828408
1554,2041,1226830678
2147,11397,1226831452
6932,14606,1226831678
11397,11397,1226831843
13103,36406,1226831994
13430,2128,1226832055
14606,14606,1226832314
1249,11397,1226832314
2147,11397,1226832372
11397,11397,1226832567
2666,2128,1226832809
2147,11397,1226832918
19856,19856,1226833597
9345,2128,1226834173
658,36780,1226834494
34942,34942,1226834861
36780,36780,1226835184
21952,9345,1226835415
1042,2128,1226835606
31038,23643,1226835863
34509,23643,1226836114
7831,2041,1226838706
9345,37952,1226839957
13433,37952,1226841523
9345,22656,1226842448
32187,31015,1226843832
33459,14731,1226844914
10784,30225,1226845298
14850,23643,1226847353
37141,37141,1226848470
22656,22656,1226848558
18437,536,1226848644
16076,14663,1226851072
31038,29049,1226854927
6309,24824,1226855224
23089,371953,1226856068
14663,14663,1226857058
35223,31610,1226857078
31610,31610,1226857522
714,1512,1226858864
4417,4417,1226862596
18771,38020,1226863451
18771,16260,1226866889
28004,29849,1226868284
10340,25457,1226868958
31615,13912,1226869209
12649,14663,1226869884
34509,34133,1226874387
33213,29049,1226875783
27211,2635,1226876853
1965,4653,1226879850
30505,9268,1226885392
33213,32153,1226885658
7138,38055,1226886104
12702,26521,1226887055
11765,4653,1226887213
2947,4110,1226887329
6782,14013,1226891829
14013,14013,1226892181
13051,36157,1226892691
1199,14013,1226893670
6309,19307,1226894246
37280,23667,1226894312
18771,5309,1226896052
9787,4653,1226897399
9787,4653,1226897921
11436,37952,1226900202
4653,4653,1226902405
16076,14663,1226904396
2635,2635,1226904582
6309,894,1226904888
26310,10522,1226906535
16084,30546,1226906681
10661,4653,1226906857
161040,161040,1226906887
161040,161040,1226906924
10522,10522,1226907060
364,30576,1226908090
36590,27369,1226909029
36590,23368,1226910360
23705,29049,1226911280
31038,8786,1226911647
7625,24303,1226913040
7625,24303,1226914242
13552,10352,1226915407
19687,19687,1226915555
1821,19687,1226916096
6367,19687,1226916701
21974,19687,1226918031
13552,15409,1226920128
30674,23681,1226920400
10784,23667,1226920433
30333,30333,1226921523
6335,19859,1226922535
15409,15409,1226923532
1288,9021,1226924030
9021,9021,1226924277
3827,9021,1226924712
28835,9021,1226925200
1057,1057,1226925853
23667,23667,1226926018
23667,23667,1226926070
6335,6335,1226928833
37539,37532,1226930746
15884,2018,1226930972
6010,37532,1226932399
37532,37532,1226933828
17279,4893,1226934443
10784,23667,1226935205
4853,2220518,1226936371
2635,15055,1226937106
6195,4893,1226937842
15124,12291,1226938030
1075,1075,1226940049
31580,22837,1226941294
22837,22837,1226941414
976,976,1226943484
27369,27369,1226943655
22992,2921654,1226945667
611,10264,1226945806
22996,22996,1226946427
18697,26820,1226947033
6068,38132,1226948821
10661,10264,1226952088
6309,19347,1226954317
31615,38132,1226955636
27474,38172,1226956847
23368,23368,1226956908
1,1246613,1226959375
9021,1246613,1226959642
2977,1246613,1226959898
2859,15673,1226960496
507,6460,1226960594
29639,18511,1226960625
26155,441661,1226960647
4343,4343,1226960882
18511,18511,1226961313
16076,2462,1226962694
15459,1726,1226963214
6408,38258,1226964256
31615,38260,1226964462
1431,767,1226964515
26155,38260,1226964893
7714,11333,1226965061
8435,4694,1226965970
34009,4321,1226966595
1726,1726,1226966838
34509,22247,1226967087
2590,1982,1226967609
18771,25320,1226969091
10661,4639,1226969500
956,28871,1226969852
4632,25320,1226969952
18771,28871,1226970314
28871,28871,1226970356
34509,28871,1226970385
35197,1246613,1226970448
18771,28871,1226970693
18265,28871,1226971096
18265,28871,1226971375
35197,28871,1226971432
18265,28871,1226971877
2635,1265473,1226975031
34509,38307,1226975452
15625,79,1226975557
4279,27884,1226976028
811,5815,1226976139
6855,805,1226976670
4321,4321,1226977545
29,1284,1226978323
12320,2067,1226979249
10755,30105,1226980732
1228,38329,1226981345
4264,4264,1226982203
38329,38329,1226982734
34301,21539,1226983211
3474,38343,1226984210
34329,5653,1226986005
14537,7649,1226986127
32998,5653,1226987039
34219,34219,1226987170
5618,31325,1226987243
3333,6782,1226987772
3978,11889,1226987941
10784,20353,1226988259
16322,24550,1226988693
34509,18091,1226989138
6309,32670,1226989734
30381,25286,1226989844
12943,34537,1226989978
2034,33226,1226992011
34218,18091,1226992813
24975,33226,1226992872
2603,10040,1226993268
6486,6486,1226993382
12711,572,1226993382
2034,6486,1226993489
5640,6486,1226993733
33732,426,1226993977
1572436,33152,1226994356
31641,258,1226995001
33226,5653,1226995897
31641,1343,1226996519
31641,1343,1226996611
1343,1343,1226996783
3354,38407,1226997742
572,572,1226998479
36590,8797,1227000305
14167,11889,1227000584
8797,8797,1227000624
14167,11889,1227000936
14606,36777,1227001098
4279,30786,1227002436
14606,1602746,1227004051
14606,1602746,1227004161
14606,1602746,1227004301
3043,3314,1227004803
24126,4246,1227005685
34218,32096,1227005848
23705,3314,1227007854
19521,3314,1227008221
188,31065,1227010613
26,356,1227011132
17174,4550,1227011135
18657,18657,1227011724
19347,1174,1227014406
33686,20498,1227014999
32187,31065,1227016428
356,356,1227016585
6335,37083,1227016637
8014,30674,1227016790
8388,24064,1227017124
15168,30674,1227018252
5314,38413,1227019186
25675,22972,1227022647
15124,1343,1227024365
14065,31671,1227024857
1343,1343,1227026112
19746,1343,1227026608
18771,1343,1227027239
115,1343,1227028065
1737,1737,1227028811
10784,3834,1227030963
20553,3834,1227031243
30674,30674,1227031414
16076,31132,1227031660
31132,31132,1227032668
15124,21634,1227032944
611,13440,1227033743
18697,21634,1227034374
13440,13440,1227034684
18771,12744,1227035026
18482,1816,1227035291
16039,35664,1227035784
18771,12744,1227037145
188,15154,1227037435
18664,18664,1227037872
8014,6309,1227038876
6309,6309,1227039197
3295,24550,1227039282
2109,24550,1227039420
6807,13440,1227039485
9021,38511,1227039498
30674,20927,1227039617
11917,20358,1227040699
11917,26221,1227040901
8709,24550,1227041186
20927,20927,1227041227
9195,24550,1227041407
8709,35047,1227042551
1638,20358,1227044717
8709,30674,1227045041
11333,11333,1227045536
32582,32582,1227046131
34502,18415,1227046785
30827,1885,1227046997
4249,24443,1227047055
12950,341413,1227047267
9536,32632,1227047537
18482,18482,1227047722
15168,12870,1227047760
32632,32632,1227047797
4376,33052,1227048137
26115,26115,1227048310
33433,33046,1227048748
13118,34623,1227048869
3259,3259,1227049099
16005,341413,1227049180
18747,572,1227050374
572,572,1227050706
10040,10040,1227051511
18415,18415,1227051713
26227,18673,1227051817
20358,20358,1227052544
863,34623,1227052553
9345,17663,1227052808
4418,23306,1227053524
10661,37804,1227054300
16260,16260,1227054398
16260,16260,1227054747
10875,15525,1227055659
19964,32154,1227055839
4958,18511,1227055973
28149,1695,1227056339
5132,28197,1227056421
13652,37804,1227057751
4418,37804,1227057813
21974,38626,1227058072
3333,8664,1227058344
7441,11619,1227058581
5697,24126,1227058613
37804,37804,1227058621
30807,30807,1227058653
13320,38626,1227058699
10661,37804,1227059546
11619,11619,1227059630
38511,38511,1227060429
19839,32154,1227060644
8360,9345,1227061211
9345,9345,1227061531
31136,1412,1227061741
33046,33046,1227061953
1412,1412,1227062271
29068,440867,1227062516
12943,8047,1227062523
32154,32154,1227062713
1343,1343,1227062854
4790,23569,1227062971
34509,38656,1227063057
1343,1343,1227063379
10661,30289,1227063498
440867,440867,1227063845
9161,9161,1227064225
4249,10522,1227064301
5171,2648,1227064328
7862,1443363,1227065133
17744,1443363,1227065221
4418,1443363,1227065657
109,109,1227066507
16942,38678,1227066508
38613,38613,1227067014
18174,38678,1227067024
13103,6486,1227067280
3743,18196,1227068049
4083,13913,1227068518
24181,10040,1227068739
6309,10040,1227068782
13913,13913,1227068957
18196,18196,1227069172
22656,13913,1227069187
611,9236,1227069306
13913,13913,1227069382
13913,13913,1227069528
13913,13913,1227069574
14065,1968,1227069778
19731,1490,1227070123
4249,32834,1227070292
7565,2703984,1227070446
15541,1375,1227070507
8209,38686,1227070619
10661,9161,1227070707
9236,9236,1227070950
10661,11522,1227071027
419,337,1227071279
736,736,1227071868
8209,29867,1227071920
1968,1968,1227072218
8155,13913,1227072494
1680,1375,1227072608
13913,13913,1227072713
25320,25320,1227073473
31945,21209,1227073955
13370,13370,1227074406
10784,37815,1227074452
10026,13370,1227074851
37815,37815,1227074974
6309,21209,1227075212
23234,36373,1227075859
2214,30018,1227076564
17188,31610,1227076658
37055,14440,1227076703
6335,20788,1227076795
34329,38726,1227077182
30674,30674,1227077479
6309,1412,1227077531
16258,25004,1227077716
4140,4883,1227078339
4883,4883,1227080464
31389,38734,1227081317
15809,1265473,1227081516
536,1265473,1227082180
893,1265473,1227083074
15124,1343,1227084203
38734,38734,1227084240
38734,38734,1227084329
16942,1343,1227084527
16076,38769,1227085099
1343,1343,1227085224
4234,4234,1227085609
20860,38769,1227085656
38769,38769,1227085694
5387,21699,1227086424
10784,1343,1227087200
38781,38781,1227087345
10784,1715673,1227088246
16076,1715673,1227088362
20164,29021,1227089439
31389,1715673,1227089673
1508,3798,1227091043
34509,364,1227092028
34509,38784,1227092269
31325,38784,1227092484
29021,29021,1227093335
5987,38784,1227095656
34509,38784,1227096711
13,18657,1227098640
34509,18657,1227099048
15578,32465,1227100367
18657,18657,1227100591
3957,1715673,1227101729
30289,30289,1227102593
9345,20915,1227102909
13430,15071,1227103064
12950,20915,1227103065
14122,1715673,1227103184
34509,34588,1227103558
5190,1715673,1227105716
5190,1715673,1227105748
6309,1412,1227109763
16076,36897,1227111331
34509,15884,1227111598
11522,11522,1227114281
28258,29281,1227119209
32050,7277,1227120095
1610,38515,1227121491
24525,3024,1227121544
24525,3024,1227121574
10661,38781,1227122201
13051,24639,1227122796
10661,21537,1227122855
12870,12870,1227123203
30366,6613,1227123747
15124,18664,1227124169
23691,24481,1227124499
20400,24481,1227126192
1902010,6691,1227127212
22184,6691,1227127226
18747,38896,1227127352
6691,6691,1227127554
572,6691,1227127925
16391,6691,1227128312
4418,6691,1227128775
15689,18471,1227129130
18936,6151,1227129172
37601,24462,1227129215
31615,1246613,1227129352
572,6691,1227129757
19183,24462,1227130580
9789,6691,1227131597
31610,31677,1227131761
38896,38896,1227132414
31610,31610,1227133296
31610,9707,1227133624
15459,38557,1227133784
22656,18505,1227133867
24181,38557,1227134162
3743,38949,1227134314
18505,18505,1227134608
6309,34096,1227134778
6691,6691,1227135267
12702,1801,1227135679
1287,6399,1227135736
15880,31677,1227136067
34509,11621,1227136416
33910,3024,1227136504
6399,6399,1227136515
11621,11621,1227136644
14606,29043,1227137846
37601,24462,1227137938
29043,29043,1227138211
38657,38657,1227138250
14606,29043,1227138416
12702,31206,1227138832
4893,8724,1227138949
2199,29021,1227139219
14444,549,1227139291
13652,8724,1227139583
16587,8724,1227139671
10755,12081,1227139937
22979,33686,1227139960
13652,8724,1227139990
4376,8741,1227139992
6726,8724,1227140094
2548,33724,1227140328
7565,8724,1227140512
29021,29021,1227140676
4418,33686,1227140729
419,3226,1227140974
27805,21586,1227140995
5363,767,1227141063
20703,12424,1227141101
12424,12424,1227141393
8528,38696,1227141425
767,767,1227141528
12702,1801,1227142379
6726,8724,1227142506
8709,24097,1227142595
38726,38726,1227142774
38726,38726,1227142811
2278,7311,1227142812
33213,38726,1227142899
7565,8724,1227142971
38696,38696,1227143007
16587,8724,1227144208
31677,31677,1227144211
33686,33686,1227144250
14606,39024,1227144332
14606,39024,1227144366
12943,26327,1227144592
26540,26540,1227144689
26327,26327,1227144720
8724,8724,1227144741
10661,1474,1227145201
15880,10751,1227145320
12943,26327,1227145322
26327,26327,1227145973
39024,39024,1227146097
3333,1474,1227146197
4418,2279145,1227146207
24482,34720,1227147059
14065,17871,1227147251
20133,9535,1227147279
17871,17871,1227147732
10661,28804,1227148180
1638,16940,1227148220
19208,28804,1227148625
28804,28804,1227148961
28804,28804,1227149182
23909,757,1227149335
10661,28804,1227149704
26564,982,1227149737
28804,28804,1227149921
16777,16777,1227150731
15464,23524,1227150976
29638,37147,1227150989
16940,16940,1227152098
20444,1277510,1227152137
18196,18196,1227152665
23845,26625,1227152873
3333,35594,1227153138
12707,31828,1227153379
6309,1412,1227153470
30018,38325,1227153826
13251,6770,1227153897
20382,8435,1227154086
38325,38325,1227154332
3333,32771,1227155058
4376,24218,1227155246
28660,28660,1227155531
28804,28804,1227155633
4249,8026,1227155929
17871,32771,1227156107
3333,21539,1227156196
16587,17847,1227156557
16587,17847,1227156680
6770,6770,1227157138
29638,11917,1227157148
4279,28804,1227157259
4279,28804,1227157382
11917,11917,1227157393
7565,30018,1227157975
34720,34720,1227157995
25737,1512,1227158243
15459,24459,1227158297
3743,3113,1227158979
8209,3113,1227159042
16587,8939,1227159194
2660,1443363,1227159379
29900,16437,1227160327
234,16777,1227160495
5573,13611,1227161131
18061,30176,1227161526
1443363,1443363,1227161836
1512,1512,1227162179
13552,29445,1227162305
29445,29445,1227162444
31945,21838,1227162563
4977,29445,1227162592
10861,36706,1227162666
29445,29445,1227162708
4977,29445,1227162776
26227,32518,1227163101
13552,29445,1227163118
25837,16777,1227163149
33686,34088,1227163268
33686,32518,1227163444
38691,21838,1227163474
12950,39123,1227164190
6899,37804,1227164190
1440933,39123,1227164240
38325,16587,1227164706
38325,30674,1227164898
36388,16587,1227165544
28804,28804,1227165546
38691,21838,1227165810
21838,21838,1227165885
30176,30176,1227167286
33977,39123,1227167930
31615,39110,1227168210
12950,16437,1227168633
10311,39110,1227168718
37147,37147,1227169152
3712,305008,1227169747
13118,39123,1227170154
23524,23524,1227171401
2044,30176,1227171664
16587,39123,1227172611
33686,33686,1227172662
17174,3241,1227172799
17174,3241,1227172848
37771,305008,1227172923
23051,37161,1227173025
31363,31363,1227173101
15609,18068,1227174228
3153,1288,1227174694
1288,1288,1227174871
5190,30674,1227175635
31389,2328,1227177837
5190,2663,1227178281
35136,33686,1227180790
16076,39185,1227181254
4727,24927,1227181257
14606,39185,1227181317
33686,33686,1227181414
13824,21005,1227182235
26227,9401,1227182396
21979,21979,1227182507
18256,34596,1227183684
4161,38893,1227184037
893,34596,1227184107
12950,2656,1227184678
21196,7965,1227184804
1030,34596,1227184898
7965,7965,1227185245
2656,2656,1227185591
15168,23146,1227186258
2663,2663,1227186561
20198,38678,1227186921
8026,1915,1227187856
34218,18091,1227191533
18091,18091,1227193271
36472,21838,1227194733
34218,29182,1227196221
34088,34088,1227196472
34088,34088,1227196693
29182,29182,1227197524
20984,13115,1227199404
21699,18511,1227199718
3315,22996,1227200821
34218,18091,1227201080
20363,23694,1227203128
23694,23694,1227203572
23066,7140,1227204072
342,342,1227204383
26155,26155,1227204405
7140,7140,1227204429
12048,30478,1227204522
26155,26155,1227204605
38691,21838,1227205218
15541,39242,1227205350
34218,39270,1227206092
24462,24462,1227207061
36587,36587,1227207162
3241,3241,1227207209
15809,39270,1227207295
745,32174,1227207817
37491,9161,1227208257
6440,6440,1227208285
2548,18853,1227208707
24181,745,1227209533
20310,12525,1227210913
1801,33287,1227211747
20444,18233,1227211839
5190,115,1227213144
115,115,1227213308
5190,115,1227213621
5190,115,1227213656
115,115,1227213735
1242,115,1227214082
2441,2663,1227214134
15416,15667,1227214258
5343,6615,1227215087
22712,115,1227215387
25222,1149,1227215563
23909,39155,1227215824
20074,1246613,1227215886
3333,1246613,1227216169
6309,37740,1227216914
3295,15329,1227216950
12525,12525,1227217047
18149,39188,1227217106
21005,35061,1227217208
16587,35061,1227217215
15329,15329,1227217513
37740,37740,1227217617
10661,1368,1227217999
15274,38557,1227218176
35496,1246613,1227218421
6309,37740,1227219371
20363,23694,1227219457
6903,1246613,1227219491
18771,37147,1227220214
18061,19731,1227220791
35496,1246613,1227220879
4397,19731,1227220884
38325,3978,1227221055
26853,21704,1227221267
12048,17871,1227221887
21704,21704,1227221934
3978,3978,1227222249
12048,7599,1227222452
13154,7599,1227222579
31206,31206,1227222799
9535,9535,1227223172
35496,1246613,1227223179
35496,1246613,1227223379
35496,1246613,1227223608
1358,6846,1227223664
19731,19731,1227224157
14942,7599,1227224660
15168,1265473,1227224944
27314,21512,1227225856
32174,32174,1227226432
2663,2663,1227227388
27929,39374,1227228000
30408,38511,1227228400
26479,14357,1227229438
34329,2915,1227229794
14065,7587,1227230093
14065,36372,1227230761
14481,14481,1227231942
19302,34548,1227232047
4418,34548,1227232123
19302,34548,1227232183
28804,21512,1227232222
38670,3848,1227232227
32247,18313,1227232361
21512,21512,1227232371
26115,38325,1227232583
9345,38325,1227232615
38325,38522,1227232621
38325,38522,1227232660
4725,18573,1227232807
825,21512,1227233111
22656,38522,1227233466
5618,30339,1227233818
12579,3078,1227234038
3458,34395,1227234420
30339,30339,1227234503
23072,31141,1227234524
38325,38325,1227235230
38325,38325,1227235274
15168,15168,1227235897
15459,3078,1227236340
9345,38325,1227236727
30827,11112,1227236803
11112,11112,1227237238
16940,16940,1227237306
13154,7599,1227237356
38511,38511,1227237399
8209,23427,1227237409
38325,38325,1227237719
24229,24229,1227238174
38325,19124,1227238751
25507,8643,1227238912
8643,8643,1227238976
34509,8643,1227239191
38325,672,1227239798
19124,19124,1227239812
658,672,1227240353
8643,8643,1227240451
18866,23427,1227241314
17174,3241,1227243466
8360,106,1227243563
572,106,1227243659
15168,1265473,1227243662
29941,106,1227243702
11549,37804,1227243702
17089,750,1227243801
2025,2025,1227244068
15168,1265473,1227244252
9345,30366,1227244866
7565,36590,1227244877
106,106,1227245036
8355,24573,1227246058
31319,29157,1227247237
21838,21838,1227247396
22712,12891,1227247819
14606,39024,1227248194
18866,25782,1227248323
18149,2025,1227248604
15187,18149,1227248618
3354,32484,1227248970
13552,38702,1227248979
5618,37918,1227249496
36429,6846,1227249852
36429,6846,1227249897
15459,1343,1227250291
16587,3627,1227251258
3627,3627,1227251506
16076,19799,1227251571
16587,3627,1227251652
16076,14101,1227251700
19799,19799,1227251964
20860,19799,1227252029
3627,3627,1227252189
3474,14015,1227252917
15168,34537,1227252957
813,15055,1227253389
2577,19074,1227253696
1368,1368,1227254148
16587,3627,1227254512
13279,32484,1227254881
27009,39511,1227255215
698,698,1227256106
39138,24560,1227256403
30176,12891,1227256960
12950,39511,1227257147
38354,38354,1227257938
9021,15609,1227258100
15609,15609,1227259365
35935,15055,1227259436
13103,1048,1227259472
4368,39189,1227259508
19403,64,1227259664
8014,20903,1227259767
2509,21005,1227260056
2509,21005,1227260114
11388,24696,1227260656
3354,327,1227261128
29638,24696,1227261904
10661,64,1227262947
18866,64,1227264148
8091,36074,1227264520
33732,115,1227265099
6846,6846,1227266425
9345,39189,1227267758
39189,39189,1227268212
1412,10470,1227268634
24696,24696,1227270721
9787,32741,1227271202
9787,33724,1227271254
3474,39543,1227271999
9787,31132,1227272072
598,32240,1227272210
9787,2622856,1227272274
32240,32240,1227272300
18196,18196,1227273842
5628,3594,1227274264
17028,1264322,1227275952
11649,18196,1227277331
2635,18196,1227277469
2238,14966,1227277567
428190,428190,1227277937
12891,12891,1227278210
15614,428190,1227278242
428190,428190,1227278432
27461,4704,1227279722
1264322,1264322,1227279882
4215,10385,1227281591
10385,10385,1227281985
3594,3594,1227282514
18771,11256,1227282577
14065,34537,1227283002
22656,23354,1227283204
11256,11256,1227283277
23354,23354,1227283353
15124,38807,1227283653
48310,2822,1227284221
6091,2822,1227284726
6899,64,1227284785
6309,19521,1227285078
19521,19521,1227285490
13552,5619,1227286160
33213,38522,1227286544
39615,39615,1227289268
14850,2455,1227290131
7498,12448,1227290244
7498,4704,1227290377
21709,2455,1227290653
3024,3024,1227291227
36141,2309,1227291487
22656,38931,1227291528
35061,35061,1227292090
25343,4497,1227293757
19172,26817,1227294033
4497,4497,1227294246
22656,11333,1227294519
267,24065,1227294586
11333,11333,1227294771
832,26817,1227295516
9683,974,1227295686
2455,2455,1227295759
10661,64,1227295812
974,974,1227295868
39057,11333,1227295941
27907,20951,1227297333
6694,30099,1227297392
21849,26817,1227298251
1428,974,1227299295
19799,19799,1227299513
25782,25782,1227299665
16391,750,1227300018
16587,26817,1227300747
38317,39655,1227301111
572,15124,1227301544
3347,26817,1227301777
22656,39648,1227301852
4685,39648,1227301858
20444,2128,1227303361
20444,2128,1227303469
39648,39648,1227303553
39648,39648,1227303599
25343,2128,1227303641
974,974,1227304358
974,974,1227304860
9535,2385,1227305242
18192,2128,1227305414
2385,2385,1227306114
30366,31580,1227306168
13342,18511,1227306213
27074,39599,1227306348
16204,5692,1227306593
18393,39669,1227306660
29639,15124,1227306741
1314,39677,1227307077
33433,20011,1227307302
15255,29182,1227307845
7495,7495,1227307881
106,39143,1227308891
6568,20400,1227309085
39677,39677,1227309155
24208,24208,1227309426
21186,39143,1227310239
31828,20400,1227311243
17787,18192,1227311551
1228,4227,1227311832
26479,38574,1227311986
26479,32326,1227312077
14015,14015,1227312485
12707,39143,1227312642
8709,39680,1227313912
572,1412,1227314401
37918,37918,1227314571
6903,5291,1227314589
20774,23084,1227314606
6903,11256,1227314648
31615,20789,1227314740
6903,1190,1227314770
31615,20789,1227314825
16417,26180,1227314946
23249,1412,1227315030
1228,26180,1227315252
572,1412,1227315436
1337,13007,1227315880
39680,39680,1227316086
12943,16616,1227316592
23691,39188,1227317060
3362,49,1227317145
34097,2309,1227319013
20267,1430,1227319283
1430,1430,1227319788
15880,1430,1227320438
3333,8517,1227320535
12950,49,1227320747
5618,39575,1227321344
1323,39702,1227321382
22656,21828,1227321829
39702,39702,1227321995
21755,37952,1227323650
5618,31580,1227323651
31580,31580,1227323832
9530,1288,1227324396
26227,14032,1227324442
31828,1432,1227324442
28804,20400,1227324447
13531,2470,1227324660
14032,14032,1227324914
39575,39575,1227324980
13433,8739,1227325747
2470,2470,1227325811
18061,2470,1227325836
22724,2470,1227325857
21677,12367,1227325965
4727,14032,1227326014
71,1965,1227326233
12367,12367,1227326235
2820,17834,1227326896
17834,17834,1227327152
3333,37952,1227327246
1965,1965,1227327293
14167,37952,1227327357
20789,20789,1227327556
14032,14032,1227328132
1228,39788,1227328170
16391,8739,1227328646
3850,17834,1227328934
31223,637,1227329251
37952,37952,1227329344
31610,26817,1227330330
39511,39511,1227331150
8739,8739,1227331447
3333,39529,1227331549
3850,37804,1227332232
37126,37126,1227332246
8709,8528,1227332706
16391,8739,1227332994
8528,8528,1227333681
33213,28340,1227334876
4834,22724,1227335126
33686,22724,1227335249
4965,20198,1227335687
22724,22724,1227335688
6782,7362,1227336111
20198,20198,1227336167
39143,39143,1227336181
14122,26141,1227336403
2204759,1322,1227336465
38663,38663,1227338734
15168,15329,1227338756
21838,38663,1227338887
38663,38663,1227339739
38265,35305,1227340434
18393,8528,1227344065
31945,39539,1227344709
10661,6266,1227344880
19405,39539,1227345557
17017,11452,1227346314
14606,4653,1227346910
39138,13029,1227347373
26853,26853,1227348740
5987,13029,1227350435
34218,8946,1227351874
26592,1815,1227353481
28558,39511,1227355596
39138,13029,1227355723
2635,39511,1227356315
37952,37952,1227356520
15168,13029,1227357152
4435,17834,1227358247
18256,34596,1227359100
2635,17834,1227359403
8014,5441,1227360231
115,5441,1227360254
5441,5441,1227360436
16076,16989,1227360544
9611,5441,1227360824
5441,5441,1227361083
8528,8528,1227361836
16940,16940,1227361875
38426,16940,1227364840
39808,24208,1227367467
15614,342,1227370155
832,39599,1227373181
3957,23149,1227373858
3957,39599,1227374996
3957,39599,1227375029
3957,13257,1227375115
13257,13257,1227377904
3957,13257,1227378329
21537,21537,1227378469
21537,21537,1227378505
21537,21537,1227378789
21537,21537,1227379535
13,13257,1227379545
21537,21537,1227380477
34509,34537,1227382930
17212,17212,1227384655
27474,27474,1227386326
10661,2592,1227386457
10661,39808,1227386607
36866,27474,1227387251
14860,34596,1227387303
33213,39912,1227387818
5190,7841,1227388840
22068,24028,1227390015
30333,33982,1227390824
2915,21952,1227392371
2915,21952,1227392407
21952,21952,1227392450
24995,22523,1227392453
21952,21952,1227392485
2915,21952,1227393302
2915,21952,1227393409
25222,21952,1227394278
21952,21952,1227394311
21952,21952,1227394400
25222,21952,1227394603
8014,13055,1227394875
10661,28340,1227395364
13055,13055,1227395590
14065,22076,1227395773
16076,4653,1227397013
20382,4653,1227397154
894,13139,1227397637
20444,11795,1227398751
9345,21952,1227400315
11795,11795,1227400989
4279,658,1227401042
2915,21952,1227401331
2915,21952,1227402371
20444,19888,1227402495
91,20641,1227402878
91,20641,1227402990
20641,20641,1227403071
1965,20641,1227403492
2915,20641,1227403585
745,20641,1227403747
91,20641,1227404248
20641,20641,1227404439
25222,21952,1227405479
1572436,25335,1227406035
19100,18573,1227407023
21711,2328,1227409662
26346,17212,1227412096
14351,16148,1227413676
33732,29407,1227414234
34509,34537,1227414317
17212,17212,1227414522
11522,39965,1227415141
5891,3535708,1227415879
36305,13930,1227416259
18770,33383,1227416669
33383,33383,1227416771
2635,15055,1227417066
22656,39968,1227417237
18770,33383,1227417248
13430,34537,1227418677
33383,33383,1227418719
19377,36411,1227418770
19377,36411,1227418829
20444,34537,1227420754
34509,25222,1227422538
25222,25222,1227422785
30604,32943,1227423030
20860,39965,1227423068
38325,18529,1227425200
1060,39758,1227425344
10661,35364,1227426816
39057,37754,1227427603
16076,31415,1227428458
15055,15055,1227429820
34218,60131,1227430087
1288,30529,1227430311
2915,23771,1227431664
19403,23771,1227431979
811,12845,1227433861
9815,23771,1227435277
38325,21952,1227436452
38325,21952,1227436515
13005,39185,1227437832
18256,38354,1227440266
25222,21952,1227441097
25222,21952,1227441252
18529,18529,1227441425
38795,11397,1227442962
16076,2470,1227443023
16076,2470,1227443098
2666,16204,1227444164
34051,31698,1227444807
34051,1755,1227445217
14732,38354,1227449001
3474,40036,1227450408
3713,38354,1227451766
2648,30759,1227453324
1804,571,1227453549
3535708,3535708,1227461128
37020,30025,1227464707
38557,38557,1227464791
1695,1695,1227466224
188,38557,1227467671
8014,12637,1227467851
28380,571,1227470636
1242,30176,1227470802
10661,15055,1227472817
31317,191808,1227474905
5314,38963,1227476362
23191,7965,1227479515
7965,7965,1227479978
3208,3208,1227480026
5314,1288,1227483382
28558,4883,1227486130
1288,1288,1227487596
23191,7965,1227487922
5891,3535708,1227488016
16204,16204,1227488381
6694,32136,1227489996
279,33431,1227490113
34509,78828,1227490688
78828,78828,1227490744
34509,78828,1227491377
22656,33431,1227491405
78828,78828,1227491623
34218,32136,1227491632
2859,109,1227491938
6932,33431,1227492198
6694,35478,1227495487
10661,1816,1227495618
832,37280,1227496233
32136,32136,1227496288
32136,32136,1227496348
35478,35478,1227497120
27461,32136,1227497986
9345,11917,1227498629
29746,1450,1227499240
10875,25004,1227499300
40091,40091,1227499405
15614,40091,1227499483
11995,40091,1227499701
34509,445087,1227500227
445087,445087,1227500807
21755,21339,1227501301
37280,37280,1227501384
7734,21339,1227501488
21339,21339,1227502052
33686,21339,1227502384
39968,39968,1227502441
18061,21339,1227502489
39968,39968,1227502518
7734,21339,1227502571
7734,21339,1227502624
21339,21339,1227502904
39968,39968,1227502928
21339,21339,1227502942
4958,21339,1227503240
1074,2596,1227503243
21339,21339,1227503803
21582,21582,1227504472
23354,23423,1227506641
36074,36074,1227506830
40007,23423,1227507518
24215,3885,1227507770
30176,30176,1227508126
6694,3966,1227509534
3885,3885,1227509951
15578,36182,1227510320
14732,38354,1227510691
28416,28882,1227510903
38325,30176,1227511071
15578,36182,1227511572
10661,7965,1227512042
23072,13055,1227512538
15578,36182,1227512764
12039,20065,1227513809
10661,35364,1227513875
1057,35364,1227514469
35364,35364,1227515832
8946,31610,1227516487
10661,35364,1227518735
39992,31472,1227519375
13552,38325,1227520199
23283,38325,1227520324
10755,78828,1227520356
16076,38325,1227521417
22178,38325,1227521564
15055,11397,1227522100
36388,38325,1227522226
28212,28212,1227522234
36388,38325,1227522298
2536,38325,1227522328
16076,37610,1227522383
13103,38325,1227522422
13552,38325,1227522604
38325,38325,1227523432
38325,38325,1227523512
1288,1288,1227523521
40007,3834,1227526362
9743,9743,1227527489
11110,9743,1227528738
39968,39968,1227529731
35364,35364,1227530554
23072,17862,1227531229
21974,28817,1227531805
9195,4086,1227532286
23072,6583,1227532896
486,15055,1227532963
18529,4639,1227534118
10583,1345527,1227536236
486,15055,1227536545
3712,32866,1227538487
31223,20353,1227538819
11527,39396,1227541461
16076,571,1227541706
18771,4140,1227541916
36472,26404,1227544727
5132,39356,1227544729
3957,2474,1227545539
3957,34881,1227545732
1450,27257,1227546519
18771,18174,1227547101
1090,1090,1227550452
17440,209,1227554143
3535708,3535708,1227554612
3957,11333,1227554710
3957,11333,1227554807
16597,31677,1227555226
31677,31677,1227555288
34065,12277,1227555334
24181,31677,1227555474
12277,12277,1227555607
34065,12277,1227555677
36687,31849,1227557442
21037,18664,1227557644
48310,35463,1227557985
18664,18664,1227558271
18771,1100,1227559055
21037,18664,1227560737
24806,3535708,1227560960
13005,18664,1227561091
1288,19964,1227561426
4418,18664,1227561595
12950,461880,1227561741
60131,60131,1227561961
4418,11063,1227562377
6637,7618,1227562507
15880,24028,1227562583
26160,8116,1227563108
22656,24028,1227563213
461880,461880,1227563365
11063,11063,1227563481
15459,40260,1227563886
22656,24028,1227564540
15459,1100,1227564572
11333,11333,1227565034
35777,672,1227565057
11333,11333,1227565079
3535708,3535708,1227565166
2596,2596,1227565405
5822,40260,1227565438
33213,3233,1227565905
22656,40271,1227566760
34509,24028,1227566799
3333,13989,1227566965
2535,39968,1227568152
4418,2011,1227568181
6434,1246613,1227568442
21686,21686,1227569664
24587,13370,1227569895
10755,3397,1227570116
11917,11917,1227571340
2621,31476,1227571409
20310,15371,1227571515
3397,3397,1227571615
23084,23084,1227572065
24806,31325,1227572255
9345,13028,1227572406
15614,319,1227572485
9345,21952,1227572736
13,40307,1227573078
13,40307,1227573240
8209,10352,1227573288
8220,38626,1227573633
18103,18103,1227573899
10661,38581,1227574672
34009,40271,1227574966
31325,31325,1227575635
3743,3241,1227576275
6180,4445,1227576287
21755,21339,1227576699
18664,18664,1227577251
3957,11333,1227577269
12579,18149,1227577447
3333,319,1227577662
39057,29653,1227577769
2010,5303,1227578076
5891,3535708,1227578130
9530,5303,1227578713
18149,18149,1227579546
29653,29653,1227579976
11649,29445,1227580023
3333,40341,1227580437
1337,31423,1227580524
2173,3241,1227580545
2541,6088,1227581252
20133,20133,1227581485
16587,39086,1227582463
36948,37740,1227582550
28053,37740,1227582737
18158,2443,1227582896
37740,37740,1227582929
21339,21339,1227583096
13913,37019,1227583154
35364,40341,1227583450
3957,29445,1227583515
2443,2443,1227583885
8745,37740,1227584132
15168,40341,1227584182
1440933,16387,1227584238
15689,16387,1227585002
39301,39301,1227586093
8209,33982,1227586223
7280,13302,1227586645
14343,4264,1227586763
23771,37740,1227586791
30366,11795,1227586959
34509,39301,1227586959
13531,2644,1227586979
20860,2644,1227586982
34509,39301,1227586998
16940,5304,1227586998
18196,3742716,1227587279
30408,37630,1227587390
22656,25531,1227587465
22656,25531,1227587514
24229,40381,1227587768
33213,39301,1227587789
39301,39301,1227587862
1037,680,1227587916
10661,37804,1227588074
16940,5304,1227588235
37804,37804,1227588401
29445,29445,1227588467
8739,8739,1227588641
419,27870,1227588669
31828,40373,1227588726
2548,1246613,1227588740
33213,658,1227588937
10661,37804,1227589043
37804,37804,1227589449
10897,37603,1227590195
8091,38413,1227590316
9345,28604,1227590518
4279,736,1227590897
11649,28604,1227591018
1358,37603,1227591049
506,23826,1227591115
28604,28604,1227591825
30366,40399,1227591924
26327,33431,1227592035
17826,39599,1227592114
22277,28604,1227592158
28604,28604,1227592222
36687,40399,1227592394
14048,11063,1227592401
30366,40399,1227592467
40373,40373,1227592558
93,93,1227592724
21288,10475,1227592758
6309,23970,1227592964
109,109,1227593814
571,571,1227594545
37771,16794,1227594619
33686,33686,1227594692
13279,38099,1227594992
736,736,1227595198
38325,1965,1227595839
23771,28604,1227596258
15459,28486,1227596813
33686,33686,1227596928
16076,109,1227597280
109,109,1227597333
16076,109,1227597337
109,109,1227597439
36687,109,1227597476
24334,40414,1227597546
34957,2644,1227597626
109,109,1227597647
15459,13227,1227597690
2644,2644,1227597731
36687,109,1227597787
27637,109,1227597858
109,109,1227597913
36687,109,1227597958
769,36546,1227598163
40414,40414,1227598400
10661,36687,1227598592
4418,36687,1227599085
36687,36687,1227599343
3966,3966,1227600509
35500,234,1227601212
40007,40459,1227602052
6311,33686,1227603093
5640,35364,1227604407
34509,31295,1227604660
18770,31295,1227604968
1965,35364,1227605574
10661,736,1227607251
10629,39539,1227608872
39539,39539,1227609583
4435,40381,1227611274
12950,31295,1227611538
3354,40381,1227611553
11241,23903,1227612984
30455,30455,1227613000
27631,26404,1227613843
392,13055,1227614102
33686,33686,1227614559
33686,33686,1227614736
5442,5442,1227616375
10629,39539,1227616949
6309,23970,1227617557
35335,39539,1227619803
13430,15124,1227622453
15124,11238,1227624747
30366,11238,1227625663
22621,38325,1227626540
2915,34537,1227627421
5190,31060,1227627909
11333,11333,1227629473
15541,571,1227630715
36141,571,1227631696
571,571,1227631773
24039,22076,1227631884
22076,22076,1227632009
38581,38581,1227634075
38581,38581,1227634109
48310,6068,1227634793
2548,10439,1227635628
13028,13028,1227636011
26404,26404,1227636167
714,39270,1227637038
17516,40521,1227637675
4418,39426,1227639580
4418,40220,1227639653
40220,40220,1227640184
3850,1692070,1227640273
40220,40220,1227640374
10661,40572,1227640414
3850,736,1227640757
15614,31677,1227640857
24587,5058,1227641795
15459,18149,1227642407
4092,32289,1227642758
21567,30729,1227642801
25343,32289,1227643149
24587,5058,1227643209
23771,23771,1227643797
39426,39426,1227645982
987,23691,1227646107
5314,1288,1227646372
30729,30729,1227646782
13370,13370,1227647718
40609,40609,1227647839
13913,13913,1227648755
26479,2429,1227648795
22277,28604,1227648970
10661,6583,1227649888
6583,6583,1227650522
6583,6583,1227650576
736,736,1227650676
18061,11333,1227651664
23234,40106,1227652204
21925,32174,1227652581
11333,11333,1227652736
30532,7222,1227653995
22224,37603,1227654458
383,5291,1227654512
35070,37603,1227654731
26479,29990,1227654831
28071,9743,1227655785
9323,8482,1227656138
9403,11522,1227656195
19893,74552,1227657215
10755,11545,1227657528
26479,4215,1227657713
4215,4215,1227657948
22656,4215,1227658058
17744,19146,1227658185
37603,37603,1227660184
8709,7512,1227660481
3957,24908,1227660700
8709,20247,1227661256
267,4541,1227661268
8528,2648,1227661509
8528,1915,1227661649
1343,4541,1227661988
4055,9702,1227662065
18255,33690,1227662243
4055,9702,1227662291
1790,126280,1227662535
3043,5777,1227662881
5777,5777,1227662926
31624,24130,1227662977
30862,38099,1227663194
24908,24908,1227663389
15459,37603,1227663476
3333,419730,1227664420
1786,419730,1227664586
126280,126280,1227665141
7565,419730,1227665226
13412,38522,1227665960
33952,22820,1227666018
769,4550,1227666173
3043,5777,1227666368
24130,24130,1227666373
10661,844,1227666725
39819,39819,1227667219
38851,844,1227667252
279,19687,1227668172
26933,206630,1227669004
8360,40322,1227669036
267,11361,1227669254
31317,11361,1227669286
31828,26927,1227669340
18192,23427,1227669661
8815,1892,1227670108
11361,11361,1227670149
11361,11361,1227670274
1892,1892,1227670461
8815,1892,1227670634
645,14440,1227670755
12195,12448,1227671205
15667,33167,1227671289
1692070,1692070,1227671668
34509,7893,1227672122
38686,24975,1227672815
26160,30884,1227673451
13435,4160,1227673761
39677,2721,1227673853
23072,34910,1227674003
2721,2721,1227674145
8415,28641,1227674316
4958,844,1227674351
15667,28717,1227674517
3043,557,1227674544
3043,28717,1227674799
33167,33167,1227674822
3333,34910,1227674950
10012,35229,1227675008
3043,13279,1227675230
557,557,1227675895
10661,30105,1227676469
16587,40785,1227676863
31326,20444,1227676919
12881,20444,1227677080
15614,21906,1227677185
16587,20444,1227677211
15614,21906,1227677446
20654,22820,1227678071
17516,11461,1227678085
18770,844,1227678399
429,4249,1227679156
4249,4249,1227679327
18102,23805,1227679406
2766176,34531,1227679952
8233,34531,1227680145
234,31065,1227680300
23072,18103,1227681367
987,28714,1227681423
6144,23845,1227683821
31423,40236,1227684425
9530,16851,1227686655
21906,21906,1227686799
23805,23805,1227686902
34531,34531,1227689175
34531,34531,1227689582
16271,10608,1227691915
8014,40875,1227692620
5171,40876,1227692673
115,40882,1227693514
28832,40882,1227693820
6899,52490,1227694720
10661,35338,1227694866
10661,40882,1227695060
658,2128,1227695133
13005,31325,1227697406
22704,40807,1227697979
23633,343,1227699908
40876,40876,1227699934
419,7705,1227700042
40876,40876,1227700248
7705,7705,1227701810
14860,7705,1227702704
40175,868,1227702735
15124,7705,1227702949
31325,31325,1227703100
1695,27784,1227703959
14606,26300,1227704206
868,868,1227704480
26300,26300,1227704531
40866,40807,1227704892
7280,26300,1227705026
39992,3594,1227706423
26300,26300,1227706785
20444,20444,1227707572
20444,20444,1227707715
13257,40570,1227708943
40570,40570,1227709087
39992,15059,1227710062
3594,3594,1227710099
4958,844,1227710459
15059,15059,1227710612
33708,40106,1227712021
14860,33411,1227714026
33411,33411,1227714402
39584,40431,1227715472
34088,30674,1227715661
25737,21865,1227717739
15625,21537,1227718397
9021,40948,1227719309
30674,30674,1227719762
14860,33411,1227719810
34224,40963,1227721324
11549,26079,1227721352
33499,5021,1227722107
11410,30674,1227722302
2548,30674,1227722360
1431618,40966,1227722816
7211,26079,1227723191
2954,21537,1227723198
27009,4639,1227723330
13051,23866,1227723497
18061,40966,1227723642
24181,40623,1227724664
17266,40623,1227724761
31765,4639,1227725082
11549,26079,1227725730
4639,4639,1227725956
12870,4639,1227726379
4639,4639,1227726821
7512,7512,1227727260
12862,40975,1227727280
6088,40975,1227727575
33914,40975,1227727714
6440,1929,1227728127
3850,52490,1227728424
39277,4639,1227728727
4639,4639,1227729402
24215,1246613,1227729584
16076,31474,1227730546
15667,40975,1227730553
11917,11989,1227731237
18615,24126,1227731359
275,24126,1227731460
3712,30674,1227731768
21037,18664,1227732108
28419,30674,1227732983
34509,3685,1227733007
27784,27784,1227733589
4725,21537,1227733690
30674,30674,1227733842
21709,38207,1227733986
6434,30674,1227734420
1084,3685,1227735301
30674,30674,1227735394
15880,34588,1227735646
29639,37630,1227736201
12870,4639,1227736213
4639,4639,1227736907
4639,4639,1227736974
14337,802,1227737889
26334,33061,1227738077
419,27870,1227739837
21537,21537,1227739857
15055,2128,1227740224
21865,21865,1227740606
33226,18619,1227741066
26334,33429,1227741110
17035,445087,1227741129
115,41053,1227741695
2766176,34531,1227741859
15880,5324,1227741899
22656,40521,1227742101
12950,3193,1227742453
20270,2128,1227742475
22184,6651,1227742478
4916,19956,1227742485
10661,34395,1227742519
15459,17188,1227742541
3193,3193,1227742615
685,7205,1227742944
27414,17697,1227743159
3685,3685,1227743591
6068,8092,1227743838
21709,7988,1227743912
19929,19929,1227743984
6068,34395,1227744119
8092,8092,1227744402
241536,3631,1227744588
42,3631,1227745268
2424,3631,1227745558
19956,19956,1227746067
17887,19929,1227746116
24995,17697,1227746139
20178,41073,1227746295
34509,15647,1227746549
14514,19929,1227746925
3333,9328,1227747006
23771,31116,1227747436
5303,3193,1227747495
16587,20444,1227747560
34531,34531,1227747587
10661,11527,1227747826
1078,41090,1227749088
39702,26130,1227749491
38666,26130,1227749603
10585,23238,1227749727
36093,26130,1227749799
26130,26130,1227749850
15168,25228,1227750131
4418,15069,1227750221
35913,26130,1227750965
10661,33061,1227751117
39992,26130,1227751127
26130,26130,1227751377
6694,40882,1227751400
36093,26130,1227751841
39992,26130,1227752352
40882,40882,1227752872
5021,5021,1227752888
4418,23667,1227753070
6694,40882,1227753483
21909,26130,1227753933
26130,26130,1227754211
12195,28607,1227754427
40882,40882,1227754430
40882,40882,1227754465
23970,23970,1227754650
17697,17697,1227754961
39992,26130,1227755046
10755,9345,1227755121
79,40882,1227755144
1666,38663,1227755950
30383,30383,1227755975
1666,38663,1227756046
23283,17035,1227756112
14461,34571,1227756596
1464654,24707,1227758819
10492,522,1227758830
21755,39677,1227760224
1358,39677,1227760290
26334,39677,1227760488
8220,34881,1227760500
26334,2725,1227760883
2362,39677,1227760918
41085,41085,1227761007
23034,26428,1227761156
32775,26428,1227761255
3259,26428,1227761308
7116,30280,1227761323
36429,36429,1227762060
17871,39360,1227762121
3333,11429,1227762267
1358,39677,1227762537
1358,39677,1227762637
1358,39677,1227762695
1358,39677,1227762868
1358,39677,1227762911
1358,39677,1227762983
1358,39677,1227763015
1358,39677,1227763048
1358,39677,1227763107
1358,39677,1227763181
18770,33411,1227763808
33411,33411,1227763864
26334,39677,1227763903
1358,39677,1227764064
10661,33411,1227764071
1358,39677,1227764113
714,24707,1227764235
8709,13143,1227764989
982,982,1227765082
15401,33429,1227765568
2918,33844,1227765646
6807,14337,1227766805
14606,41172,1227767220
2660,41169,1227767750
39057,40866,1227767801
40866,40866,1227768197
9780,11429,1227768229
2424,2841,1227768652
35116,2841,1227769830
11989,11989,1227770332
8209,14663,1227770978
2841,2841,1227771445
18770,33411,1227772370
3410,699,1227772936
10661,33411,1227774470
14860,14663,1227775162
34450,22083,1227775293
33411,33411,1227775513
1635,36429,1227777334
36182,28106,1227778374
2976,2227,1227779166
5304,5304,1227779360
15124,40091,1227779813
3542,2227,1227780778
29157,20128,1227781427
2227,2227,1227783382
15124,2227,1227783393
40866,19463,1227784054
3333,78828,1227784738
78828,78828,1227784980
13279,13279,1227786103
18529,36372,1227786680
18770,33411,1227787382
6932,17744,1227787388
26428,26428,1227787539
26428,26428,1227787830
26428,26428,1227788243
15152,15161,1227788813
4249,41241,1227789395
26300,26300,1227789624
15055,41241,1227790621
1491,38256,1227791322
14065,2506,1227792833
14065,2506,1227793208
42413,39529,1227794646
5190,39529,1227796068
35364,5193,1227797172
15644,5193,1227798608
15168,2506,1227799157
12349,1231,1227799615
36141,37196,1227801539
22656,2246271,1227802565
2246271,2246271,1227802747
9611,45603,1227804318
5190,28555,1227804810
45603,45603,1227804823
28149,615,1227806488
5811,2506,1227807138
6309,23970,1227807583
16076,40939,1227809145
24054,6369,1227809324
5427,36372,1227809695
36141,38038,1227810130
38038,38038,1227810459
22184,38038,1227810696
38038,38038,1227810822
39259,37603,1227811426
6369,6369,1227811778
615,615,1227811818
34218,28555,1227812478
36565,38038,1227812779
6414,38038,1227812959
28380,11677,1227813105
6461,18619,1227814656
6461,18619,1227814793
11917,28207,1227815387
15541,26396,1227815804
5343,5441,1227815840
4992,41338,1227816035
14860,2128,1227816320
3850,33061,1227818067
31765,41348,1227818840
3050,27474,1227819156
39709,193,1227819202
19839,29511,1227819725
27474,27474,1227820058
34088,19146,1227820740
2548,1246613,1227821375
2548,1246613,1227821511
29511,29511,1227821781
3850,12124,1227822314
1311500,18619,1227822509
18673,41348,1227822587
15459,15124,1227822613
36372,36372,1227822820
22224,1246613,1227823044
34509,135,1227823120
33061,33061,1227823169
22346,1695,1227823923
6482,29511,1227823987
2087,16316,1227824238
21755,30289,1227824759
6309,39444,1227824971
22996,22996,1227826300
18936,2227,1227826370
7903,1246613,1227828329
14606,22996,1227828347
4418,29690,1227828586
27461,29690,1227828800
4418,35948,1227828965
29511,29511,1227829597
2227,2227,1227829845
23191,29690,1227830733
3850,33061,1227830960
31791,38522,1227831531
685,1246613,1227831743
4737,1356709,1227832154
3850,12280,1227832328
38522,38522,1227832370
16724,40877,1227833440
3474,39371,1227833740
12649,28209,1227833880
14065,2506,1227834200
9536,36183,1227834431
154,7743,1227834914
38072,4830,1227835045
1078,1078,1227836072
32032,32032,1227836627
5618,24126,1227837333
24165,24165,1227838761
5922,24165,1227840189
36429,36429,1227841090
4418,32337,1227841267
39277,22656,1227841583
40007,21386,1227842062
40007,21386,1227842099
21386,21386,1227842111
21386,21386,1227842412
26334,24165,1227842554
40007,21386,1227842861
21386,21386,1227843210
36305,40868,1227843327
22656,22656,1227843951
17958,17958,1227843970
27535,16147,1227844765
15852,35364,1227845954
15852,9707,1227846032
13675,34065,1227848806
32032,32032,1227848813
36384,7743,1227848955
1968,7743,1227849214
31038,7743,1227849544
7743,7743,1227849862
7743,7743,1227850419
24181,5441,1227851132
9236,9936,1227851306
9360,9360,1227851880
4418,9360,1227852468
36565,6367,1227852562
9683,7743,1227854235
9936,9936,1227854817
28380,11677,1227854837
28380,38072,1227855345
4279,7743,1227858505
8745,30858,1227858631
16076,40882,1227861217
24334,39110,1227861668
39992,29595,1227865149
14065,28392,1227866127
24165,24165,1227866333
34509,28392,1227867321
39307,41508,1227869482
41110,21537,1227869604
37946,28392,1227870086
26334,41508,1227870212
39307,41508,1227871193
11917,41508,1227871398
21537,21537,1227871961
11917,38072,1227872579
23705,9936,1227875327
38038,38038,1227875754
40899,25719,1227878213
31641,16316,1227879542
31641,41524,1227880215
22970,23491,1227884055
11995,35520,1227884188
15124,15124,1227885972
11333,2822,1227887428
14860,15054,1227887481
13051,3535708,1227888505
48310,41541,1227889075
745,29690,1227889363
4418,32484,1227889824
4418,32484,1227889911
15055,15055,1227890694
19512,36076,1227891549
23191,36076,1227892684
28209,28209,1227892789
21755,279238,1227892906
2084,279238,1227893260
279238,279238,1227894040
11549,24165,1227896061
7922,32809,1227896429
1695,41557,1227897918
1737,1311500,1227898569
32337,32337,1227899042
1908,3193,1227901268
304,33093,1227901709
745,9360,1227901963
41557,41557,1227902052
28959,28959,1227902090
18061,28959,1227902354
6309,7927,1227903206
28959,28959,1227903256
7903,1246613,1227903945
34088,39062,1227904235
3712,23420,1227904521
22224,40077,1227904974
40347,41584,1227905256
39062,39062,1227905621
22656,1065,1227905876
5314,20382,1227907863
20382,20382,1227907994
18882,2822,1227908933
15296,15296,1227909195
39263,15441,1227909668
22224,11568,1227910697
11568,11568,1227911286
24181,1246613,1227911782
25818,1246613,1227912275
32632,2084,1227912868
1337,16306,1227912887
2084,2084,1227913041
25968,23368,1227913177
25968,23368,1227913245
1337,11289,1227913561
31765,7144,1227916418
1242,8167,1227916678
34671,12637,1227916699
8167,8167,1227918489
9345,2084,1227918937
21755,28298,1227919107
39992,32809,1227919130
3542,8437,1227919288
40807,17307,1227919730
658,41642,1227920107
7980,2783,1227920659
23249,6944,1227920729
6944,6944,1227922337
21037,18664,1227922992
4694,4694,1227923270
35520,35520,1227923297
39992,12637,1227923562
22437,41642,1227925067
20654,20654,1227925984
2238,20654,1227926144
16997,39980,1227926312
39980,39980,1227926747
39980,39980,1227927040
30119,39980,1227928505
6782,24998,1227930253
25343,1143,1227930567
13824,6833,1227930643
9345,41662,1227930786
34218,19799,1227931122
4445,4445,1227931319
24998,24998,1227931443
31385,39980,1227932496
10661,5624,1227932823
5624,5624,1227933963
10661,5624,1227934224
5624,5624,1227934818
20444,20444,1227935078
30827,38522,1227935134
38522,38522,1227935418
33006,5624,1227935721
2084,8173,1227936822
31615,5195,1227937965
33226,28098,1227938600
9122,39992,1227939022
24181,38666,1227939337
38666,38666,1227939491
39992,39992,1227939845
9122,39992,1227940455
36687,32632,1227941082
38317,15059,1227941838
15059,15059,1227943130
39975,41651,1227943413
38317,15059,1227944228
15059,15059,1227945308
24126,18061,1227945970
3957,11333,1227946303
13279,41703,1227946855
39975,40120,1227947280
23744,13989,1227951582
18265,29595,1227954755
32632,32632,1227958583
7625,24489,1227959394
115,2227,1227960736
10661,5624,1227960918
5624,5624,1227963450
209,32943,1227963631
3827,1638,1227963718
9345,30234,1227964623
1233,31641,1227965393
30576,31641,1227968237
12711,15168,1227968477
15069,15069,1227968729
2504,2504,1227971445
2504,2504,1227971507
19893,24489,1227971904
40933,40945,1227974389
1695,13877,1227974785
24489,24489,1227974939
39975,121,1227976599
6782,40945,1227977025
11289,11289,1227978095
13877,13877,1227978670
7925,3590,1227980100
20267,41757,1227980403
12649,366,1227986751
4977,19756,1227987952
19756,19756,1227988093
4977,19756,1227988149
39161,41391,1227988529
41757,41757,1227989878
30225,30225,1227990343
3712,24334,1227992865
21755,24334,1227994480
25737,1304,1227994509
3850,1304,1227995059
10661,41121,1227995365
6479,40945,1227996698
28258,35594,1227998211
17034,41744,1228000022
28974,6349,1228004391
1600,5475,1228004941
19839,1695,1228005863
41165,40945,1228010380
31641,36544,1228010808
1610,1615,1228011851
31641,1615,1228011868
15168,15168,1228013578
3957,39980,1228014889
31791,31791,1228015118
3590,3590,1228015864
578,29756,1228016373
29756,29756,1228016907
5618,5274,1228017482
1228,30505,1228017849
34509,41839,1228017908
10661,41795,1228017948
3957,11963,1228018198
1228,31791,1228018237
11963,11963,1228018293
25050,29756,1228018477
37020,1304,1228019212
20267,40323,1228019832
34509,16582,1228021330
34509,16582,1228021515
16582,16582,1228021584
34509,16582,1228021931
10661,41795,1228022895
25222,14606,1228023859
14606,14606,1228024006
25222,14606,1228024103
14606,14606,1228024210
31791,31791,1228025967
10661,41795,1228027920
4958,35306,1228028271
3295,41780,1228028781
41780,41780,1228029080
11333,11333,1228031063
15168,35903,1228031636
35306,35306,1228032412
15168,41839,1228032967
20760,3045,1228034066
39992,40120,1228035612
39975,40120,1228036335
2509,40120,1228037013
15168,40120,1228037394
15168,40120,1228037622
39975,40120,1228038329
40882,40882,1228041712
10519,40882,1228041909
12983,41661,1228044291
11649,5899,1228049582
1695,1695,1228053073
39975,15175,1228053731
26160,41703,1228055118
4977,209,1228056935
34957,4200,1228056998
209,209,1228057460
745,115,1228057525
745,39167,1228060345
745,24489,1228062094
19966,20267,1228063768
18393,3045,1228064273
41780,41780,1228070283
36656,2477,1228070890
18393,30674,1228070938
15614,39680,1228074365
37020,10585,1228076841
10585,10585,1228077162
34301,8446,1228077599
15667,41780,1228078393
20444,41522,1228079478
22184,41522,1228079774
22184,41522,1228079819
1078,39680,1228080025
5449,5449,1228080872
20444,31590,1228081542
10661,33061,1228082344
8709,39680,1228083534
14606,13154,1228084179
1060,2477,1228085292
2509,41944,1228086921
28258,115,1228088646
28258,17174,1228088700
27461,41944,1228089473
2509,41944,1228089644
15168,36182,1228090074
24995,17697,1228091126
1,41944,1228091715
15168,41780,1228092018
15168,41780,1228092091
4279,4527,1228094176
598,11963,1228094219
15541,195,1228094888
29445,34819,1228095515
25222,39975,1228096162
15667,41522,1228096181
39992,41522,1228096622
7138,34819,1228096882
7138,34819,1228097089
34819,34819,1228097094
20760,41522,1228097189
15852,2759376,1228097968
7116,39975,1228100212
7116,41543,1228100456
33213,36182,1228101004
11963,11963,1228101632
5314,29519,1228101801
2509,4386,1228102858
7625,3821,1228103612
9707,9707,1228104755
40807,82,1228104848
11917,4386,1228105138
4386,4386,1228105186
36182,36182,1228105356
6920,41981,1228105547
41981,41981,1228107794
5421,9936,1228108243
4997,28298,1228108558
28298,28298,1228109003
18061,14606,1228111229
1786,9913,1228111400
14606,14606,1228111431
9913,9913,1228111545
15168,3263,1228112478
31624,18505,1228112742
11917,9913,1228113547
9936,9936,1228115779
8014,34964,1228116048
3850,41651,1228117010
40756,15055,1228119429
1057,41795,1228120588
18505,18505,1228121358
1969,25985,1228121960
39933,42033,1228125851
437,2313,1228126656
9021,41759,1228126924
2313,2313,1228127269
12424,42033,1228127504
30674,30674,1228127997
16587,3821,1228128294
38317,26353,1228130317
26353,26353,1228131119
13103,4653,1228131466
36305,17569,1228132156
2424,2424,1228132852
39992,2025,1228133271
39992,709,1228133500
14065,33481,1228135329
3474,37190,1228135423
23934,30674,1228135450
30674,30674,1228135598
11193,40945,1228137051
5475,5475,1228139915
34644,29756,1228141167
30408,29756,1228141563
2424,191,1228142120
6335,1588,1228142361
1588,1588,1228142808
33686,451867,1228143139
6335,1588,1228143370
15541,260,1228143670
33358,41903,1228146430
40220,4368,1228147080
18615,23691,1228150758
21567,41968,1228151625
14663,30529,1228152736
30529,30529,1228153246
18061,42088,1228154005
27412,41360,1228154480
41360,41360,1228154573
40347,11333,1228154987
11951,19929,1228155343
27412,41360,1228155711
18061,686,1228156151
686,686,1228156337
40996,11333,1228156817
15625,40136,1228157896
4092,22611,1228159216
10661,40076,1228159226
15541,40676,1228159370
16587,22611,1228160009
33213,1737,1228160237
39933,42088,1228160453
18615,1246613,1228161831
33006,40076,1228163315
33006,41780,1228163755
15541,32474,1228164692
9021,38172,1228165173
15625,38172,1228165190
41780,41780,1228166055
26837,40474,1228166195
26837,38593,1228166344
4958,488,1228167347
1737,1737,1228168889
12124,12124,1228169799
20553,41940,1228170092
11461,11461,1228170220
29639,1737,1228170231
31486,1737,1228170352
15541,18709,1228170635
39430,39057,1228170843
6033,430254,1228171627
22224,31677,1228172564
22224,11795,1228172757
1737,1737,1228172792
18771,11795,1228173228
14444,33857,1228173256
794,1284,1228173422
18941,1284,1228173808
33213,1737,1228174111
13913,36531,1228174525
36531,36531,1228174708
1284,1284,1228174720
1284,1284,1228174784
12579,36531,1228175274
470,966,1228175315
18941,1284,1228175417
23249,1284,1228175423
13990,39057,1228175489
1284,1284,1228175534
2648,41780,1228175542
13397,16511,1228175595
1284,1284,1228175640
10861,39933,1228176784
7565,4491,1228176820
3333,38940,1228177002
3850,38940,1228177662
2627,6146,1228177887
1790,28540,1228178054
2627,6146,1228178168
28540,28540,1228178188
18146,28540,1228178378
1786,19582,1228178604
1737,1737,1228178607
28540,28540,1228178781
7714,11333,1228179019
11241,40986,1228179090
19582,19582,1228179114
37815,3193,1228180142
1151280,29595,1228180188
20654,24998,1228180654
20654,24998,1228180702
20553,19582,1228181056
13990,9789,1228181220
19582,19582,1228181243
2548,40939,1228181360
4491,4491,1228181662
30966,21293,1228182100
16391,40521,1228182657
4203,42146,1228182689
31624,11333,1228182728
21691,38522,1228183918
7714,11333,1228184069
19435,8215,1228184099
8709,42203,1228184237
33226,8215,1228184265
11917,2429,1228184425
31624,39430,1228184552
42203,42203,1228184692
23667,2429,1228184977
24998,24998,1228185345
2029,9664,1228185690
11917,2429,1228185866
9664,9664,1228186195
10661,20654,1228187000
18771,2429,1228187325
20654,20654,1228187858
20654,32174,1228188066
33857,33857,1228188371
14444,33857,1228188435
1358,7507,1228188862
14461,13594,1228188880
727,2089,1228189755
19038,7507,1228189951
40347,7507,1228189968
11333,11333,1228190430
1358,7507,1228190462
14444,7507,1228190881
19038,7507,1228190895
19038,7507,1228191053
19307,32670,1228191100
1358,7507,1228191283
19307,32670,1228191998
27423,42224,1228192000
27423,39360,1228192917
13154,13154,1228193308
36305,1368,1228193563
7507,7507,1228194076
28760,42215,1228195380
24181,655,1228195923
38256,38256,1228196006
11917,302,1228196102
3333,302,1228196302
3333,655,1228196444
40076,40076,1228197065
20860,655,1228197239
1491,38256,1228197820
2282296,42228,1228198095
3850,42228,1228198283
31791,4541,1228198688
987,72123,1228199189
10585,40093,1228199216
7734,1288,1228199985
8220,72123,1228200310
40516,72123,1228200517
1358,72123,1228200614
40093,40093,1228200659
8220,72123,1228200711
1288,1288,1228200780
16587,42276,1228200909
302,302,1228201181
13930,16092,1228201198
1358,72123,1228201229
12092,13842,1228201279
40516,72123,1228201320
33226,33272,1228202332
3458,42228,1228202513
5190,42135,1228202578
23072,40725,1228203511
33611,40725,1228204202
21862,39677,1228204316
21974,41104,1228205335
32632,40725,1228205932
26682,29253,1228206438
31671,556,1228206894
27461,3966,1228207129
5458,5458,1228207721
16587,3966,1228208139
27461,20654,1228208549
39781,39781,1228208684
39781,39781,1228208831
7734,1288,1228211342
5965,41122,1228211772
31671,6916,1228212035
15124,2443,1228212333
9493,20654,1228212382
41122,41122,1228212435
1288,1288,1228213182
14069,41780,1228214433
10661,39663,1228215086
26227,265448,1228216320
2598,20526,1228216773
39663,39663,1228216783
3966,20526,1228216789
6335,19307,1228217311
9021,2567,1228217395
19307,19307,1228217829
2567,2567,1228218160
6335,19307,1228218171
11917,19307,1228218336
29253,29253,1228219332
26334,40725,1228219580
14860,33810,1228220129
19307,23491,1228220827
2443,2443,1228221026
13430,39189,1228222101
3474,20526,1228222202
23354,2877,1228223340
2877,2877,1228223978
41754,3295,1228224136
27461,115,1228225016
8454,9021,1228225029
115,115,1228225756
4234,4234,1228225791
33810,33810,1228226261
1220,439507,1228227024
952,439507,1228227887
18804,39160,1228228701
3712,30176,1228229856
23283,15124,1228230999
15124,15124,1228231233
40570,40570,1228232001
22621,42108,1228233754
18771,40570,1228234069
21764,42108,1228236171
893,42370,1228236603
38072,34590,1228237333
34590,34590,1228237940
15108,42370,1228237959
19307,15371,1228238667
41338,3045,1228239273
33987,33982,1228240267
33982,33982,1228240619
15459,40002,1228240633
11333,11333,1228241286
9774,32174,1228242293
16511,16587,1228242300
4685,11333,1228242924
10661,42050,1228244416
38940,38940,1228245314
40076,40076,1228245365
15371,15371,1228245386
1575281,33411,1228245884
38426,5175,1228246108
1,267,1228247368
37771,33411,1228247655
42428,42428,1228250432
40347,3848,1228250772
572,42428,1228250922
2098,42428,1228251318
1695,1695,1228251999
9021,9021,1228254036
18471,8531,1228254038
34942,36902,1228254236
39263,36902,1228254746
15541,27404,1228254803
34088,36902,1228254854
40347,91,1228254856
27404,27404,1228255484
3043,42441,1228255572
5290,36902,1228255660
8513,33402,1228255804
39709,42441,1228255922
9711,8531,1228255972
19172,17476,1228256216
8531,8531,1228256410
21336,12597,1228256528
34942,36902,1228256605
13913,17476,1228256641
35116,1246613,1228256979
30698,1246613,1228256992
462,31157,1228257016
39263,36902,1228257069
1228,36902,1228257484
17744,28149,1228257535
11917,750,1228257626
11765,34590,1228257706
33185,750,1228257745
3333,750,1228257774
3333,750,1228257869
21339,2309,1228257934
31157,31157,1228257971
11917,750,1228258043
34942,36902,1228258141
13913,15393,1228258224
1228,8446,1228258627
13154,8446,1228258740
15393,15393,1228258766
42441,42441,1228258871
16076,8446,1228258955
4279,41795,1228259238
33987,36902,1228259419
3043,41860,1228259545
3043,41165,1228259732
1228,8446,1228259826
1007,4697,1228260044
27461,115,1228260194
30176,30176,1228260476
29253,260,1228260500
18771,56,1228260560
33604,15846,1228261613
18771,19251,1228261733
14089,4697,1228261760
7211,2831,1228261902
19251,19251,1228261950
25538,25538,1228261976
13154,8446,1228262051
18771,19251,1228262234
9021,33857,1228262376
4697,4697,1228262450
9021,31641,1228262607
16391,41165,1228262684
34437,36902,1228263510
1790,232,1228263514
19251,19251,1228263872
18146,16066,1228264374
39160,39160,1228264561
462,31157,1228264955
34329,11110,1228266104
10771,42532,1228267609
39431,42532,1228267626
22656,6488,1228267711
8513,29653,1228268028
12943,19147,1228268071
13913,42532,1228269031
19737,20514,1228269424
1,42532,1228269600
19737,20514,1228269602
35681,29595,1228269656
10661,28165,1228269657
36305,274,1228269687
12711,4697,1228269775
2506,28714,1228270424
31444,31444,1228270591
39473,41522,1228270833
25222,13009,1228270843
20860,28714,1228270917
20860,13009,1228271207
32142,32142,1228272137
9530,12151,1228272597
32632,8945,1228272657
8945,8945,1228272817
42562,42562,1228272899
13009,13009,1228272991
12151,12151,1228273152
2029,2029,1228273651
12234,5189,1228274383
13005,12151,1228274492
28714,28714,1228275103
16587,16587,1228275123
10755,5548,1228275391
15401,8945,1228275554
33213,445087,1228276013
9536,21691,1228276072
12349,34409,1228276295
26160,15891,1228276388
26396,26396,1228276586
15891,15891,1228276589
34409,34409,1228276661
18511,18511,1228276993
10661,3211,1228277424
1358,3211,1228277437
1358,3211,1228277472
14048,8446,1228277600
24181,4376,1228277714
9940,337,1228277968
2282296,2282296,1228278274
32632,8945,1228279224
18174,18174,1228279270
5599,13855,1228280121
24181,8320,1228280262
1358,4491,1228280923
4491,4491,1228281210
17651,30866,1228281404
8320,8320,1228282318
33686,42628,1228282396
2590,4883,1228282740
31038,370,1228282914
32812,4491,1228282955
10661,42628,1228282961
41165,42628,1228282969
35116,2453,1228283272
3295,3295,1228283770
29445,34797,1228283777
9822,1443363,1228283901
13154,5115,1228284352
13154,5115,1228284446
6335,13143,1228284913
2541,2541,1228285127
31615,20514,1228285842
39992,42628,1228286488
1443363,1443363,1228286588
42628,42628,1228286870
39992,42628,1228287691
42628,42628,1228287986
1412,40783,1228287991
27805,13064,1228289376
21677,8320,1228289694
6691,21290,1228290532
8643,41706,1228290537
10593,1692070,1228291169
26160,15891,1228291210
42632,42632,1228292740
42632,42632,1228292949
2908,42546,1228293430
17160,42546,1228296258
22364,13293,1228297071
4279,30289,1228298715
8014,34088,1228299797
38803,14587,1228302312
20654,20654,1228303441
31641,31671,1228303612
36305,26183,1228304501
3542,6444,1228305462
9345,15393,1228306054
39975,13055,1228307872
5640,41410,1228308251
36902,36902,1228308594
4279,745,1228310346
27461,1343,1228313964
40516,40975,1228314268
39532,42532,1228315632
13055,13055,1228317196
20860,1343,1228318645
15541,30529,1228319609
15625,41165,1228320228
338,37972,1228320737
37972,37972,1228321009
267,30674,1228321651
2094,3827,1228321906
20514,20514,1228325295
33412,26036,1228325931
26036,26036,1228326235
1534,1892,1228326617
21709,23973,1228327026
19907,14316,1228327810
17335,19113,1228328011
6345,25457,1228329224
15541,11410,1228329777
370899,370899,1228330409
370899,370899,1228330587
2094,39057,1228331635
18393,3045,1228332177
18771,26155,1228332406
31505,11333,1228332507
31486,26155,1228332583
26155,26155,1228332832
37771,42782,1228332879
267,4918,1228333922
20382,4918,1228334136
20444,1246613,1228334986
12950,1246613,1228335123
34218,4378,1228335586
4378,4378,1228336050
10178,192,1228336370
41291,709,1228337364
15541,11333,1228337425
18771,26155,1228337518
15541,4918,1228337578
20382,4918,1228337911
21263,40975,1228338003
16066,16066,1228340003
25457,25457,1228340683
25457,25457,1228340768
24946,20514,1228342362
19147,19147,1228342379
30366,7140,1228342617
30366,7140,1228342651
16592,1537,1228342705
7140,7140,1228342720
4893,28557,1228343031
3043,91,1228343036
16592,1537,1228343095
7140,7140,1228343137
15985,39057,1228343342
25457,91,1228343416
91,91,1228343505
28557,28557,1228343899
17867,1918,1228344186
6144,33046,1228344391
23234,23234,1228344928
1551,1551,1228345913
23191,1100,1228346090
45,700,1228346094
685,31132,1228347899
37019,37019,1228347924
21037,4890,1228348128
34329,39677,1228348948
2282296,11995,1228349157
39677,39677,1228349164
8446,11757,1228349260
3241,30546,1228349263
33046,33046,1228349677
11995,11995,1228349735
1228,29595,1228350010
6807,36587,1228350405
20984,38317,1228350737
9254,69346,1228350917
34218,21293,1228351105
8528,19825,1228351136
1408129,18192,1228351920
16391,23249,1228352070
4279,191,1228352377
14606,39677,1228352656
38317,38317,1228352708
30176,30176,1228352995
18192,18192,1228353063
1892,1892,1228353291
2199,18623,1228353595
343,23249,1228353752
39057,700,1228355046
10661,42876,1228355774
39057,39057,1228355849
23249,23249,1228356232
39702,1134977,1228356984
35,32892,1228357105
26160,1130097,1228358039
23897,42439,1228358293
15541,4918,1228358824
6932,38265,1228359325
232,232,1228359391
29638,39648,1228360768
16587,38349,1228361269
10755,13004,1228361407
10755,10202,1228361602
105,419,1228361736
15541,30568,1228361738
1358,10202,1228361845
39648,39648,1228361864
10202,10202,1228361941
27805,419,1228362076
1975282,13004,1228362427
13005,33061,1228362655
30568,30568,1228362934
15880,18722,1228362977
33061,33061,1228363569
115,13760,1228363639
13004,13004,1228363723
20,27876,1228363987
3236,39648,1228364266
18192,18192,1228364291
1228,14537,1228364672
1311500,1638,1228364803
39057,25680,1228365460
18146,27876,1228365536
1968,12151,1228365571
1968,12151,1228365627
419,419,1228365714
18146,27876,1228365778
10861,42961,1228365972
18722,18722,1228366029
34183,32914,1228366377
1464654,40882,1228366392
1311500,1638,1228367924
42223,42223,1228367930
1358,42223,1228368152
31641,28647,1228368584
18770,39160,1228368835
15541,33708,1228369385
10661,39160,1228369604
10755,13004,1228369870
14537,14537,1228370394
6309,23970,1228370974
42994,42994,1228371546
17862,18192,1228372818
17862,18192,1228372963
15459,43005,1228373125
40443,11333,1228373512
28408,11333,1228373580
36866,5261,1228374479
224,9345,1228375052
35116,19074,1228375780
41104,41104,1228375819
28832,35579,1228375824
10861,18202,1228375912
19074,19074,1228375913
24813,43005,1228376097
14116,19074,1228376560
19074,19074,1228376820
18202,18202,1228376858
5261,5261,1228377023
4279,1100,1228377978
9021,945,1228378333
36590,36590,1228378488
6144,4086,1228378533
3850,16272,1228379675
12950,36253,1228379733
5171,36253,1228379907
9493,20654,1228380509
36253,36253,1228380575
4916,37875,1228380641
4958,20915,1228380677
20915,20915,1228380903
34509,36253,1228381779
14153,15667,1228382129
11807,11802,1228382390
29043,13842,1228383273
41211,41211,1228383360
13004,13004,1228383692
4958,20915,1228383961
31038,20915,1228384049
4958,20915,1228384138
15124,32484,1228384309
20860,31671,1228384444
39277,20915,1228384644
40899,35101,1228385663
32247,1343,1228387407
4086,4086,1228387598
38796,20915,1228387675
11649,4888,1228389271
13154,4888,1228390886
4888,4888,1228391055
17174,21952,1228391309
18941,38963,1228392374
18471,34942,1228392787
42897,18431,1228393281
34942,34942,1228393544
19974,10941,1228393585
17174,34942,1228393984
34942,34942,1228394100
1695,1695,1228395584
31641,34942,1228395605
34942,34942,1228395757
34942,34942,1228395787
1918,1918,1228396347
658,14157,1228397552
26929,14157,1228398194
28408,38172,1228400248
17188,31610,1228401044
22656,1469014,1228401065
15541,18091,1228405092
30366,7140,1228405115
18771,8946,1228405395
15541,8946,1228405547
20860,43116,1228405998
11077,39242,1228407356
37119,36590,1228408206
40933,11193,1228408294
40933,11193,1228408478
40933,11193,1228408563
20984,20133,1228408937
40175,42782,1228409131
30568,30568,1228409148
22656,29511,1228409338
6309,11256,1228409551
48310,13477,1228410148
13477,13477,1228410470
29511,29511,1228411281
20514,20514,1228411473
22656,29511,1228411670
12151,12151,1228411741
42968,42968,1228411806
4092,6486,1228412277
39709,23810,1228412616
6486,6486,1228412888
33402,33402,1228412914
4092,6486,1228413037
31132,31132,1228413114
39263,29860,1228413231
31132,31132,1228413513
21038,18631,1228414588
15541,2759376,1228414699
37147,42108,1228414727
23810,23810,1228415701
15625,34590,1228415756
41591,18631,1228416201
15625,33272,1228416487
13018,18631,1228416798
29519,18631,1228417159
16587,10504,1228417739
30600,24105,1228417910
26115,42428,1228418357
42428,42428,1228418645
1100,1100,1228419534
18471,2450,1228419788
2450,2450,1228419949
1695,2450,1228420332
18471,9470,1228420636
1695,43056,1228420746
10661,16511,1228421192
38807,38807,1228421924
14860,16511,1228422705
5132,22114,1228422929
22114,22114,1228423417
11702,38807,1228423834
40070,31518,1228424496
8709,6539,1228425011
6539,6539,1228425084
6144,31109,1228425685
18631,18631,1228426076
21037,2450,1228426273
38851,43056,1228426386
39057,32835,1228426533
28169,356,1228428298
18471,39643,1228428356
18471,16440,1228428400
20133,20133,1228428585
32835,32835,1228429198
1233,15985,1228429232
4725,36253,1228429250
18914,1381,1228429646
16587,16511,1228430182
39643,39643,1228430984
3043,1310,1228431228
24449,34088,1228431645
21709,31109,1228431729
6932,7233,1228431760
43029,31109,1228431784
13279,7173,1228433370
9122,34088,1228433482
34183,13556,1228433649
1291,39277,1228435359
26227,1370,1228435383
39277,39277,1228435394
6637,42109,1228435802
1358,2295,1228436036
13564,41457,1228436227
33708,33708,1228436309
4568,4568,1228436757
3333,3831,1228436763
4279,1577190,1228436830
8116,8116,1228436990
2295,2295,1228437336
36297,43278,1228437422
11649,34183,1228437801
16587,39677,1228438296
33987,13018,1228438646
5987,2450,1228438906
6180,39677,1228439501
17641,42491,1228439622
1311500,1311500,1228439681
13018,13018,1228439695
3619,6232,1228439719
2469,25538,1228439833
13787,2450,1228440071
15689,13018,1228440221
6232,6232,1228440391
41214,314728,1228440431
25538,25538,1228440437
36305,41956,1228440443
314728,314728,1228440688
1492,314728,1228441076
1358,13018,1228441152
20654,20654,1228441783
33213,31157,1228441783
33213,2450,1228442028
41214,314728,1228442296
20186,18103,1228442615
35197,43035,1228442666
4279,1100,1228442733
14065,18664,1228442749
314728,314728,1228443049
18866,41457,1228443190
40347,10756,1228443653
1300,39643,1228443868
18103,18103,1228444639
33213,6508,1228444756
9034,18103,1228445493
23234,17091,1228446025
41214,31641,1228446491
1358,13348,1228446517
16587,614,1228447801
20444,39034,1228447972
10755,20444,1228448026
343,34183,1228448248
20444,20444,1228448664
1337,13018,1228448671
1337,13018,1228448703
42975,31641,1228449574
41338,43209,1228449675
34596,15055,1228451679
15667,1343,1228451714
1337,42082,1228451939
13005,2450,1228452281
2942,16206,1228452707
4725,4725,1228452785
22656,4725,1228452823
40410,42229,1228453410
3797,43056,1228453422
42229,42229,1228454128
3043,33226,1228454634
25879,33226,1228454666
14026,1693,1228454981
22656,43370,1228455120
40650,42975,1228455285
7724,13930,1228455518
10755,34183,1228455530
1471,34183,1228455668
7724,1965,1228455757
40650,2635,1228456063
17174,34942,1228456154
12950,43371,1228456219
8709,34183,1228456248
1358,43371,1228456332
12950,43371,1228456530
12943,2635,1228456563
13813,10792,1228456617
1358,43371,1228456803
203,1130,1228456803
1358,43371,1228456909
19734,20444,1228457006
26227,43371,1228457324
12950,43371,1228457637
1471,34183,1228457690
1075,2635,1228457860
1358,43371,1228458141
2034,337,1228458329
13005,2535,1228459081
14388,6701,1228459229
5645,12915,1228459243
6180,657,1228459752
9530,22424,1228460568
8709,43371,1228461834
42975,26327,1228462003
21952,21952,1228462179
657,657,1228462399
657,419730,1228462764
22491,22468,1228462769
21258,31641,1228463054
13,22424,1228463082
13,22424,1228463113
38796,35335,1228463181
13,22424,1228463200
35335,35335,1228464350
3850,419730,1228465367
16271,36546,1228465628
20128,13143,1228466385
5314,24839,1228466562
2535,2535,1228466577
38796,35335,1228466736
10585,199,1228467505
4279,43233,1228467647
7903,7674,1228467743
37020,199,1228467864
3850,13930,1228468021
3850,337,1228468738
3850,40548,1228469372
3850,36383,1228469427
31641,31641,1228469460
5958,2910,1228469704
4857,13930,1228469947
33165,314728,1228470620
33165,314728,1228470690
31641,31641,1228470770
31641,31641,1228470918
10661,16587,1228470996
31641,31641,1228471216
16587,16587,1228471269
16587,16587,1228472018
13005,10352,1228472022
8223,14957,1228472111
14957,14957,1228472171
1551,1551,1228472311
14860,16511,1228472729
3354,14957,1228472828
14957,14957,1228473057
17335,1695,1228474551
36866,6010,1228474931
238948,238948,1228477074
9787,1246613,1228477425
9787,1726,1228477982
9787,31092,1228478341
9787,31474,1228479386
9787,31474,1228479422
43029,12382,1228482914
24995,25228,1228483433
20840,38578,1228483750
12382,12382,1228486349
1695,1695,1228487009
38426,15055,1228487790
38426,27491,1228487922
30408,22451,1228488056
1695,16587,1228489523
30366,25228,1228491600
39643,39643,1228493720
39643,39643,1228493773
18771,40120,1228494870
18771,40120,1228494993
15354,1537,1228495128
15124,366094,1228496157
13018,43510,1228496827
9951,43510,1228497105
12870,4639,1228498209
4639,4639,1228498417
29411,29411,1228498532
6369,3594,1228499407
3594,3594,1228500200
14514,1965,1228500943
6369,3594,1228501622
2362,29182,1228502718
987,11333,1228502841
40347,11333,1228503058
18771,43510,1228503153
11333,11333,1228503212
15541,11333,1228503240
1695,35894,1228504000
31615,40120,1228504402
27628,25782,1228504437
6651,10792,1228504636
17641,17641,1228504846
11333,11333,1228504951
745,40443,1228505011
22656,40650,1228505308
332,35894,1228505549
12663,12663,1228505801
18771,1127460,1228506284
22656,28557,1228506826
1695,28557,1228507999
4279,37984,1228508045
36175,11522,1228508172
1695,28557,1228508235
15689,28557,1228509275
31136,40347,1228509423
34509,28557,1228509664
15541,21197,1228509670
1695,28557,1228509707
40347,40347,1228510589
4725,29182,1228510647
5190,21197,1228510722
15541,21197,1228511432
24054,43626,1228512311
31615,21195,1228512451
32043,40214,1228512880
41338,1535,1228512973
7839,39648,1228513509
40548,40548,1228514065
6610,33232,1228514486
15031,33232,1228514913
1127460,1127460,1228515379
3333,33232,1228515557
22656,2657,1228515733
2199,21197,1228515752
18192,18192,1228515816
40256,33232,1228515822
15541,29,1228516021
7724,13930,1228516148
21197,21197,1228516249
31615,20915,1228516520
22088,29,1228516654
35894,35894,1228517652
36866,40396,1228517842
29519,9825,1228518133
9825,9825,1228518417
27876,27876,1228518513
3333,1094969,1228518791
27876,27876,1228518919
24525,24525,1228518964
13279,12597,1228519323
13279,7450,1228519534
2657,2657,1228519724
21691,1094969,1228520125
20774,20774,1228520133
199,199,1228520140
14048,21197,1228520234
15880,20774,1228520648
35197,43679,1228520972
43679,43679,1228521091
18511,43679,1228521276
43679,43679,1228521307
43679,43679,1228521489
35197,43679,1228521606
13103,439507,1228521808
26394,37196,1228522001
15689,8047,1228522293
15880,43679,1228522428
37379,42491,1228522720
35197,43679,1228522767
8047,8047,1228522881
43679,43679,1228522885
15880,40657,1228523122
8446,5056,1228523811
27204,11618,1228524129
7450,7450,1228524186
5056,5056,1228524283
17516,29260,1228524530
33708,8456,1228524708
18771,29297,1228524825
337,337,1228524936
2147,1288,1228525116
23283,7952,1228525402
4249,11618,1228525441
6232,1,1228525541
1463,1463,1228525618
27204,24525,1228525748
22777,7952,1228525805
22656,11618,1228525939
22656,15055,1228526416
14065,366094,1228526827
14065,366094,1228526899
19100,31505,1228526951
31505,31505,1228527050
3474,11618,1228527468
43029,7450,1228527721
3594,3594,1228527798
7450,7450,1228528093
6920,2361,1228528255
15785,4376,1228528775
18505,37154,1228528947
43029,7450,1228529090
3333,37154,1228529178
19100,31505,1228529767
33213,35416,1228530312
7450,7450,1228530521
25538,25538,1228530902
43029,30408,1228531062
30408,30408,1228531403
737,7949,1228531829
1256,1256,1228531872
11917,30408,1228532003
33272,33272,1228532786
12579,18149,1228533256
39277,43734,1228533546
1786,1786,1228534006
1469014,1469014,1228534532
4893,1786,1228535102
29638,1786,1228535589
1786,1786,1228535656
658,1786,1228535733
42188,280,1228536266
2509,40397,1228536820
1288,1288,1228536868
39057,32771,1228536910
33226,25956,1228537678
20774,27569,1228538442
8091,3797,1228538833
43029,12875,1228538996
658,20572,1228539229
15880,33383,1228539382
1097,12875,1228539426
16066,16066,1228540421
4228,6773,1228540813
17516,4668,1228540814
16942,43784,1228540827
15880,303,1228541297
33383,33383,1228541374
2635,1674,1228541497
1674,1674,1228541759
2635,1674,1228541851
714,40882,1228542142
30408,30408,1228542203
4308,37651,1228542417
20572,20572,1228542516
3333,1674,1228542818
2635,1674,1228542908
37109,37109,1228544384
31624,67719,1228544609
29638,1674,1228544692
1343,33949,1228544700
2596,32700,1228544919
5616,19212,1228546111
36305,18265,1228547710
10661,43818,1228548124
10893,5618,1228548172
30181,20572,1228550317
267,12875,1228550815
18575,12875,1228550959
40397,40397,1228551123
31615,5509,1228553445
30383,30383,1228553859
36866,20498,1228558252
12875,12875,1228558665
20498,20498,1228559223
40650,25228,1228559669
40650,40650,1228559942
33949,33949,1228560786
16587,43636,1228562461
36866,20498,1228563289
4279,37984,1228568609
3850,40548,1228568796
23574,43886,1228568811
43029,25778,1228568870
5948,19302,1228571706
23574,31641,1228572259
5302,18631,1228578728
11436,10335,1228580871
37020,43873,1228582434
37020,199,1228582796
31765,43907,1228583220
43907,43907,1228585516
21038,43907,1228586540
2362,29182,1228589169
13118,43907,1228589265
32136,451867,1228592221
19799,22656,1228593439
22656,22656,1228594386
24995,4653,1228595315
43907,43907,1228595549
987,5838,1228595923
1358,43496,1228597872
18511,12870,1228599454
12870,12870,1228599555
4308,12870,1228599673
37472,6444,1228599944
29021,21952,1228599950
12870,12870,1228599953
40657,40657,1228601166
24707,451867,1228605173
9345,12950,1228605763
10585,12950,1228607854
39933,5509,1228608889
6461,40322,1228610966
40322,40322,1228611914
22674,4376,1228612712
39161,29538,1228612722
14157,14157,1228612882
29538,29538,1228613062
29538,29538,1228613212
39161,29538,1228613308
27204,43960,1228615745
4991,2755,1228615769
34819,34819,1228617613
3850,19212,1228620008
18687,43960,1228620152
15721,13477,1228620692
19403,30408,1228621399
10861,43875,1228622150
4958,40397,1228622264
16511,16511,1228622387
7138,18107,1228622800
2755,2755,1228622800
23283,43496,1228622997
1968,43496,1228623150
43496,43496,1228623273
4991,2755,1228624945
17255,32032,1228625359
21755,3886,1228625678
1343,3886,1228625846
3886,3886,1228626521
1288,43875,1228627490
32187,12915,1228628131
2755,2755,1228628278
6694,451867,1228628700
304,19825,1228629169
22656,2035722,1228629354
10585,428190,1228629422
19825,19825,1228629547
2035722,2035722,1228629697
304,19825,1228629868
19825,19825,1228629962
304,19825,1228630213
15168,43960,1228632753
13992,31641,1228632943
23354,21586,1228633117
9530,43960,1228633127
2506,9642,1228634777
7734,34531,1228636128
21952,21952,1228636502
4725,19825,1228637561
26004,26004,1228638393
39648,39648,1228639627
5728,34088,1228639821
5509,5509,1228639986
4228,8482,1228639994
33810,23458,1228640127
33810,23458,1228640316
34509,12151,1228641337
43873,43873,1228641990
31641,8047,1228651632
10047,6329,1228652532
5982,43205,1228655531
6329,6329,1228658447
14660,16502,1228660491
12349,3644960,1228668549
40657,40657,1228669392
21755,3886,1228671969
25031,25031,1228673524
4694,16623,1228675887
19825,19825,1228679813
27474,30674,1228680796
35197,30674,1228680954
15031,30674,1228680975
13005,30674,1228682148
38796,33427,1228684479
27204,5261,1228684564
14860,33427,1228684764
1702,34088,1228685085
15906,33427,1228685187
14606,25152,1228685806
12950,11236,1228685931
1288,44080,1228687564
10661,32933,1228688153
3333,31092,1228688699
27805,44004,1228692436
3644960,3644960,1228693025
27805,44004,1228693537
15168,31092,1228693640
42188,37984,1228693819
35364,23368,1228694978
27727,39796,1228696129
10661,2128,1228697653
39057,44086,1228697867
14069,11236,1228700448
43312,1343,1228701855
4279,15055,1228702028
27439,40789,1228702594
43312,1725,1228702818
1725,1725,1228704939
19512,31092,1228705235
4642,24755,1228707063
31615,1585,1228708791
3848,23903,1228710128
4279,37984,1228711574
4279,37875,1228711623
1343,1343,1228712513
44086,44086,1228712873
18771,26428,1228714486
37984,37984,1228716621
304,16684,1228716633
3850,19584,1228720502
16587,19584,1228720840
37020,19584,1228720863
17744,10757,1228721404
29363,1343,1228722742
26334,14027,1228723118
14027,14027,1228723255
19403,19584,1228724547
30924,2915,1228726214
14860,1343,1228726494
31325,11516,1228727427
14860,40441,1228729570
10755,40441,1228730872
36388,27677,1228730996
1293,14027,1228731305
15578,17398,1228732624
14027,14027,1228736443
14026,10788,1228739231
20164,40783,1228739772
15578,6486,1228741122
33052,33052,1228741441
3797,3797,1228742789
10757,10757,1228743171
18265,31671,1228743377
38132,38132,1228744904
31671,31671,1228744944
27461,35416,1228745876
1702,35416,1228747043
7407,745,1228749554
18061,439507,1228752629
6260,40975,1228755094
18771,3654,1228756190
439507,439507,1228756369
267,42070,1228756429
42070,42070,1228756552
26428,26428,1228756588
745,745,1228756665
25782,25782,1228760742
4092,23230,1228761424
7053,7053,1228761428
34088,34088,1228762336
17389,11541,1228762899
15541,43532,1228762902
17389,11541,1228762999
31118,44230,1228764430
43312,21709,1228764572
21709,21709,1228764637
31615,7053,1228764690
31615,7053,1228764829
7053,7053,1228764941
10661,40441,1228764969
7053,7053,1228765123
31615,7053,1228765781
7053,7053,1228766010
40256,383464,1228766017
279,260,1228766430
24054,44269,1228766726
41291,7261,1228766835
3850,18909,1228766942
4050,7261,1228766978
3831,658,1228767009
7261,7261,1228767106
4092,7261,1228767259
35364,3834,1228767703
4092,7261,1228767952
39722,8446,1228767993
44257,44257,1228768116
15625,280,1228768126
15625,280,1228768199
43312,2220518,1228768420
2220518,2220518,1228768631
10661,2220518,1228768658
43312,29007,1228768845
24525,24525,1228769292
12950,1246613,1228769554
26796,43907,1228769800
9567,40441,1228770288
39057,44086,1228771054
6260,40975,1228771101
18771,26428,1228771259
22621,41956,1228771550
37955,8976,1228772021
6335,6335,1228772101
6335,6335,1228772160
37311,5004,1228772177
6335,6335,1228772198
15459,42389,1228772431
2362,5004,1228772486
12726,5004,1228773225
3333,21435,1228773356
6444,6444,1228773529
42184,21435,1228773549
26414,27805,1228774000
2548,31132,1228774154
22224,1246613,1228774588
18771,28165,1228774923
28165,28165,1228775424
43532,43532,1228775451
31615,7053,1228775671
13018,26414,1228776245
209,5777,1228776350
21028,20915,1228776356
12950,1246613,1228777048
21435,21435,1228777509
31132,31132,1228777714
39722,3713,1228777797
13618,79101,1228777892
16609,16609,1228778210
40441,40441,1228779075
10293,21197,1228779624
10293,21197,1228779813
24071,15393,1228780322
3347,5633,1228781189
1554,26349,1228781271
15393,15393,1228781457
33178,135,1228781684
13531,4893,1228781944
10661,32462,1228782463
13412,36007,1228782671
31615,18494,1228782846
21197,21197,1228782899
23252,42789,1228783017
1190,1190,1228783090
13118,6770,1228783158
21197,21197,1228783215
135,135,1228783262
33213,37126,1228784313
32462,32462,1228784537
1358,38807,1228784676
13279,25843,1228784876
17871,44230,1228784891
43,43,1228784940
38807,38807,1228784977
39722,25843,1228785131
10661,32462,1228785471
40410,44354,1228785973
40410,41968,1228786104
1358,44354,1228786108
1862,44354,1228786133
6521,44354,1228786144
40410,44354,1228786176
40410,44354,1228786215
13018,41385,1228786749
41860,41860,1228786835
1358,33686,1228786878
18771,41385,1228787203
18771,39975,1228787914
39933,11702,1228788253
1786,5486,1228788520
6521,44354,1228788607
15689,27677,1228788643
5486,5486,1228789146
33686,33686,1228789200
2173,34632,1228789349
3619,3619,1228789439
42092,34632,1228789488
31641,34632,1228789504
20654,1288,1228789691
31828,32462,1228789712
2173,34632,1228789784
33686,33686,1228790071
33686,33686,1228790128
999,34632,1228790271
1337,32032,1228790959
19521,83,1228791356
19521,19521,1228791467
31641,34632,1228791518
31641,34632,1228791702
27727,34632,1228791766
18941,44354,1228791789
10661,32462,1228792043
12379,31610,1228792231
4376,4376,1228792404
3654,3654,1228792933
33686,20915,1228792998
30807,30807,1228793051
83,83,1228793248
15880,32462,1228793328
32462,32462,1228793746
40347,41508,1228794939
10661,32462,1228795383
3043,34548,1228795651
337,1463,1228795759
36175,42841,1228795902
23354,37126,1228796020
2443,11795,1228796073
31038,41508,1228796222
2167252,179,1228796278
34632,34632,1228796370
5728,32836,1228796602
15168,24396,1228796944
32462,32462,1228797048
32462,32462,1228797845
36175,11795,1228798201
1075,702,1228798316
34502,3515,1228799868
40443,18941,1228800039
41360,18941,1228800198
3515,3515,1228800316
22656,15906,1228800551
1084,3515,1228800611
34509,3515,1228800631
1084,3515,1228800659
7756,2183,1228800667
1075,15906,1228800779
40410,28647,1228801013
15906,15906,1228801092
22656,15906,1228801110
22656,15906,1228801141
15906,15906,1228801144
33686,3515,1228801212
15906,15906,1228801245
40650,18941,1228801290
39796,39796,1228801385
39161,13704,1228801616
13913,419730,1228802091
24181,18853,1228804154
419730,419730,1228804271
34509,3515,1228804392
40410,18853,1228804712
1358,18853,1228804995
2548,18853,1228805380
40410,18853,1228805396
3043,7617,1228805627
1358,18853,1228805774
19072,1100,1228806069
7405,44217,1228806566
34509,9403,1228807310
18853,18853,1228808318
18941,44449,1228808645
18941,23071,1228810140
6932,2147,1228811108
40516,4491,1228811257
2147,2147,1228811292
16942,2147,1228813937
31624,4541,1228814612
16587,24507,1228814978
3043,24696,1228816184
3043,24696,1228816615
4086,39532,1228817103
24696,24696,1228817171
39532,39532,1228817417
14663,9977,1228818293
34509,12950,1228818428
2635,12950,1228819170
39975,39975,1228821361
1433,28647,1228821952
20654,34806,1228822047
4958,20208,1228823113
26394,16124,1228823671
34435,43005,1228823755
12950,36902,1228824023
6637,32055,1228824320
1311247,39532,1228824432
14860,36902,1228824844
23072,42303,1228825193
36902,36902,1228825212
1311247,37591,1228825404
16587,35416,1228826097
35416,35416,1228826616
42082,35416,1228826861
44065,39261,1228826955
35416,35416,1228827004
11541,11541,1228827474
23354,41385,1228827622
36388,7053,1228828052
33612,37986,1228828097
36388,7053,1228828223
19377,676066,1228828512
1310,26353,1228828842
23217,23217,1228831234
3719,3719,1228832468
41291,41543,1228834281
2788,23249,1228834852
43005,44443,1228834881
22656,41291,1228835228
5838,5838,1228835741
35416,1075,1228836719
1075,1075,1228837079
15541,11410,1228837475
5,5,1228837900
4491,4491,1228837946
31722,5,1228838678
18771,29746,1228838698
260,260,1228838864
5,5,1228839259
21038,33404,1228840175
41291,41291,1228841719
115,42070,1228842824
115,16609,1228843031
10629,44260,1228843050
1284,438025,1228843438
11995,43077,1228845543
253,253,1228846694
18771,253,1228846756
15124,9951,1228847016
20208,20208,1228847035
17516,44260,1228848157
9951,9951,1228848376
18771,39975,1228848489
33612,2220518,1228848663
253,253,1228848838
10661,2220518,1228849400
2220518,2220518,1228849725
48310,20261,1228850458
1898,44562,1228850748
42184,44562,1228850970
115,1264322,1228851865
10661,2220518,1228851952
31132,31132,1228852799
42389,42389,1228853015
7021,2536,1228853097
37020,16488,1228854311
4092,6399,1228854599
17389,23447,1228855048
2819,44002,1228855992
279,260,1228856011
21038,28146,1228857057
2035722,23447,1228857268
12349,28146,1228857558
12030,1204,1228857998
1228,1204,1228858000
1204,1204,1228858078
44330,18941,1228858388
15852,37984,1228858513
23249,23249,1228858553
44562,44562,1228859289
38206,38230,1228859571
32372,32372,1228859783
10661,12030,1228859805
39057,37984,1228859849
15393,38940,1228859863
38940,38940,1228860021
3193,38940,1228860058
7824,26463,1228860065
39259,38940,1228860159
38940,38940,1228860349
17832,44002,1228860367
43582,4893,1228860495
18995,1443363,1228861983
5640,1443363,1228861986
8446,1443363,1228862027
15069,5949,1228862354
1898,91,1228863001
36305,41508,1228863258
36305,493,1228863438
29043,23234,1228863701
14065,6403,1228863813
14065,6403,1228863881
4958,12030,1228864845
40342,38238,1228865140
16124,16124,1228865447
11765,11702,1228865588
11765,11702,1228865695
22724,24459,1228866547
1288,16511,1228866564
15416,6101,1228866693
39722,6101,1228866906
2535,33402,1228867076
39277,191,1228868046
34329,16511,1228868338
18941,18941,1228868438
39086,44636,1228868998
39702,44444,1228869395
41021,41021,1228870523
41021,230,1228870566
20984,18664,1228870603
22459,5416,1228870873
12030,12030,1228871203
2598,17,1228871233
12030,12030,1228871236
4376,298,1228871246
1862,17,1228871253
13154,17,1228871469
5640,17,1228871595
1358,18671,1228871655
17516,17,1228871799
10755,17,1228871947
16511,16511,1228872057
26414,9476,1228872172
5640,17,1228872173
1358,17,1228872203
5640,17,1228872418
1358,17,1228872448
1358,17,1228872523
6782,571,1228872555
5640,17,1228872912
1358,17,1228873233
5640,17,1228873292
1358,17,1228873465
1358,17,1228873730
5640,17,1228873946
1084,7734,1228874265
1358,17,1228874344
35364,44673,1228874511
34509,7734,1228874798
571,571,1228874866
26,38258,1228874984
33686,7734,1228875004
50,18992,1228875130
33708,44673,1228875425
2656,28686,1228875793
4086,44673,1228875961
44086,44086,1228876727
28686,28686,1228877612
33383,33383,1228877632
13005,3848,1228878115
13005,3848,1228878262
13103,24958,1228878434
3333,41968,1228879417
23234,38230,1228879430
5963,3848,1228879435
1358,41968,1228879541
38230,38230,1228879854
13913,41968,1228880011
18992,18992,1228880101
1358,41968,1228880128
18771,24958,1228880148
40,27478,1228880229
13913,41968,1228880279
13913,41968,1228880322
2009,44715,1228880327
1358,41968,1228880425
3848,3848,1228880693
42092,27478,1228881145
32136,571,1228881223
40410,16631,1228881412
15541,44707,1228881556
9977,9977,1228881643
16266,1343,1228881644
6232,571,1228881696
26004,26004,1228881856
44715,44715,1228881920
38206,44707,1228882246
4249,8946,1228882325
31136,11545,1228882343
571,571,1228882601
16457,44730,1228882695
3333,44637,1228882797
17034,38230,1228882811
3050,44637,1228882864
40410,44637,1228883041
16587,44637,1228883048
16587,44637,1228883096
14048,42229,1228883287
3654,3654,1228883394
11702,11702,1228883581
5696608,12448,1228883621
12950,34508,1228883675
11702,11702,1228883801
21196,23566,1228883889
12983,24500,1228883910
8220,36131,1228884124
39413,44721,1228884273
40410,335036,1228884636
16587,557,1228885226
3333,15625,1228885322
16587,42866,1228885389
23909,34795,1228885406
1968,36131,1228886064
35364,31325,1228887961
4937,10333,1228888056
31325,31325,1228888336
12943,36131,1228888348
5314,41360,1228888903
34502,685,1228888911
10661,1666,1228889213
10661,36131,1228889378
1438,31325,1228889471
1358,435182,1228889473
40347,44769,1228889511
37494,44701,1228889525
41360,41360,1228889696
5963,13422,1228890166
28074,42911,1228890324
36131,36131,1228890460
13257,13422,1228890598
4435,2754,1228891077
43260,36131,1228891528
35322,2754,1228891567
18196,41625,1228891633
35322,2754,1228891691
9345,36131,1228891845
44721,44721,1228891863
36131,36131,1228892393
20267,39385,1228893162
4435,27423,1228893333
9345,36131,1228893535
11606,4065,1228893766
10661,36131,1228894036
28074,42911,1228895083
92,36131,1228895702
34509,36182,1228895766
39992,36182,1228895815
25188,44511,1228895899
44511,44511,1228895950
5314,41360,1228896576
462,21838,1228897234
39385,39385,1228897315
21838,21838,1228898366
42911,42911,1228898587
279,12030,1228899792
27020,31109,1228899846
34509,13422,1228899985
34509,13422,1228900038
6694,36182,1228900437
13422,13422,1228900783
1438,22979,1228900977
34509,31325,1228901323
22979,38349,1228902505
30280,32484,1228902694
10755,17,1228902898
488,14540,1228903863
34795,34795,1228903875
16587,44815,1228904686
16587,1358,1228904928
23234,44810,1228905020
38349,38349,1228905328
23072,23249,1228906130
28832,27478,1228908534
41624,267,1228911507
38803,35852,1228912242
31325,31325,1228912304
14065,13676,1228914807
1786,2168,1228915836
18265,2168,1228916693
8155,18255,1228917127
23283,22621,1228917429
2788,42070,1228918076
4958,24064,1228918999
43980,43980,1228919449
3713,24064,1228919473
43980,43980,1228919511
39781,32096,1228919592
40657,42070,1228920000
18771,3654,1228920092
43980,43980,1228920234
42070,42070,1228920340
14860,24064,1228920740
14860,1343,1228921539
1343,1343,1228922803
1343,1343,1228923133
298,298,1228924088
41360,41360,1228924981
22656,34642,1228925707
22656,34642,1228925779
23339,31325,1228926052
42083,4653,1228926191
689,5232,1228926806
267,267,1228927218
939,939,1228927231
22656,939,1228927413
22076,22076,1228927723
939,939,1228927790
22656,939,1228929832
6651,9498,1228930051
939,939,1228930265
6309,34642,1228932751
1898,44562,1228933295
14663,40214,1228933297
12870,15124,1228934109
38803,22946,1228934528
4549416,11956,1228934724
15124,15124,1228934771
22946,22946,1228934927
6910,38911,1228935189
31136,11911,1228935949
10661,21537,1228936030
11911,11911,1228936148
31985,1074,1228937282
4727,259,1228937812
11956,11956,1228938565
3496,40214,1228938746
17516,9394,1228939384
34989,34989,1228940541
16587,33468,1228941073
16391,1246613,1228942027
18651,33468,1228942070
5949,5949,1228942363
43596,43596,1228942737
12862,19799,1228942778
2635,43596,1228942960
2635,31325,1228943207
16391,11208,1228943378
33468,33468,1228943699
36388,11208,1228944094
15533,44914,1228944710
29068,11206,1228945786
1853,5302,1228945880
14167,44988,1228946181
1738,10007,1228946300
18192,44988,1228946342
40342,43596,1228946635
188,44988,1228946757
188,44988,1228946797
38072,24416,1228947561
19276,8946,1228947901
5640,23855,1228947987
9951,1246613,1228948087
13018,23855,1228948144
29,23855,1228948275
10897,23855,1228948292
23855,23855,1228948295
24416,24416,1228948325
39263,44330,1228948382
7714,12950,1228948424
38072,24416,1228948657
40410,44330,1228948692
16524,8207,1228948764
3333,44330,1228948802
38072,24416,1228948830
44065,39677,1228949296
13913,7734,1228949322
23249,23249,1228949542
42147,44330,1228949741
914,44894,1228950653
38349,38349,1228950997
39057,7734,1228951338
3333,45029,1228952165
2424,23855,1228952403
1358,1358,1228952870
39677,39677,1228953019
2199,576,1228953423
149,44084,1228953614
7264,45043,1228954015
44084,44084,1228954227
576,576,1228954270
4092,33690,1228955423
1975282,9132,1228955948
16391,33690,1228956011
3333,35416,1228956368
12950,12950,1228956997
31765,18625,1228957246
3333,1246613,1228957375
3333,1246613,1228958574
40516,1116,1228958817
3394,2250286,1228958959
35116,18149,1228959456
26160,1116,1228959530
5696608,6898,1228959649
1037,16868,1228960028
39057,35416,1228960166
39057,35416,1228960297
20984,18664,1228960856
11206,11206,1228961099
18771,44685,1228961202
1980,1246613,1228961209
15689,45073,1228961489
13430,238948,1228962790
35116,238948,1228962880
33213,658,1228963412
238948,238948,1228964606
11765,11702,1228964703
1790,30544,1228965008
10972,23574,1228965311
15168,2064,1228965549
41363,28954,1228965765
1666,23072,1228965938
1786,45,1228967781
3333,543,1228968069
19276,28954,1228968128
12862,45,1228968238
20860,9940,1228968341
12862,45108,1228968483
33708,45,1228968675
16592,32142,1228968718
1228,45108,1228968808
9940,9940,1228968810
1358,5056,1228969012
15852,9940,1228969057
3043,5056,1228969099
3474,32142,1228969178
2362,32142,1228969278
5056,5056,1228969353
26160,5056,1228969360
6742,9940,1228969481
15055,15055,1228969940
3853,43596,1228970036
33686,33061,1228970160
35116,39980,1228970338
9530,543,1228970493
39980,39980,1228970588
9611,39339,1228970790
35116,7648,1228970904
5,5,1228971240
8709,28714,1228971535
8209,42848,1228972433
9940,9940,1228972658
3354,39980,1228972715
3043,39980,1228972915
9940,9940,1228972975
40342,43596,1228973117
38317,28647,1228973149
18213,45012,1228973180
28714,28714,1228973309
15721,13477,1228973507
10661,2041708,1228973528
43029,30544,1228974185
19479,30741,1228974734
506,10420,1228975069
9922,10420,1228975453
29995,21832,1228975797
45043,45043,1228976098
28074,42911,1228976137
40342,44354,1228976605
44354,44354,1228976893
40342,3045,1228977279
7363,44354,1228977312
2788,2536,1228977322
44743,45139,1228977359
1057,44354,1228977404
10661,3045,1228977602
3045,3045,1228977672
4234,4234,1228977759
10661,3045,1228977760
6440,22848,1228978602
10420,10420,1228978605
26334,40714,1228978634
1358,14409,1228978710
14409,14409,1228978973
44354,44354,1228979077
1358,14409,1228979092
14409,14409,1228979167
4435,44354,1228979955
1358,44354,1228980029
35116,14101,1228980039
115,44354,1228980104
31641,31641,1228980188
6440,22848,1228980248
6440,22848,1228980279
26334,1311500,1228980733
23829,37472,1228980882
27637,45174,1228981752
36131,36131,1228982587
36131,36131,1228982635
40714,40714,1228982900
12943,45174,1228983749
27637,23667,1228983879
23667,23667,1228983966
23667,23667,1228983996
20654,32142,1228984546
27204,571,1228984920
10396,4397,1228985595
16587,19802,1228986436
2197,21677,1228987652
39992,21677,1228988735
39057,45160,1228988929
39057,31641,1228989650
10708,45174,1228991774
1862,1737,1228992191
44065,8946,1228995725
38803,32232,1228995964
5618,16587,1228996232
6335,6335,1228998328
12950,6335,1228999550
3354,43005,1228999749
6335,6335,1228999769
13430,28954,1229002692
13430,28954,1229002911
13430,28954,1229003126
13430,28954,1229003165
29182,29182,1229005165
33612,11666,1229006336
33612,11666,1229006443
31641,31641,1229007424
31641,31641,1229007512
15323,10774,1229009917
1,26130,1229010171
1892,1892,1229010878
40516,45260,1229011777
22656,45260,1229012243
43427,40882,1229012327
32168,23855,1229012858
20074,41977,1229012928
37267,9774,1229015267
3850,3045,1229017672
41977,41977,1229017678
9774,9774,1229018328
9987,2554,1229019275
13018,32313,1229020859
1695,32313,1229021328
15541,2079,1229021418
42303,17337,1229021499
21038,41291,1229021630
18471,41291,1229021649
2079,2079,1229021790
1199,1246613,1229022511
16597,1246613,1229022766
16587,16587,1229022839
2385,41291,1229022840
16587,45280,1229023008
16587,16587,1229023764
3333,1246613,1229025202
20553,274,1229025357
18575,12875,1229025483
7903,44532,1229026179
39722,44532,1229026218
4685,29519,1229026754
18771,38807,1229027704
12950,29519,1229027826
425,29519,1229027871
15541,1740,1229028143
33708,1740,1229028334
23855,23855,1229028900
1740,1740,1229029543
1228,42848,1229029921
15323,9876,1229030321
25333,45327,1229030897
6694,258,1229031150
258,258,1229031399
18233,33429,1229031468
188,258,1229031768
45280,45280,1229031876
16076,33093,1229031938
24126,33093,1229031987
18149,18149,1229032138
29,6399,1229032446
18651,9345,1229033257
3850,18648,1229033418
45327,45327,1229033986
3043,17440,1229034038
410,21499,1229035507
3850,3045,1229035923
39263,21499,1229036037
4893,9941,1229036182
13435,6583,1229036319
22224,1246613,1229036329
27929,21499,1229036422
9530,38940,1229036519
38940,38940,1229036612
999,38940,1229036720
16587,17440,1229036799
33006,5343,1229036819
16587,6335,1229036916
9941,9941,1229037282
6309,42448,1229037585
3333,1246613,1229037605
31615,8741,1229037734
5343,5343,1229037972
4685,29519,1229038036
4685,29519,1229038154
31615,41104,1229038510
31615,41104,1229038630
1358,38807,1229038661
42448,42448,1229038665
1942,26809,1229038704
24396,33510,1229039108
6309,42448,1229039524
7565,45,1229039553
45,45,1229039693
1288,6583,1229040229
1358,33510,1229040616
22114,42272,1229040734
42272,42272,1229040885
23191,33604,1229041263
9021,1246613,1229041430
35197,40975,1229041501
12226,8047,1229041578
2424,23855,1229041652
9021,1246613,1229041970
9021,1246613,1229042007
987,12597,1229042501
16587,45,1229042549
45139,45139,1229043013
32632,11236,1229043038
45,45,1229043101
40256,20128,1229043133
8446,32670,1229043367
20128,20128,1229043379
9345,9345,1229043562
44330,12862,1229043565
40256,20128,1229043593
20128,20128,1229043788
24718,3408,1229043812
38140,3408,1229043912
4958,18941,1229044363
9345,45327,1229044371
11765,42010,1229044500
41360,45389,1229044527
13495,1521,1229044751
22114,1354,1229044831
18747,4264,1229045439
20860,4264,1229045450
33686,33061,1229045926
25222,33061,1229045985
20128,20128,1229046789
419,6504,1229046801
4435,4903,1229047121
4903,4903,1229047382
10585,39086,1229047968
9345,36131,1229048166
37147,1246613,1229048221
37147,1246613,1229048360
1354,1354,1229049052
22704,45441,1229049243
25664,25664,1229050680
5420,16082,1229050784
13913,25664,1229051266
21038,42518,1229051460
24639,6583,1229051724
7565,25664,1229051833
16082,16082,1229052136
16082,16082,1229052340
4997,17560,1229052741
25664,25664,1229052924
18941,42518,1229053997
23840,3045,1229054289
4997,17560,1229054553
28298,28298,1229054571
18061,28298,1229054645
31641,45260,1229055206
9345,6335,1229055352
2183,2183,1229056513
16834,10420,1229057009
39057,2648,1229057330
13430,33061,1229058372
45151,45151,1229058537
18771,1664,1229058619
5640,12597,1229058690
10585,1664,1229058785
45084,18405,1229058857
1037,28298,1229058913
18771,1664,1229059322
1664,1664,1229059428
44639,44639,1229059518
18771,1664,1229059599
12597,12597,1229059693
21038,45151,1229059711
3619,5314,1229059755
5640,12597,1229059766
45151,45151,1229060041
17131,1664,1229060049
31641,1664,1229060281
1664,1664,1229060380
8745,44004,1229060416
6268,6268,1229060510
18771,1664,1229060722
3625,3625,1229060788
12579,3625,1229060837
1343,22676,1229061091
5420,16082,1229061291
5640,13913,1229061446
19802,19802,1229061499
30018,23667,1229061536
41165,23667,1229061577
23667,23667,1229061647
23667,23667,1229061694
3625,3625,1229061733
3043,23667,1229061877
31641,1664,1229061943
91,13913,1229061992
5640,13913,1229062109
18771,1664,1229062343
23691,2648,1229062525
23667,23667,1229062910
42439,39980,1229062911
2635,23667,1229062964
13913,13913,1229062979
23667,23667,1229063197
5640,13913,1229063415
2635,23667,1229063616
23667,23667,1229063937
1786,23502,1229063964
2635,7949,1229064328
462,7949,1229064399
7264,24126,1229065052
24126,24126,1229065181
7949,7949,1229065406
14606,45365,1229066156
19712,44973,1229066461
16587,42987,1229066524
42987,42987,1229066610
31641,1664,1229066987
44065,38803,1229067007
4435,42987,1229067384
1438,30105,1229068613
44743,22225,1229069119
22225,22225,1229069225
19512,21838,1229069600
21838,21838,1229070016
16587,21838,1229070423
1942,13913,1229070732
16587,21838,1229070767
18405,18405,1229070841
26327,3811,1229071035
8542,10420,1229071410
22033,21918,1229071859
3811,3811,1229072848
31624,9140,1229074925
10661,18393,1229076031
1862,18393,1229076238
12983,42484,1229077039
426,426,1229077077
426,426,1229077145
39992,18393,1229077225
10661,18393,1229077389
35806,10629,1229078730
691,15985,1229079426
34502,9611,1229079555
9611,9611,1229080235
44230,44230,1229080281
6386,9611,1229080536
37881,40538,1229080751
7264,40538,1229080837
36388,41871,1229083486
37881,24507,1229083595
41871,41871,1229083923
40650,14841,1229084519
28974,24165,1229084530
10629,10629,1229084550
26160,8873,1229084997
8873,8873,1229085120
24507,24507,1229085502
26160,8873,1229085730
26160,8873,1229085833
8873,8873,1229087170
26160,8873,1229087912
26160,44973,1229088399
44532,38038,1229090539
38038,38038,1229091135
36986,23903,1229091215
22452,45599,1229091845
22452,45599,1229091887
33213,1682,1229092139
40657,40657,1229092966
18771,24457,1229093207
18771,24457,1229093258
30587,30587,1229093263
18771,38124,1229094548
9784,426,1229094767
9784,426,1229094950
18771,8873,1229094994
18265,40538,1229095036
23574,45255,1229095212
2727,6508,1229095943
4172,14128,1229096170
4285,45614,1229096274
10784,23667,1229096537
22452,45622,1229096794
22656,7722,1229096875
24064,45624,1229096935
33708,45620,1229097166
38426,45624,1229097194
45620,45620,1229098035
4264,4264,1229098760
7498,18657,1229099817
11830,18722,1229100179
42083,45645,1229101856
41291,41291,1229101981
38206,45645,1229102022
24457,24457,1229102655
15985,15985,1229103070
42083,36076,1229103250
22656,40676,1229103869
25745,25745,1229104181
40676,40676,1229104563
17516,5746,1229104851
44991,5746,1229104934
3712,9382,1229105604
41304,41304,1229106059
3023,9276,1229106466
45599,45599,1229106597
20971,20971,1229106805
45599,45599,1229106819
23420,23420,1229107566
18722,18722,1229108193
31486,25745,1229108425
20553,45645,1229110376
7722,7722,1229110676
16587,676066,1229111411
11529,10007,1229111643
24165,24165,1229112300
18771,1664,1229112432
20007,42518,1229112757
20007,2877,1229113087
16391,16989,1229115335
2385,832,1229115985
3850,10420,1229116423
13018,2614,1229116489
42518,42518,1229118051
2820,23368,1229118716
15622,38106,1229119085
4958,1941213,1229119491
38106,38106,1229119697
11828,38106,1229119737
38106,38106,1229119803
417292,5,1229120230
22704,3458,1229120273
4249,4993,1229120611
10661,5978,1229120721
3333,19734,1229120758
1446,1446,1229121766
22076,1388553,1229122352
106,10574,1229122538
8873,8873,1229122879
17712,23977,1229122896
1353085,45711,1229123082
13913,1388553,1229123393
1695,19734,1229123435
2766176,14744,1229123499
15393,6898,1229123629
15689,38038,1229123808
26479,5802,1229123983
13018,45711,1229123996
4727,14744,1229124011
4281,23368,1229124015
304,21005,1229124381
34644,34644,1229124526
21005,21005,1229124708
15541,1316,1229125050
9122,14455,1229125383
42040,8873,1229125435
9345,1446,1229125556
1942,13913,1229125790
21499,19734,1229125916
1316,1316,1229125964
9345,45452,1229126238
4068,461880,1229126599
39552,45365,1229127334
31765,4398,1229127372
42188,34395,1229127381
8479,4398,1229127771
12597,12597,1229128133
18771,34395,1229128474
1446,1446,1229128527
16391,28717,1229128574
10771,1388553,1229128748
9784,1765,1229128832
36305,29568,1229128834
16082,16082,1229129372
23249,11541,1229129522
7516,34644,1229129551
15459,11541,1229129597
7565,2041,1229129606
23249,11541,1229129682
34644,34644,1229129757
22303,42987,1229130023
31765,11541,1229130254
50718,1246613,1229130323
19746,2542,1229130544
18941,497,1229130710
31765,11541,1229130910
18941,497,1229131024
19762,1975,1229131483
4279,45755,1229132438
4279,45755,1229132818
31641,2915,1229132940
26334,5343,1229133256
31641,2915,1229133290
44065,34644,1229134168
8360,15420,1229134171
44743,15420,1229134184
15420,15420,1229134263
15420,15420,1229134329
1765,1765,1229134852
34644,34644,1229135604
6144,42010,1229135768
37311,32196,1229135781
13422,34644,1229136336
14461,18941,1229136344
832,832,1229136481
2766176,14744,1229136523
34644,34644,1229136585
34502,13154,1229136954
37494,37494,1229137017
16834,41625,1229137489
42439,16163,1229137597
31641,24126,1229137630
42439,37494,1229138237
45109,29595,1229138859
18771,268,1229139075
34644,45814,1229139199
14606,32484,1229139234
14606,45814,1229139415
91,7399,1229139609
34644,45814,1229139657
13279,44852,1229140264
255,32914,1229140374
23574,38997,1229141399
38206,38997,1229141432
7399,7399,1229141486
44852,44852,1229141636
15459,29568,1229142004
6148,45425,1229142006
45109,10350,1229143037
40347,1946,1229143283
32168,23855,1229143832
1946,1946,1229143841
37494,470,1229143855
40347,1946,1229143860
10350,10350,1229144057
1946,1946,1229144069
39975,45824,1229144292
21632,45614,1229144466
21196,39189,1229145004
34502,39189,1229145008
34509,39189,1229145079
470,470,1229145749
33732,39160,1229146460
22303,28647,1229146473
3043,34502,1229146735
1228,34502,1229147095
4525,41508,1229147498
34502,3153,1229147875
1438,18651,1229148088
3153,3153,1229148279
10661,18651,1229148674
18651,18651,1229148941
15459,38695,1229149331
10661,18651,1229149389
5190,15608,1229149423
791,278,1229149448
10661,11481,1229149511
10661,11481,1229149772
5190,18651,1229149777
3140,38695,1229150039
9254,2910,1229150417
1834,44084,1229150761
29407,44938,1229151621
40342,19734,1229151786
51292,23072,1229152272
32914,32914,1229152698
27204,115,1229152935
31641,2362,1229153007
40342,23072,1229153205
23072,23072,1229153512
40342,23072,1229153669
31641,42219,1229153859
4435,42219,1229154061
2766176,45614,1229154063
2362,2362,1229154074
6309,45856,1229154091
42219,42219,1229154182
22674,4376,1229155860
8954,45759,1229155911
23072,4653,1229156098
1975,1574,1229156553
35092,18651,1229156869
106,19165,1229157375
92,42845,1229157552
9787,31132,1229157822
6198,409,1229158951
12570,440177,1229159228
9784,1765,1229160665
7565,19444,1229162442
13005,44808,1229163773
10875,2877,1229164074
426,426,1229166347
35935,5218,1229167487
35935,5218,1229167569
188,44133,1229169207
35935,12570,1229169429
35935,12570,1229169929
2635,20712,1229170610
14860,30546,1229171128
18651,18651,1229171632
44852,30546,1229172265
14461,24126,1229173642
15882,45921,1229173856
61,42782,1229184310
19165,19165,1229184571
4279,38106,1229185647
38106,38106,1229185825
611,42782,1229188095
14860,23977,1229196681
44084,45960,1229198775
19444,19444,1229199486
36131,36131,1229203539
15985,15985,1229206385
34509,38515,1229207749
21826,3043,1229208446
268,268,1229208956
38515,38515,1229211386
14606,38515,1229211755
14606,38515,1229211812
4285,7927,1229212492
34509,38515,1229212675
34509,38515,1229212714
17595,17595,1229213976
6932,17595,1229214379
25222,45530,1229214555
770,27126,1229215622
10559,18811,1229216465
37771,620435,1229217755
42223,42223,1229217972
23691,620435,1229218404
25222,45875,1229218797
25210,620435,1229218824
620435,620435,1229219662
33213,45956,1229219727
24106,1430,1229219838
714,38953,1229220521
23126,23126,1229220945
40410,23126,1229221072
23126,23126,1229221176
40410,23126,1229221372
23126,23126,1229221559
40410,23126,1229221746
33213,38515,1229221850
1311500,1311500,1229221960
23691,23126,1229222194
23126,23126,1229222460
3043,3043,1229223144
3848,17337,1229223574
41360,23126,1229223863
23126,23126,1229226524
2635,38515,1229227244
34509,23126,1229227722
33732,5232,1229228658
36182,36182,1229228747
32303,32303,1229229009
43981,45974,1229229669
45875,45875,1229230260
45875,45875,1229230307
45875,45875,1229230358
45875,45875,1229230420
18651,12818,1229233174
46022,46022,1229234541
23072,21005,1229235131
39702,44996,1229235216
23072,21005,1229235389
41661,36902,1229235505
37771,44996,1229235746
10629,26107,1229235749
23574,44004,1229235847
33213,33015,1229237607
1891,25632,1229239082
18484,44354,1229239970
25222,25632,1229239981
31641,12897,1229240162
44354,44354,1229240211
2173,29849,1229240583
37771,40322,1229241533
45759,45759,1229242389
40322,40322,1229242927
31582,15055,1229243124
15055,15055,1229243273
21677,7407,1229243571
10585,15055,1229243950
31582,15055,1229244082
10585,15055,1229244156
15055,15055,1229244191
36866,15055,1229244428
6920,30176,1229245945
214,146637,1229246676
370,1892,1229254549
18484,44354,1229257364
33732,1892,1229257372
30176,30176,1229257538
27727,1198507,1229258737
3474,46077,1229261506
36866,10651,1229261839
36866,10651,1229262117
3850,46077,1229262252
36866,10651,1229262319
10651,10651,1229262611
5314,45429,1229263838
36866,10651,1229264155
44873,45429,1229266396
45429,45429,1229266633
15625,45284,1229276091
19734,10960,1229279638
19254,44996,1229280966
51518,51518,1229284863
44532,44532,1229285687
13118,12570,1229285770
4279,2386,1229288691
31615,35197,1229290333
15497,38265,1229291666
14048,235442,1229294375
1200558,235442,1229295024
28574,45327,1229295521
31615,36057,1229297354
17516,1446,1229298181
38426,35197,1229298358
4725,4993,1229301480
8047,26331,1229301613
37539,10862,1229302869
34509,11208,1229305165
31615,21209,1229305168
44065,4085,1229306742
16587,235442,1229307033
1311500,38963,1229307217
27009,9707,1229309815
4085,4085,1229310912
13302,13302,1229311559
5720,45518,1229311646
35116,46178,1229311811
44084,25068,1229312220
36305,2892,1229312538
38265,38265,1229315453
10862,10862,1229316157
41661,13820,1229316239
25222,13009,1229316318
37601,30176,1229318545
3043,3043,1229320897
37020,25068,1229321992
893,39106,1229321994
39106,39106,1229322087
893,39106,1229322239
4958,13820,1229322919
39106,39106,1229323485
39702,6461,1229324092
34910,26334,1229324149
40058,26334,1229324258
11289,28421,1229325779
31624,39106,1229330398
7565,235442,1229330635
24718,40195,1229333279
6335,1602746,1229334202
44534,5232,1229334874
36866,4958,1229334990
1602746,1602746,1229335003
13009,13009,1229335828
41111,45652,1229337548
40822,8479,1229337936
45652,45652,1229337993
28558,28558,1229339450
26721,39781,1229342214
6832,28421,1229342825
9345,32998,1229347344
40195,40195,1229348552
17360,46267,1229351227
45956,45956,1229351421
23574,46267,1229352135
11995,2542,1229352925
22656,46267,1229352969
23574,46267,1229353631
14065,22076,1229353821
22076,22076,1229354646
42891,22076,1229354690
38207,9789,1229355575
13430,22076,1229355876
39106,39106,1229355920
33732,22076,1229356059
18941,18651,1229356186
5232,5232,1229356187
13430,22076,1229356192
13430,22076,1229357129
42891,22076,1229357641
22656,46267,1229357927
14065,22076,1229359618
31580,38997,1229359904
23283,38997,1229359994
38206,38997,1229360410
45734,45734,1229360566
259,259,1229361099
15459,2648,1229361375
6899,41718,1229361988
32809,43005,1229362083
2090,1143,1229362457
39106,44260,1229362562
893,21709,1229362639
43005,43005,1229362905
43005,43005,1229362958
14444,43005,1229363534
38426,46316,1229364829
32037,46316,1229365725
18061,46316,1229365839
23691,46270,1229366081
3850,1246613,1229367971
1695,3497,1229368336
18797,44532,1229368924
41116,44532,1229369116
3850,1246613,1229369197
44532,44532,1229369241
15667,45624,1229369567
32413,32413,1229369747
44532,45624,1229370142
13005,19491,1229370195
3831,3831,1229370535
1695,3497,1229370629
44606,6851,1229370703
9789,9789,1229370727
31615,3831,1229370854
6851,6851,1229372425
3497,3497,1229373125
3850,1246613,1229373517
6932,29182,1229374163
43582,1246613,1229374990
18771,15055,1229375115
1228,4224,1229375884
16143,26155,1229375955
3458,46357,1229376483
36866,15055,1229377180
45109,39643,1229377257
11808,39643,1229377278
46357,46357,1229377339
39643,39643,1229377644
39643,39643,1229377680
1228,22621,1229378039
26155,26155,1229378219
11808,1311500,1229378718
11649,8280,1229378869
18771,15055,1229378923
36866,15055,1229379077
36866,16391,1229379433
36866,16391,1229379504
36866,16391,1229379661
22621,22621,1229379747
2977,14979,1229379749
18771,21692,1229379957
18192,41968,1229380662
4249,29182,1229380735
31762,43960,1229380790
43960,43960,1229381009
5640,43960,1229381792
44354,44354,1229382150
42404,7188,1229382314
14540,14540,1229382502
1228,22621,1229382632
1942,31751,1229382701
15667,267,1229382713
2598,1356709,1229382869
43582,1356709,1229382950
40322,43960,1229383360
31136,1356709,1229383915
8027,25237,1229384021
5640,43960,1229384058
12744,25237,1229384063
15168,15109,1229384239
5696608,23695,1229384273
8954,25237,1229384414
12458,24898,1229384466
14444,267,1229384624
7565,25237,1229385110
2197,15459,1229385257
7565,25237,1229385282
7714,25237,1229385347
3993,40352,1229385630
3635,3635,1229385678
45645,45645,1229385698
40352,40352,1229386788
34509,21711,1229387118
15459,15459,1229387428
12597,12597,1229387776
115,115,1229388097
23667,39677,1229388192
38426,25538,1229388228
43981,32240,1229388356
25538,25538,1229388514
18771,39677,1229388974
33213,20986,1229389259
14444,267,1229389289
23695,23695,1229389448
45109,4435,1229389681
28006,32055,1229389844
39677,39677,1229389878
37494,45043,1229390186
16997,620435,1229390247
39677,39677,1229390312
5618,620435,1229390556
620435,620435,1229391103
2973,620435,1229391254
45109,13704,1229391442
29,13704,1229391443
267,267,1229392216
10661,31762,1229392733
6461,31762,1229392823
9209,20971,1229392856
19627,19627,1229392983
42083,31762,1229393448
14065,18909,1229394797
4376,40352,1229395092
1391,5789,1229395354
16391,46440,1229395525
13279,5789,1229395857
45109,13954,1229395908
4376,4376,1229396030
23283,21704,1229396186
24396,26334,1229396570
2636656,2636656,1229396577
20109,10461,1229396685
26334,26334,1229396773
36924,36924,1229396996
25457,5975,1229397108
9345,33468,1229397421
42188,44440,1229397516
9345,36924,1229397790
8015,1356709,1229397826
16942,40939,1229397975
24333,16951,1229398165
4725,1356709,1229398494
18160,1412,1229398775
21838,1356709,1229399056
41968,1343,1229399149
15880,1356709,1229399517
6144,4926,1229399621
13018,36924,1229399919
16587,1358,1229400028
2915,2915,1229400046
3043,6367,1229400059
6144,2849,1229400224
13913,1343,1229400336
10593,46407,1229400386
1343,1343,1229400873
21704,21704,1229400878
31615,41807,1229401222
32238,5203,1229401595
27423,40939,1229401764
5203,5203,1229401849
33863,19627,1229402182
20774,32174,1229402449
23249,24545,1229402530
15055,15055,1229402719
46440,46440,1229402789
19276,24545,1229402857
13531,38973,1229403383
1200558,235442,1229403520
3259,41807,1229403567
13018,46462,1229403819
14979,14979,1229404481
9974,34161,1229405023
1358,1358,1229405239
31615,1311500,1229405289
28149,45956,1229406609
18771,43980,1229407149
3333,51518,1229407418
16587,42404,1229408466
19258,4066,1229408877
42404,42404,1229408951
6309,5241,1229410034
24545,24545,1229410121
15721,4898,1229410161
15721,3208,1229410321
3208,3208,1229410583
1343,2167252,1229410849
71,10420,1229411221
14606,31641,1229411382
4435,10420,1229412088
1075,40175,1229412500
23705,2167252,1229412927
6144,43005,1229413073
46462,46462,1229414194
1288,46387,1229414221
29638,42564,1229414748
5171,15459,1229414964
31641,46462,1229415112
31641,46449,1229415423
13103,10102,1229415474
9345,32914,1229415883
6335,32914,1229416046
32914,32914,1229416112
6932,42564,1229416138
10102,10102,1229416361
6335,32914,1229416468
31641,39138,1229418066
1612,17712,1229418325
14069,18909,1229419376
25732,672,1229419778
3625,1246613,1229420556
5987,14022,1229421302
10420,10420,1229421653
4418,29703,1229421851
39138,39138,1229422051
112,29703,1229422213
29182,29182,1229423018
29182,29182,1229423648
3333,51518,1229423703
42769,43144,1229424095
205,32914,1229425174
205,32914,1229425211
714,31762,1229425841
714,31762,1229425916
36866,21786,1229425977
6144,21786,1229426269
12711,14587,1229426923
21786,21786,1229428202
16587,676066,1229428551
25222,14587,1229429159
12711,14587,1229429421
36866,21786,1229430307
32914,32914,1229430649
20654,23249,1229430735
20654,23249,1229430879
44743,46183,1229431227
25222,14587,1229432583
1244013,36682,1229432834
27727,20894,1229433167
1894,19756,1229437036
6335,44852,1229437328
18174,17447,1229437795
17447,17447,1229438010
17266,17447,1229438474
17447,17447,1229439345
13724,40667,1229440117
44852,44852,1229442781
45956,45956,1229443043
23354,30674,1229443236
34509,11256,1229443951
1311500,1311500,1229445010
30674,30674,1229445724
21709,44984,1229445888
18771,35425,1229446010
17389,43960,1229446884
32055,32055,1229447269
37599,35425,1229447841
44541,46583,1229447959
46588,46588,1229449756
1695,46588,1229450214
4285,46583,1229450334
46588,46588,1229450387
22656,46594,1229450946
21709,22471,1229451293
18771,39677,1229451471
40347,46607,1229451560
2635,46607,1229451891
44532,46565,1229453574
43886,43886,1229453629
18061,46565,1229453659
11388,43886,1229453785
255,17560,1229454011
21734,14744,1229454298
22114,31762,1229455053
30297,18722,1229455174
18722,18722,1229456478
2635,14744,1229457207
15459,15459,1229457453
8954,14744,1229457664
2635,41968,1229457817
10703,42968,1229457847
2635,2959,1229457955
43981,33165,1229458371
15459,26107,1229458640
7498,1246613,1229458693
18771,38241,1229458770
7498,1246613,1229459655
21632,430254,1229459991
430254,430254,1229460334
7498,1246613,1229460390
1353085,30787,1229460574
16143,26107,1229460791
46643,46643,1229461075
23249,23249,1229461554
21709,38241,1229461620
16587,23427,1229461912
31615,7053,1229461995
14337,15622,1229462020
30674,1147,1229463002
1942,38940,1229463812
38940,38940,1229463977
3333,25152,1229464580
33185,3834,1229464698
3834,3834,1229464783
36866,46665,1229464817
3333,25152,1229464851
36866,46665,1229464860
39892,25152,1229464911
12744,25237,1229464977
4725,8946,1229465061
46462,46462,1229465179
3333,3834,1229465235
12367,1768,1229465609
1768,1768,1229465684
40002,3834,1229465813
4224,4224,1229466075
13913,3834,1229466304
10661,8027,1229466490
28169,40002,1229466550
23427,23427,1229466775
8027,8027,1229466790
8027,8027,1229466857
10661,8027,1229466925
14441,3834,1229466985
8027,8027,1229467056
8027,8027,1229467119
40002,3834,1229467181
7094,42229,1229467309
6568,42229,1229467338
35425,35425,1229467409
18747,42229,1229467602
8027,8027,1229467637
42229,42229,1229467949
15625,8027,1229468528
8446,18853,1229468707
18747,42229,1229468978
10661,8027,1229469008
3055,23427,1229469073
3043,7021,1229469144
8027,8027,1229469408
8027,8027,1229469456
15416,23427,1229469663
42229,42229,1229469799
14065,22076,1229470132
3045,3045,1229470652
3055,11410,1229470659
6309,28683,1229470887
45364,48015,1229471096
16587,23427,1229471361
48015,48015,1229471482
36866,21786,1229471689
4249,18103,1229472031
40657,1246613,1229472196
1288,26140,1229472232
2666,45762,1229472251
3474,24054,1229472348
20553,21838,1229472816
35,46716,1229472829
12870,46716,1229472908
35,46716,1229472946
12870,46716,1229473083
45762,45762,1229473097
4435,46716,1229473409
35322,8167,1229473443
12870,46716,1229473622
18103,46695,1229473773
16587,46716,1229473810
4435,46716,1229473907
15168,48015,1229474093
15168,48015,1229474221
40650,46716,1229474347
23354,3820,1229474571
7583,3413,1229475512
41591,14744,1229475769
7583,3413,1229476130
39892,8404,1229476807
7565,36590,1229476947
13724,12950,1229476957
14048,2470,1229477362
46702,46702,1229477752
1443363,1443363,1229478017
16587,1443363,1229478068
26160,42588,1229478178
21838,21838,1229478425
1384652,1384652,1229478656
45327,45327,1229478955
12624,29683,1229479016
419,36590,1229479073
3043,1443363,1229479130
42588,42588,1229479635
36305,886,1229480131
4279,1384652,1229480164
21755,3764,1229480165
19802,19802,1229480253
8899,46145,1229480748
1384652,1384652,1229481133
56,5791,1229481915
17832,18103,1229482919
6932,5486,1229483023
4249,7453,1229483174
18103,18103,1229483231
8946,8946,1229484517
31641,46482,1229484596
15861,44004,1229484992
10755,44004,1229485034
35,38967,1229485852
34509,7734,1229486305
8611,46583,1229486445
34509,7734,1229486469
1834,45648,1229486806
17832,18103,1229487609
12744,34888,1229487848
41116,4937,1229487979
44004,44004,1229488068
1358,3696,1229488256
3696,3696,1229488309
44004,44004,1229488330
39057,30181,1229489097
23072,23105,1229489256
35,45261,1229489814
45261,45261,1229489979
31624,7565,1229490199
3333,341642,1229490365
1204,29726,1229490679
1084,39189,1229490832
14114,39189,1229490855
1084,39189,1229490900
24396,43994,1229491179
21849,2200391,1229491290
8681,13267,1229491531
43994,43994,1229492530
10755,46832,1229492593
15541,2975,1229492616
18061,2605,1229493039
10755,2605,1229493098
3797,3797,1229493921
44698,44698,1229493980
7583,14537,1229494028
37843,4257,1229494464
27907,3797,1229494592
14537,14537,1229494633
3797,3797,1229494783
2766176,1246613,1229494886
20654,8946,1229496117
20860,4257,1229496266
8209,46739,1229496280
46739,46739,1229496474
14744,14744,1229497027
14337,7927,1229497062
14744,14744,1229497233
46739,46739,1229497356
39413,46540,1229497411
14065,2605,1229497678
3764,3764,1229497951
26334,26334,1229498366
21838,11898,1229498848
9530,11898,1229498960
11898,11898,1229499006
1595,46827,1229500058
46827,46827,1229500115
34509,5274,1229500172
18941,46607,1229500769
1030,46869,1229501823
893,32933,1229502081
3225,16883,1229502232
31615,745,1229502444
13422,23120,1229502954
2788,39973,1229503542
4279,32933,1229503725
45615,39973,1229503774
28776,16883,1229504620
45410,16883,1229504631
40310,14955,1229504813
32933,32933,1229505192
15124,1175,1229505371
14444,267,1229505435
4279,32933,1229506066
13103,46827,1229506257
44133,4737,1229506863
1796,45,1229507597
27016,30176,1229508604
20654,29903,1229508637
37601,30176,1229508806
30176,30176,1229508941
29903,29903,1229509154
8946,8946,1229509299
44853,39189,1229509597
22545,30176,1229512378
30176,30176,1229513626
16587,24507,1229513800
41661,280,1229514227
45364,48015,1229515554
32638,13055,1229517376
26721,36590,1229517537
44541,46921,1229517542
36866,9021,1229517817
9594,5830,1229518489
13055,13055,1229518516
5830,5830,1229519456
9021,9021,1229519526
32638,13055,1229519622
255,30176,1229524286
15124,26334,1229525605
18771,2035722,1229527500
22076,4082,1229527883
2214,17447,1229528521
45603,672,1229528895
10757,45951,1229529558
15124,4082,1229531520
11410,11410,1229532290
20654,5369,1229532435
17447,17447,1229532790
20654,20986,1229533286
4215,30674,1229533638
23691,35014,1229534182
15608,15608,1229534276
12320,4082,1229535150
7188,7188,1229535286
11387,26567,1229535458
26567,26567,1229536418
6309,2309,1229536443
43677,46999,1229537206
29519,30674,1229537506
12030,8127,1229540319
21699,46702,1229540329
21699,2374,1229540462
44380,35014,1229541754
27423,11410,1229541788
2988,11755,1229541797
34088,47013,1229542546
44541,47026,1229543906
21755,47026,1229543946
21755,47026,1229543998
21755,47026,1229544283
7021,7021,1229546737
1200558,16440,1229547656
999,36975,1229547945
18771,29568,1229548184
16391,21195,1229548284
16391,21195,1229548321
4468,47005,1229548755
10661,36131,1229548845
3333,47033,1229549029
47033,47033,1229549627
10661,36131,1229549667
27414,8976,1229549840
3333,47033,1229549901
47033,47033,1229549953
47033,47033,1229550035
1288,36131,1229550282
34065,46646,1229550606
29515,8741,1229551086
40657,39796,1229551090
17832,6399,1229551132
42188,46646,1229551399
47026,47026,1229553311
6399,6399,1229553519
26848,26848,1229553573
4249,47033,1229553606
4725,40310,1229553666
8741,8741,1229553884
47033,47033,1229554108
40342,38306,1229554230
47033,47033,1229554375
4525,46827,1229554954
39057,38306,1229555000
25457,46827,1229555303
3333,8005,1229556010
13911,8741,1229556045
8005,8005,1229556146
9832,43056,1229556163
43056,43056,1229556332
5640,8005,1229556409
2253,13593,1229556664
15168,20520,1229556965
30418,33157,1229557058
10661,11992,1229557446
7565,7565,1229557580
40650,4257,1229557908
15264,15264,1229558082
1659,4068,1229558126
22656,31470,1229558452
35,247597,1229558732
4068,4068,1229558830
40342,38306,1229559119
253,47109,1229559702
4068,4068,1229559866
8611,39655,1229561095
45942,47124,1229561339
24181,39655,1229561355
13913,47121,1229561382
1834,23822,1229561739
4068,28240,1229561970
10574,10574,1229562005
28045,28045,1229562274
6144,7161,1229562362
29519,47132,1229562425
45410,17712,1229562525
8611,39655,1229562554
1358,47135,1229562738
39655,39655,1229563043
23822,23822,1229563044
21632,657,1229563961
10755,44004,1229563976
37472,44626,1229564978
312,657,1229565130
44626,44626,1229565284
2836,2836,1229565622
214,44626,1229566018
13532,24595,1229566111
7565,47135,1229566128
1358,47135,1229566634
18747,42229,1229566722
45518,45518,1229567264
18103,20390,1229567879
33686,47156,1229567983
1408129,3420,1229568553
41860,41860,1229568583
3333,18103,1229568822
34211,657,1229568903
2648,47135,1229569125
19183,6244,1229569359
1358,47135,1229569456
18103,18103,1229570236
3043,3043,1229570312
3850,29,1229570770
29,29,1229571051
29,29,1229571120
3420,3420,1229571524
32432,32432,1229571642
40657,40657,1229571700
3850,47161,1229572072
11992,11992,1229572187
31325,34731,1229572973
12349,44084,1229573175
31325,43596,1229573245
3474,11906,1229573441
13441,16124,1229573516
51518,16124,1229573956
36388,47026,1229574177
8611,12597,1229574269
16124,16124,1229574397
12597,12597,1229574403
36388,47026,1229574422
16534,40397,1229574587
1215,42987,1229574812
9832,43056,1229574831
42987,42987,1229575066
3579,1473493,1229575097
16124,16124,1229575220
437,28045,1229575815
267,28298,1229575855
1358,28647,1229575868
28001,24098,1229575987
1228,28647,1229576165
22303,28647,1229576263
28298,28298,1229576290
4893,28647,1229576959
3609,44973,1229577362
8611,44973,1229577362
1358,28647,1229577409
4435,32484,1229577629
4249,32484,1229577731
1786,42987,1229577931
25737,39677,1229577988
1786,42987,1229578017
14663,3333,1229578023
39677,39677,1229578188
6309,47152,1229579377
4418,47154,1229579508
71,39677,1229579539
20654,31172,1229579674
2975,5232,1229579810
46927,46927,1229579884
44330,38515,1229580048
312,657,1229580184
28045,28045,1229580242
1228,28045,1229580518
31172,31172,1229580780
17744,28647,1229581473
20654,31172,1229581487
3850,28045,1229581882
47020,21692,1229582662
25210,45,1229582998
16587,40872,1229583410
24998,5324,1229583557
20654,42303,1229583862
5640,620435,1229583952
3850,42303,1229584036
40342,42303,1229584055
40342,42303,1229584088
44852,44852,1229584125
3850,42303,1229584283
40342,42303,1229584350
31582,35579,1229584389
20654,42303,1229584400
10755,20118,1229584666
21838,42303,1229584771
3333,17410,1229584862
1228,26327,1229584878
1228,20118,1229585053
20654,42303,1229585213
1228,17410,1229585370
26327,26327,1229585377
20654,42303,1229585451
40342,42303,1229585466
35579,35579,1229585935
42303,42303,1229585979
3850,42303,1229586120
3850,42303,1229586191
4172,35579,1229586218
36305,30408,1229586220
35579,35579,1229586285
16143,38140,1229586453
42303,42303,1229586510
2788,36590,1229586693
3850,42303,1229586876
4435,38140,1229587142
1228,169,1229587407
26,46100,1229587486
40872,40872,1229587781
2788,36590,1229588281
40650,47260,1229590605
14606,3635,1229590688
3850,12930,1229590935
14069,3410,1229590982
47260,47260,1229591029
149,31671,1229591037
12930,12930,1229591567
13913,4068,1229591893
47260,47260,1229591899
19405,12930,1229592137
31671,31671,1229592285
5324,5324,1229592450
149,31671,1229592541
2635,17410,1229593101
10676,10676,1229594658
46571,233,1229595077
14069,47161,1229595177
233,233,1229595320
28804,34134,1229595953
34134,34134,1229596143
19258,233,1229596838
39413,11339,1229597499
13010,1277510,1229598023
1277510,1277510,1229598067
233,233,1229598177
26334,24696,1229599502
14971,17410,1229599662
16587,13813,1229600085
16587,13813,1229600327
24696,24696,1229600853
25050,4797,1229602236
8360,24696,1229602660
9443,43836,1229602938
1,46100,1229603643
9021,40538,1229604129
1695,40887,1229605041
1695,40887,1229605076
38140,38140,1229605212
38317,47299,1229605875
40480,40480,1229606672
30408,30408,1229606824
16592,47299,1229606934
34218,40175,1229607138
23705,7524,1229607581
41518,41518,1229608251
4958,40480,1229608497
34218,40175,1229608800
40175,40175,1229608918
42769,36902,1229610202
41754,47222,1229610895
20840,38796,1229611788
964,1277510,1229612309
23691,24506,1229612727
3542,41625,1229613976
27423,47303,1229614729
47303,47303,1229615086
1786,1574,1229615528
27423,47303,1229616276
28165,46646,1229616322
4958,47303,1229616577
47303,47303,1229616718
4958,47303,1229616819
47303,47303,1229617174
47303,47303,1229617521
33708,6583,1229617703
615,17510,1229619058
6899,46646,1229619261
20984,40352,1229619363
6899,46646,1229619484
33412,21537,1229619977
33412,21537,1229620124
47020,6345,1229620222
46100,46100,1229620247
6345,6345,1229620424
7498,47145,1229620717
46024,46279,1229620820
21537,21537,1229620822
21537,21537,1229620977
42083,6345,1229621916
42769,40945,1229622412
4977,40945,1229622432
40322,30176,1229622496
31582,40945,1229622531
34088,36832,1229622690
18061,47309,1229622893
714,46265,1229622898
40657,40657,1229622999
13018,40945,1229623189
16143,21133,1229623396
42769,40945,1229623411
18275,40945,1229623871
47026,47026,1229623926
6345,6345,1229623940
13018,40945,1229623946
18573,931,1229624734
1088,15625,1229624845
43427,15625,1229625353
41420,21586,1229625460
16005,1360,1229626751
38426,20398,1229627545
10661,46981,1229627755
14663,16488,1229627815
1,28045,1229628422
931,931,1229628742
31136,40945,1229628983
13018,40945,1229629142
7498,47145,1229629272
10661,32043,1229629426
1200558,46915,1229629692
3850,12930,1229630858
3850,12930,1229630990
931,8946,1229631482
21037,46981,1229631666
39263,46915,1229632679
38796,38796,1229632771
419,41389,1229632958
3850,17674,1229633133
22674,17674,1229633367
21755,449425,1229633527
3850,17674,1229634215
8741,8741,1229634303
23354,24545,1229634358
15689,2494,1229634762
22674,17674,1229635096
449425,449425,1229635927
41389,41389,1229636355
2548,46967,1229636746
7617,7617,1229636860
446303,42746,1229637002
47029,47029,1229637059
3496,47341,1229637964
43582,39615,1229638025
16592,39615,1229638187
18393,39615,1229638510
29519,2147,1229639213
9345,36902,1229639416
3333,2443,1229640200
3043,47431,1229640359
13018,2443,1229640473
3333,2443,1229640690
47341,47341,1229640727
20938,8047,1229640806
33051,21586,1229640896
3333,2443,1229640922
21632,47431,1229641258
13018,2443,1229641283
21632,47431,1229641396
6903,6903,1229641740
3850,17674,1229641885
28543,12918,1229641970
1288,6903,1229642205
3496,47341,1229642328
1200558,2443,1229642496
42518,8741,1229642682
4131,44747,1229642695
26463,30786,1229642703
16143,27391,1229642877
25457,12918,1229643006
36305,12318,1229643148
47431,47431,1229643254
47431,47431,1229643285
45365,6903,1229643329
304,29182,1229643390
47341,47341,1229643682
6903,6903,1229643793
26244,4841,1229643797
1358,36902,1229644241
21632,47431,1229644797
45,45,1229645134
13018,2443,1229645273
13430,45963,1229645309
18771,12318,1229645389
13018,30176,1229645537
44743,44743,1229645766
1200558,2443,1229645862
13913,44743,1229646323
30176,30176,1229646581
39615,39615,1229647294
40256,3291,1229647444
4958,47303,1229647511
11917,47431,1229647535
2170,4841,1229647555
42512,44743,1229647828
14065,45963,1229647950
1358,44743,1229648399
4841,4841,1229648472
3850,23598,1229648858
12711,6903,1229649188
28974,40657,1229649351
1572436,36590,1229649495
25163,38807,1229649611
1730,9913,1229649764
1572436,41613,1229649783
41613,41613,1229650010
47020,41613,1229650011
5640,4435,1229650133
2199,47431,1229650188
1337,38124,1229650293
41613,41613,1229650330
1337,16839,1229650673
39722,2311,1229650696
34502,9913,1229651283
1337,9913,1229651390
45109,1862,1229651709
8946,44743,1229651849
8946,44743,1229652013
15689,31641,1229652402
964,46571,1229652527
4068,5056,1229652534
5056,5056,1229652621
37494,47492,1229652714
9913,9913,1229652736
5056,5056,1229652751
1358,9535,1229652940
47492,47492,1229652962
419,9535,1229653006
419,9535,1229653069
4893,9535,1229653192
419,9535,1229653219
1358,9535,1229653361
4893,9535,1229653362
14065,6903,1229653463
4893,9535,1229653732
419,9535,1229653749
21632,47431,1229653757
1358,9535,1229653802
3333,31641,1229653823
47145,47145,1229653972
3333,31641,1229654035
1358,9535,1229654065
4893,9535,1229654178
9535,9535,1229654256
1358,9535,1229654287
47145,47145,1229654304
24179,24179,1229654444
8946,8946,1229654495
14148,31641,1229654999
9536,46064,1229655131
47145,47145,1229655222
2170,47492,1229655271
47492,47492,1229655375
3043,4779,1229655702
47492,47492,1229655791
39371,35092,1229655876
31172,24457,1229656250
5640,2974,1229656253
2974,2974,1229656532
13051,1190,1229656860
16143,1190,1229656882
24950,1190,1229657521
30946,21734,1229657838
20553,9913,1229657910
4435,2443,1229658057
23771,31641,1229658335
34211,27414,1229658497
3333,31641,1229658575
8741,8741,1229658588
27414,27414,1229658609
23771,31641,1229658777
37710,18255,1229659148
5640,2974,1229659224
12547,42789,1229659869
13813,11388,1229659894
9345,18891,1229660423
1968,44996,1229660848
4435,18891,1229661146
3333,47537,1229661216
9345,18891,1229661365
47401,47540,1229661717
27414,47540,1229661762
5987,343,1229661946
343,343,1229661986
5963,33411,1229661989
8945,47540,1229662195
6148,91385,1229662315
34218,343,1229662406
8701,33411,1229662425
43981,8360,1229662673
39420,39420,1229662725
1190,1190,1229662789
39106,33411,1229663119
3333,31641,1229663987
1968,47540,1229664144
23771,31641,1229664237
44714,44714,1229664559
1968,6001,1229664648
45365,18505,1229664959
42229,42229,1229665034
33213,33411,1229665144
3333,51518,1229665211
24998,51518,1229665380
46821,45581,1229665393
42229,42229,1229665521
10433,9861,1229665738
24998,14101,1229665943
91385,91385,1229666029
14065,33411,1229666069
14065,33411,1229666337
8360,8360,1229667232
2688,45365,1229667291
41360,47431,1229667766
21239,678,1229667788
41360,47431,1229667832
41360,47431,1229667866
3291,3291,1229667937
1200558,47540,1229668018
16143,30997,1229668183
26081,4491,1229668991
43089,13778,1229669283
931,8946,1229669388
26123,47579,1229669514
11522,27620,1229669814
27620,27620,1229669901
11522,27620,1229670244
47579,47579,1229670875
16287,987,1229671342
40650,47431,1229671816
40650,47431,1229671853
18966,32043,1229671884
30946,46265,1229672401
4323,33411,1229672650
15168,42229,1229673469
21255,6903,1229673991
1737192,47501,1229674693
1737192,47501,1229674861
37494,47458,1229675964
19258,45260,1229676009
2495,24821,1229676394
5696608,36590,1229676437
9345,4058,1229676662
36590,36590,1229677553
18573,1412,1229677629
36590,36590,1229677764
45109,2975,1229678098
33612,26682,1229679398
5696608,36590,1229680065
9328,1965,1229680170
24457,24457,1229680419
1965,1965,1229680560
2424,1965,1229680944
9787,44869,1229681018
1042,11516,1229681383
24396,1412,1229681926
42769,40945,1229682422
38124,38124,1229683204
9787,45255,1229683449
9787,4525,1229683582
33213,6367,1229683809
17174,21968,1229684047
23574,1965,1229686061
28835,29482,1229687013
29482,29482,1229687083
10771,47640,1229688583
38124,21195,1229689044
8946,8946,1229689114
39992,47026,1229689910
45109,18467,1229690129
404,18467,1229690315
9021,2197,1229690440
2975,2975,1229691044
2197,2197,1229691236
47458,47458,1229691446
2666,39189,1229692820
27727,38038,1229693570
372,3407,1229694042
40650,31671,1229694206
40650,31671,1229694380
31671,31671,1229694658
31671,31671,1229694791
40650,31671,1229694954
31671,31671,1229695080
14065,33411,1229696087
23705,8873,1229696500
2635,14744,1229696765
15168,41524,1229698603
15168,41524,1229698671
15168,41524,1229698744
15168,41524,1229698829
9021,38172,1229699335
20007,43886,1229699901
4279,38796,1229703082
44541,39615,1229703407
6610,45963,1229704497
42746,42746,1229704539
4977,39106,1229704630
39106,39106,1229704824
30366,33264,1229704874
39106,39106,1229704950
42303,39106,1229705233
372,24315,1229705636
39106,39106,1229705684
3146,20514,1229706832
43886,43886,1229707601
4977,39106,1229707895
22656,8206,1229708003
8206,8206,1229708203
55,29482,1229708306
43901,24179,1229708444
20007,1388,1229708621
7205,39615,1229708726
39615,39615,1229708940
3146,39615,1229709016
29482,29482,1229709327
20984,39615,1229709470
41420,11989,1229709483
39615,39615,1229709687
35454,39106,1229709820
39106,39106,1229710289
17674,17674,1229710474
18061,11333,1229711093
4092,6430,1229711513
9951,37947,1229711552
18573,11347,1229711731
6430,6430,1229712553
6782,18651,1229712584
2635,39106,1229713016
2548,47646,1229713198
39392,18744,1229713983
2859,1103,1229714782
41389,17053,1229715226
18061,5884,1229715830
18771,12318,1229715968
15416,13543,1229717102
11333,11333,1229717143
5812,40933,1229717646
22656,40933,1229718241
1388,1388,1229718645
15459,40933,1229718818
11193,40933,1229719436
7512,40933,1229719718
25222,17469,1229719914
33433,17540,1229720166
40342,17540,1229720179
36687,17540,1229720209
33433,17540,1229720235
40342,17540,1229720795
17540,17540,1229720912
17469,17469,1229722449
3333,47342,1229723042
419,27393,1229723237
28145,15906,1229723671
17744,15906,1229723953
15906,15906,1229724026
419,33663,1229724035
15906,15906,1229724069
44639,17540,1229724343
2548,43180,1229724463
27727,30176,1229724863
3619,32582,1229725322
2084,15906,1229725844
3458,11827,1229725919
15906,15906,1229725998
45624,45624,1229726198
15861,45624,1229726585
6903,6903,1229726740
15124,47342,1229726758
44639,13220,1229726879
40214,45018,1229727176
1412,1412,1229727192
3333,42229,1229727644
45018,45018,1229727791
26463,5217,1229727850
42229,42229,1229727856
27408,20894,1229728017
17540,17540,1229728543
42229,42229,1229728567
42229,42229,1229728601
20860,41165,1229728797
4841,4841,1229729123
13913,13913,1229729136
16587,29411,1229729217
3850,686,1229729367
40214,146,1229729742
21239,32027,1229729821
29676,29411,1229729865
5696608,11989,1229730195
12744,20754,1229730357
2598,2648,1229730468
18771,208,1229730617
1447,37141,1229730835
208,208,1229730945
6508,28921,1229731098
20754,20754,1229731122
28921,28921,1229731245
36866,13913,1229731341
15880,2443,1229731585
12048,47418,1229731641
40619,1094969,1229731739
40650,1441,1229731778
43089,41613,1229731861
1094969,1094969,1229731898
12744,20754,1229732158
146,146,1229732175
44639,7595,1229732523
18771,208,1229732564
47755,686,1229732582
18771,208,1229732616
23691,9025,1229732626
43089,15039,1229732690
9025,9025,1229733079
1481717,1481717,1229733169
208,208,1229733343
1441,1441,1229733970
32632,47373,1229734303
16287,20003,1229734304
208,208,1229734433
29,30176,1229734554
3407,3407,1229734757
21632,47506,1229735327
31624,1481717,1229736438
3043,47838,1229737375
13913,678,1229737931
6568,23309,1229737990
13913,47838,1229738062
14533,292,1229738244
47506,47506,1229738307
37522,37522,1229738367
1481717,1481717,1229738555
46387,44656,1229738802
6388,9025,1229738910
34509,25418,1229739120
1659,18149,1229739281
18149,18149,1229739373
12950,35323,1229739667
5190,35323,1229739820
343,36706,1229739921
1412,23691,1229740166
37494,37494,1229740348
23691,23691,1229740760
23309,23309,1229740992
14065,25418,1229741657
18907,35323,1229741669
24950,11522,1229742559
15689,47167,1229743067
1709,17865,1229743139
11522,11522,1229743418
1786,40619,1229743896
23524,17540,1229743931
1786,39677,1229743976
1786,40619,1229744024
16587,39677,1229744072
737,1764,1229744126
4321,4321,1229744225
40619,40619,1229744226
39677,39677,1229744357
3458,41795,1229744418
9816,41795,1229744658
35092,47508,1229744756
28413,28413,1229745488
35323,35323,1229745813
13913,191,1229745824
25418,25418,1229745964
4632,26481,1229746145
5486,5486,1229746240
40650,83,1229746642
83,83,1229746747
4249,44437,1229747436
20654,35323,1229747614
20654,35323,1229747675
19377,11989,1229747827
7583,44437,1229749023
40650,42620,1229749495
11827,11827,1229749893
18393,35323,1229749910
22724,20003,1229750541
38695,1892,1229750557
35989,46767,1229750585
6440,7285,1229750770
29411,29411,1229750861
33977,17540,1229751042
13018,13663,1229751059
2199,47892,1229751185
40650,47892,1229751379
2199,47892,1229751484
44437,44437,1229751508
106,7285,1229751536
791,47167,1229751656
40650,83,1229751680
12497,7532,1229751724
18821,26,1229751882
47892,47892,1229751941
47892,47892,1229752094
11522,41795,1229752888
46702,46702,1229753009
3043,36269,1229753609
40650,46866,1229753917
38426,46866,1229754012
11522,46866,1229754174
16457,42589,1229754340
25418,42589,1229754373
46866,46866,1229754742
31641,1615,1229755557
2974,46483,1229755742
46483,46483,1229756159
37494,38087,1229757238
23501,14440,1229757489
18518,21379,1229757496
13103,14440,1229757924
1200558,14440,1229758310
37494,70,1229758475
29411,14440,1229758655
13103,14440,1229759443
13103,14440,1229760064
8360,30917,1229760290
46429,3187,1229760336
30917,30917,1229760450
30917,30917,1229760491
5884,7140,1229760528
10585,43035,1229760626
5884,7140,1229760646
47402,47923,1229761053
11989,11989,1229762296
26327,40441,1229764662
38803,51518,1229765717
1185,17540,1229766521
44065,4458,1229766645
47923,47923,1229766795
25222,17469,1229767835
33612,51518,1229768117
30280,4458,1229768572
13103,14440,1229770318
40410,47733,1229770635
15168,20526,1229771979
20938,11827,1229773198
9913,9913,1229773260
35116,43035,1229773283
40650,44838,1229773326
255,32914,1229775806
38426,238948,1229778119
39992,45963,1229778431
3625,2443,1229778811
9345,658,1229778952
42791,42791,1229780372
13430,45963,1229781012
9345,42536,1229782869
9611,9530,1229783405
9530,9530,1229783689
8946,47923,1229785292
18914,1638,1229788359
18393,37966,1229790750
11827,11827,1229794001
11436,41389,1229797029
42536,42536,1229797550
18771,208,1229798418
15625,41795,1229801592
1610,1610,1229804424
3850,1595,1229813327
3850,1595,1229813466
23354,12944,1229815729
13913,18167,1229817074
372,32484,1229817395
36866,32728,1229817944
36866,18167,1229818083
7565,47642,1229818210
18167,18167,1229818264
18167,18167,1229818409
18393,16684,1229819064
13913,18167,1229819440
1337,1588,1229819883
36866,377,1229821256
5599,32484,1229822536
37141,37141,1229824298
2405,40945,1229825768
32728,32728,1229826384
35092,37522,1229826625
18393,12547,1229826681
1288,12547,1229826749
18393,12547,1229826940
1288,12547,1229827000
18393,12547,1229827185
19756,21653,1229827684
36866,32728,1229827828
14122,37141,1229828528
34509,35416,1229829427
8047,8047,1229830440
428190,428190,1229830715
5380,48027,1229833018
48027,48027,1229833984
31624,11522,1229834754
29519,16794,1229835322
16794,16794,1229837098
267,12243,1229838552
12243,12243,1229838903
267,12243,1229838968
21209,396,1229840224
25737,10612,1229841927
25222,9530,1229843890
47642,47642,1229847047
34509,42223,1229847152
267,456,1229847251
456,456,1229847379
12243,12243,1229847905
39932,39932,1229848451
16587,20641,1229849485
23659,13913,1229850105
26123,18180,1229851422
1337,38124,1229852793
1337,38124,1229852901
1337,38124,1229853103
10661,8359,1229854415
1337,11522,1229854534
34509,18180,1229855242
16587,18180,1229855706
40620,456,1229856131
37881,5618,1229856426
18393,1965,1229858307
456,19501,1229858312
41613,41613,1229859931
5314,1965,1229860298
1965,1965,1229861063
4958,42223,1229861924
4857,35454,1229862083
16076,35454,1229862407
37020,4161,1229865189
47167,47167,1229866441
615,40568,1229867706
36866,13227,1229870949
15168,48096,1229871247
36866,27011,1229871474
36384,48096,1229871939
48096,48096,1229872506
13051,35594,1229873744
19863,46483,1229874104
37494,47167,1229876156
40214,33121,1229876803
36866,29515,1229876814
22656,29515,1229877414
36866,29515,1229877611
8446,11432,1229877715
29515,29515,1229878553
41116,43900,1229889551
2967,15345,1229893989
10661,2128,1229894213
28380,452521,1229895634
37507,15345,1229898902
23283,4653,1229899014
27423,41283,1229900110
43976,1244013,1229900950
4279,8359,1229900968
41283,41283,1229901822
41283,41283,1229901945
2147,2147,1229902055
238948,1244013,1229903042
41283,41283,1229903328
15497,40872,1229904077
8976,47342,1229906221
1615,48139,1229906449
17516,34134,1229907050
27423,41283,1229907143
37881,27805,1229908112
42126,34134,1229909196
20128,24545,1229909913
20007,15985,1229909978
18941,32914,1229910066
16587,20641,1229910426
15985,15985,1229910608
33708,32914,1229911431
24181,34134,1229912575
37494,48159,1229912761
18484,32914,1229914149
24841,4653,1229914350
18180,18180,1229915677
34509,22076,1229916028
32638,2128,1229916581
32638,2128,1229916789
25222,40322,1229916846
1200558,40322,1229916904
24587,38172,1229917622
15401,47117,1229919076
32914,32914,1229919289
24587,9099,1229919330
13441,9099,1229922646
17516,45429,1229922688
6244,6244,1229923346
31395,48193,1229924345
3569,1632,1229924883
5387,456,1229925232
15168,9099,1229925402
40322,40322,1229926499
46571,28298,1229927289
714,39932,1229929450
29482,27580,1229929619
18393,1343,1229930813
1200558,48181,1229931441
18484,32914,1229936442
399,11414,1229939305
18393,1343,1229940485
46204,48230,1229941568
456,45963,1229941810
9345,10248,1229941901
9345,48214,1229942063
23249,48230,1229942489
10661,3485,1229943207
39992,45066,1229943446
36175,1077232,1229946089
10248,10248,1229946181
2197,48230,1229947109
36866,9021,1229948009
36866,9021,1229948047
14388,115,1229948065
115,115,1229949151
31641,15055,1229949293
4279,10522,1229949660
15055,15055,1229950360
34509,15055,1229950475
15055,15055,1229950696
4279,46646,1229951936
9673,9673,1229954678
46024,40498,1229955724
9021,31671,1229956305
372,13477,1229958545
3820,28029,1229958991
13477,13477,1229960308
20840,38796,1229961045
8446,40657,1229961115
41345,48159,1229961611
40657,40657,1229962323
4279,38796,1229962360
26833,32914,1229962640
41283,41283,1229964364
2819,23339,1229964406
11114,51518,1229965620
43582,51518,1229965662
15537,23339,1229965978
6461,23339,1229966229
6782,51518,1229966256
22564,9021,1229966279
22076,22076,1229966581
43582,51518,1229966886
3827,51518,1229968283
27805,27805,1229968369
4172,1897,1229969804
1116,1116,1229970135
16828,16828,1229970245
21037,3485,1229970383
419,43281,1229971773
12091,11333,1229973267
23691,2581670,1229974944
15354,4525,1229975513
33499,2581670,1229975705
10661,3485,1229976185
44541,48127,1229976705
10661,46646,1229978159
26155,40872,1229979147
26155,115,1229979307
1265,41360,1229980064
24995,1768,1229980108
5978,5978,1229980297
1768,1768,1229980336
24995,1768,1229980447
1768,1768,1229980709
2859,9021,1229980799
29482,27580,1229981228
10661,34537,1229981557
11333,11333,1229981661
36175,6013,1229982858
15689,2484,1229983058
372,4093,1229984151
419,4093,1229984682
986,22996,1229985906
33213,19100,1229986256
47573,29291,1229986585
18771,48369,1229986997
1491,37346,1229987032
44996,16673,1229987587
4737,9021,1229988048
47167,47167,1229988103
40342,38349,1229988482
3055,47036,1229989071
40342,47036,1229989442
40342,1412,1229989675
43582,38349,1229989949
31624,25157,1229990183
115,115,1229990255
25157,25157,1229990725
15393,27074,1229991668
15168,42083,1229992117
383,556,1229992525
42083,42083,1229992569
1367,27074,1229992743
9021,9021,1229993168
17712,40945,1229993297
18196,18196,1229994295
36866,48094,1229994586
10755,27074,1229994629
47923,47923,1229994850
18771,45429,1229994898
48015,3631,1229995207
47923,47923,1229995790
40093,40945,1229995928
24181,12870,1229996415
42356,4906,1229996803
47078,3631,1229997477
40516,48419,1229997669
1358,48419,1229998042
48015,3631,1229998273
39430,34590,1229998714
3333,45066,1229999092
34796,34590,1229999183
811,34590,1229999227
15689,390180,1229999289
1228,18891,1229999387
3333,390180,1229999463
23691,48419,1229999671
32914,32914,1229999875
2766176,42083,1230000417
35322,390180,1230000515
2170,390180,1230000930
18891,18891,1230001487
35322,390180,1230001776
8047,38131,1230002006
12243,12243,1230002066
12711,29482,1230002681
36388,13477,1230002892
36388,13477,1230003012
39106,32240,1230003884
32240,32240,1230004116
27011,27011,1230004541
39106,32240,1230005055
15689,18051,1230005211
16124,22459,1230005331
15689,32772,1230005349
12579,22459,1230005421
22459,22459,1230005449
38206,31516,1230005713
543,22459,1230005921
41116,41116,1230005943
3333,22459,1230005984
22459,22459,1230006321
40342,32834,1230006431
37494,45161,1230006688
34218,40322,1230006698
18941,40322,1230006998
106,7927,1230007352
20654,45161,1230007377
16457,34731,1230007444
7927,7927,1230007582
543,45161,1230007671
28636,28636,1230007879
2836,2836,1230008040
20654,15108,1230009646
6013,6013,1230010353
37494,46064,1230010910
14105,1246613,1230011426
15537,34219,1230012178
1358,4906,1230012689
34219,34219,1230013119
48483,48483,1230013180
1737,14031,1230013659
40342,36269,1230014548
40322,40322,1230014549
22437,36269,1230014641
47527,2270,1230014911
14031,14031,1230015601
20267,47858,1230015682
15168,27689,1230015805
9536,46064,1230015845
18393,1615,1230015883
47858,47858,1230016008
29482,29482,1230016317
29482,29482,1230016357
42083,42083,1230016642
267,41987,1230017867
47402,373916,1230018252
11289,18097,1230018685
18097,18097,1230019303
6088,10088,1230019890
38124,10088,1230020269
13154,29403,1230020423
42404,29403,1230020467
8014,29403,1230020700
12711,29482,1230021188
12958,1441,1230022261
44838,44838,1230023562
42092,9021,1230023995
9021,9021,1230024862
44511,18097,1230024973
24755,24755,1230025065
44511,1441,1230025145
13913,13913,1230026021
29021,10088,1230029468
7679,7927,1230030240
8252,8252,1230031438
372,2512607,1230031912
38426,19512,1230032146
16592,25197,1230034105
29482,29482,1230034169
47529,29403,1230035934
43089,48094,1230038015
23574,31902,1230038655
31641,48094,1230039738
31902,31902,1230040121
43089,48094,1230040187
43089,48094,1230041483
29482,16673,1230041845
27657,15055,1230042323
15055,15055,1230042583
27657,15055,1230043449
48159,48159,1230043679
46914,745,1230045350
34509,47301,1230045751
298,45804,1230046875
5190,47301,1230047604
20860,8946,1230047686
36866,47301,1230049125
11333,8954,1230050041
30568,15138,1230051628
13,39615,1230051649
39615,39615,1230051865
27423,41283,1230052181
27423,8946,1230052282
22656,461880,1230054008
461880,461880,1230054193
11388,461880,1230054386
11388,48581,1230054744
372,11333,1230055199
461880,461880,1230055257
11333,11333,1230056022
6088,2122,1230056743
372,11333,1230056961
11333,11333,1230057528
11436,41389,1230057799
40342,35416,1230058308
27423,2512607,1230058351
18393,41860,1230059336
43965,48094,1230059718
36866,38172,1230060404
27474,41860,1230060649
41360,31141,1230061086
41360,31141,1230061309
6335,48621,1230062303
18393,38172,1230062477
41860,41860,1230065711
21849,5246,1230065781
41860,41860,1230065823
43701,31132,1230066285
31132,31132,1230066496
10661,36902,1230066744
1143,44869,1230068420
44330,43960,1230068915
40516,48419,1230070568
7679,7927,1230071860
27423,31830,1230071880
44065,44673,1230071884
47366,2512607,1230071894
31830,31830,1230072174
1274957,1274957,1230072203
44673,44673,1230072543
15401,31830,1230072554
4376,373916,1230072579
15625,32168,1230072661
40410,6144,1230072988
36269,36269,1230073033
18505,6144,1230073145
6144,6144,1230073344
18393,23435,1230073409
15401,31830,1230073416
3333,6144,1230073597
6088,34623,1230074134
8446,11236,1230074397
42356,47036,1230074517
5056,32582,1230074904
5056,32582,1230074960
40650,11236,1230075005
44330,2494,1230075143
47036,47036,1230075178
7927,24696,1230075329
42841,27439,1230076206
29995,37510,1230076217
31395,1491,1230076621
37510,37510,1230076654
5814,47450,1230076857
235,29995,1230077819
18097,18097,1230077855
31830,31830,1230078582
729,28543,1230078854
30827,26414,1230078861
30827,17091,1230079138
35116,17091,1230079284
17091,17091,1230079515
43089,22459,1230079860
27805,6158,1230080028
7565,18167,1230080502
6158,6158,1230080594
44065,44673,1230080671
1358,48695,1230081261
12950,48695,1230081337
1358,48695,1230081374
26414,30419,1230081888
1127460,1127460,1230081941
39034,30419,1230082079
1127460,1127460,1230082083
47164,31505,1230083424
20310,1491,1230083434
31505,31505,1230083542
7883,47167,1230083733
4249,31505,1230083836
14537,31505,1230084050
1491,1491,1230084072
2596,1959,1230084096
1491,20310,1230084120
32834,32834,1230084184
31505,31505,1230084404
5314,3435,1230085790
11649,34426,1230086910
34426,34426,1230087359
13005,34426,1230087598
34426,34426,1230087625
71,56817,1230088476
7714,1284,1230089395
4376,37881,1230089487
11649,34426,1230089630
4376,56817,1230089700
37881,37881,1230089837
5696608,1459442,1230090404
37494,46616,1230090413
37494,2191,1230090596
37494,35043,1230090955
45084,45581,1230091646
2029,45581,1230091679
20654,45581,1230091900
44656,44656,1230092513
3435,3435,1230092627
29995,29995,1230092627
42126,41283,1230092800
35989,25466,1230093166
15459,31830,1230093306
37522,15890,1230093685
6309,92,1230094132
8946,8946,1230094135
37494,1284,1230094415
16587,4234,1230094692
16587,4234,1230094993
4458,4458,1230096395
1831,459417,1230098249
20654,20133,1230098530
20133,20133,1230098570
40342,36269,1230098663
4234,4234,1230098681
1786,39337,1230099424
29407,39337,1230099496
20654,20133,1230099705
44656,39337,1230099753
18518,769,1230100670
37494,28413,1230100689
37494,36674,1230100791
18393,18393,1230101001
12267,751,1230101566
15168,47450,1230102066
769,769,1230102334
22437,26428,1230105211
36305,46462,1230105416
13930,28004,1230105609
28004,28004,1230105802
13930,28004,1230105935
1831,459417,1230106391
28399,1965,1230106557
20654,42303,1230107913
20654,42303,1230108166
12711,48778,1230108213
12349,26327,1230108488
419,26327,1230108794
34426,34426,1230108852
23574,8954,1230109468
8954,8954,1230109893
615,571,1230113959
571,571,1230114288
34509,47064,1230114717
42092,751,1230114912
15124,15055,1230115039
15168,4639,1230115176
33244,439507,1230115742
13502,34548,1230116104
33244,40725,1230116187
13005,34426,1230116680
13005,34426,1230116753
32168,4639,1230116996
32168,32168,1230117523
4898,12597,1230118829
9345,1965,1230119336
14606,1965,1230120055
31624,1965,1230120781
13502,1965,1230121398
36902,1965,1230121648
42769,29820,1230122160
811,1965,1230122216
3354,1965,1230122472
1965,1965,1230122521
15168,22595,1230123117
34942,1965,1230123559
44065,46815,1230123582
1965,1965,1230123719
12349,1965,1230123846
16587,46462,1230123887
1965,1965,1230124099
29820,29820,1230124149
1965,1965,1230124160
36902,1965,1230124533
5473,4653,1230124579
36902,1965,1230124638
5473,29411,1230124689
1965,1965,1230124835
36305,46462,1230125232
17091,1965,1230125517
38813,43960,1230125563
1965,1965,1230125616
17091,1965,1230125651
17091,1965,1230125722
36902,1965,1230125994
26428,26428,1230126556
12711,15124,1230126703
16951,1965,1230126992
35364,15055,1230127229
18256,15124,1230127683
18914,15124,1230128932
34502,48824,1230129077
10278,46914,1230129090
33213,1965,1230129706
15124,15124,1230129946
1965,1965,1230130202
23574,48581,1230131068
3850,15055,1230131389
23574,41766,1230132433
15055,15055,1230133946
34623,34623,1230133948
41766,41766,1230134303
12711,23339,1230135290
39603,48581,1230135607
31945,23339,1230135727
23339,23339,1230135796
7585,11574,1230135994
41766,48850,1230138185
18658,15124,1230138328
18573,23691,1230139479
42371,42546,1230139535
42371,42546,1230139656
23339,8741,1230139828
28380,853,1230140490
43965,48850,1230142597
11333,2721,1230142890
44541,32688,1230144574
6782,44984,1230148135
27439,44984,1230148152
35197,44984,1230148579
35197,44984,1230149005
18393,42782,1230150135
905,42782,1230150454
41116,42782,1230150520
4050,41283,1230151683
894,42782,1230152513
17091,1965,1230153293
12267,32484,1230154071
39430,39430,1230155562
39430,39430,1230156085
39430,39430,1230157339
13103,238948,1230157388
15168,41283,1230157690
42518,29726,1230157856
41283,41283,1230158163
6568,48850,1230158328
45956,13995,1230158585
18097,3594,1230159319
15852,44996,1230159700
44996,44996,1230160798
15689,20029,1230161208
39,28149,1230161344
1965,46462,1230161394
20029,20029,1230161556
1384652,1384652,1230161695
36305,46462,1230161776
7565,18769,1230161856
22724,44996,1230162376
36388,18769,1230163062
13103,2137,1230163077
44996,44996,1230163626
1122,9390,1230164158
17091,1965,1230164449
21632,2133,1230164588
23354,30827,1230165426
19405,25749,1230165576
47020,2133,1230165850
21632,2133,1230166002
811,1965,1230166104
811,1965,1230166135
811,1965,1230166170
1337,6258,1230167661
1337,6258,1230167707
23354,26349,1230167908
2173,29182,1230168546
12349,39430,1230168966
9345,381,1230169694
4596,26414,1230169860
31884,16744,1230170520
24950,15124,1230170898
41624,22835,1230170984
18882,30698,1230171026
46387,29182,1230171059
23354,22835,1230171081
41624,22835,1230171107
28543,28543,1230172577
1831,428190,1230172881
1300,21682,1230173572
22724,5380,1230173596
15689,26658,1230174149
22835,22835,1230174278
26658,26658,1230174363
10740,26658,1230174924
19512,19512,1230175300
10740,19512,1230175410
24380,18393,1230175871
45978,2836,1230175918
32892,19512,1230176121
13491,45161,1230177344
15689,26658,1230177651
18393,16631,1230179742
14964,13676,1230180480
6144,44091,1230181335
26414,18169,1230181746
1965,1965,1230183750
30698,30698,1230183895
853,853,1230186039
20856,48973,1230186201
37494,48973,1230187698
15401,30924,1230190669
14971,44916,1230192016
27462,853,1230192837
3850,48181,1230193816
3542,42303,1230196502
42303,42303,1230197366
12950,48973,1230201277
27657,27657,1230201629
4958,42303,1230202175
12950,2596,1230202764
41646,32465,1230209368
2596,2596,1230210366
20007,191,1230212403
6932,5486,1230213454
41646,46431,1230214736
825,43496,1230215498
14444,43281,1230216266
9345,6932,1230216829
34509,43496,1230219695
28413,32465,1230229131
38803,42782,1230231708
42303,46431,1230232756
18393,48369,1230234978
48369,48369,1230235277
18941,42782,1230236331
3850,20520,1230241071
6932,6932,1230241865
5380,5380,1230243030
451783,451783,1230244745
3811,3811,1230246986
15541,3811,1230247584
3811,3811,1230247849
16587,3811,1230248824
17091,1965,1230251056
4958,43496,1230251572
4958,43496,1230252121
14455,19799,1230260583
32203,36602,1230262199
15168,46431,1230262529
15168,43960,1230263423
15168,43960,1230263459
17964,33287,1230263904
1965,33287,1230263925
39992,6365,1230271523
32775,19799,1230274077
6365,6365,1230274151
19302,49114,1230275198
6365,6365,1230275380
25050,4977,1230275624
12460,1384652,1230276148
29903,41625,1230276902
41116,2288585,1230277195
29903,41625,1230277234
29903,41625,1230277264
24587,6365,1230279556
45151,45151,1230279943
40516,45151,1230280286
45151,45151,1230280534
4246,45151,1230280799
45151,45151,1230281228
17389,3811,1230281352
19746,49127,1230282782
49127,49127,1230282972
36175,49128,1230283600
35116,26721,1230287961
15852,8114,1230291788
37881,18735,1230293252
18393,18658,1230296334
16076,18658,1230298609
18658,18658,1230298808
18658,18658,1230299079
19179,19179,1230299477
41646,36130,1230299691
2635,18658,1230299923
41646,21668,1230300231
2635,36130,1230300585
5314,1455,1230303335
15168,42782,1230305301
4007,46297,1230305714
4958,9021,1230306641
44065,11208,1230314281
29182,29182,1230318466
48181,48181,1230320144
21755,15884,1230322290
10661,33911,1230324339
15884,15884,1230325567
37213,32032,1230328487
8513,36182,1230328911
21755,15884,1230329090
8513,8513,1230331068
9345,6932,1230331782
9345,6932,1230331813
17091,1965,1230332030
39057,19825,1230332269
21239,44984,1230332308
20938,8047,1230332576
18804,47947,1230333053
9634,18909,1230334228
18909,18909,1230334343
5475,24218,1230334374
3043,18909,1230335281
3458,30924,1230335456
24218,24218,1230335826
17160,853,1230336466
47707,14749,1230336592
39057,19825,1230336671
23252,19600,1230336726
19825,19825,1230336950
8047,8047,1230337584
8047,8047,1230337844
17160,44984,1230339379
18192,19825,1230339481
19825,19825,1230339873
1925,10778,1230341380
36182,36182,1230343096
6461,45429,1230344156
28380,23034,1230344242
6461,45429,1230344702
45429,45429,1230345181
6461,45429,1230345386
23034,23034,1230346802
25737,45429,1230348308
26833,16732,1230348391
2424,25515,1230348547
45429,45429,1230348688
25515,25515,1230349048
25737,45429,1230349259
43427,13104,1230349843
13104,13104,1230349949
43427,13104,1230350173
13376,5056,1230351557
3043,43980,1230351801
30698,13,1230351988
40410,9611,1230352231
15689,46277,1230352476
7714,32914,1230353358
21239,1842864,1230353663
18770,19731,1230354380
10661,19731,1230354865
33213,43960,1230356927
7565,19731,1230357403
30461,36182,1230358148
2548,49280,1230362635
26693,46665,1230363993
13104,13104,1230364969
15168,46540,1230365487
14749,14749,1230366644
48973,48973,1230368146
3850,14343,1230368159
3850,14343,1230368316
23283,15409,1230369251
6258,31241,1230369331
15409,15409,1230369524
23283,15409,1230370034
17160,9161,1230370099
13,4812,1230375767
745,35364,1230376297
2199,15409,1230376635
25163,46565,1230376713
615,42029,1230378882
9787,3811,1230379396
9787,428190,1230379683
23283,49302,1230380551
853,853,1230382020
42029,42029,1230383897
3474,14749,1230383929
15168,46540,1230384061
15168,46540,1230384098
428190,428190,1230384362
34509,14788,1230389270
19403,48369,1230392876
12711,41956,1230396913
615,42029,1230397045
6044,46265,1230400098
15054,49018,1230401151
39532,36446,1230401475
1659,49018,1230402151
2172,36446,1230402312
43427,48362,1230403497
40125,24425,1230403616
14009,42749,1230403998
25965,49018,1230405761
29376,36446,1230407151
48362,48362,1230408038
2766176,20555,1230411089
8513,9204,1230413357
42749,42749,1230414008
10661,51518,1230414545
9204,9204,1230415524
3333,19825,1230416751
19825,19825,1230416914
3333,19825,1230417189
19825,19825,1230417318
10661,36832,1230418252
24995,49372,1230419534
419,49372,1230420829
49372,49372,1230421159
49372,49372,1230421465
419,49372,1230421960
15168,29903,1230422066
9536,36446,1230423796
44639,14356,1230425945
31615,25466,1230428508
33114,42749,1230430410
43089,41871,1230432757
3,44317,1230433302
29903,29903,1230435068
13104,13104,1230438400
1786,33052,1230440022
8047,16124,1230440263
41783,43649,1230441641
30698,326176,1230444671
30698,51518,1230445031
29903,36680,1230446106
22459,48973,1230446237
48973,48973,1230446431
35197,48973,1230446519
15842,40062,1230448141
4593,46108,1230448543
18575,1736623,1230450748
36866,24396,1230451569
36457,5235,1230452490
1228,5235,1230452604
23368,46108,1230453186
21677,18393,1230453492
24396,24396,1230453744
36457,5235,1230453836
1228,22451,1230455539
16587,5235,1230455659
708,22451,1230455993
47630,326176,1230456234
1736623,1736623,1230456602
1736623,1736623,1230456635
1737192,5235,1230457167
13675,49416,1230457961
267,27074,1230460228
32247,16154,1230461121
15168,48556,1230461232
12950,14104,1230461921
22459,1615,1230462940
18941,5235,1230463444
14048,46064,1230463460
3850,36680,1230465559
5987,47468,1230469049
37196,37196,1230470085
47707,25700,1230471794
10755,232,1230471970
811,676066,1230471981
2512607,2512607,1230473964
41661,19799,1230474610
8047,35338,1230478232
8047,45432,1230479766
34509,14114,1230479967
1084,23903,1230483236
46914,48540,1230483892
13675,42749,1230485176
18091,47135,1230487649
30568,36875,1230490031
18941,49018,1230497078
4725,49018,1230499832
19206,19206,1230508482
1493157,49544,1230508874
36866,33349,1230508910
6244,49324,1230509309
33349,33349,1230510828
44639,33349,1230511049
1288,49566,1230512438
33349,33349,1230512586
6461,49566,1230512704
26976,15716,1230515369
36866,33349,1230515782
5314,34369,1230516046
23354,48465,1230517236
8047,8047,1230517510
44639,42223,1230519078
42223,42223,1230519335
5314,42620,1230520027
33349,33349,1230520189
18381,42223,1230520971
48465,7341,1230521783
16587,49611,1230522869
23574,41766,1230523052
37971,49611,1230523784
42620,42620,1230523811
20860,1144,1230524641
20860,658,1230524846
48465,41654,1230524849
3850,49559,1230525020
11436,3892,1230525337
20860,47373,1230525413
42223,42223,1230525595
41646,17320,1230526754
39992,39781,1230526866
39992,39781,1230526944
3892,3892,1230527140
39781,39781,1230527854
39992,39781,1230528239
39781,39781,1230528347
615,49632,1230528980
41654,41654,1230529283
49632,49632,1230531062
18393,1615,1230533180
3603,738,1230533311
28004,41211,1230534298
10661,42974,1230534600
1288,42974,1230534744
2548,428190,1230537090
2548,428190,1230537286
15168,22459,1230537296
9209,11227,1230537332
15168,22459,1230537442
2548,428190,1230537504
428190,428190,1230537788
9443,5056,1230537793
2548,428190,1230537988
428190,428190,1230538214
39992,1615,1230538552
2548,428190,1230538695
1615,1615,1230538873
39992,1615,1230539229
16587,48705,1230540196
18770,143732,1230540468
267,143732,1230540519
2093,47110,1230540529
31395,49661,1230542452
22459,22459,1230542642
10661,49661,1230543231
4977,49661,1230543519
10661,49661,1230544409
10661,49661,1230544724
14663,41766,1230545101
4977,49661,1230545303
10661,49661,1230545619
18393,49661,1230545948
38988,428190,1230546552
10661,49698,1230546770
30461,745,1230546953
20301,40172,1230547812
38988,428190,1230547875
45410,40172,1230548279
21239,32326,1230548487
428190,428190,1230550011
17131,45914,1230552990
47110,47110,1230554472
31624,49698,1230555371
1572436,19956,1230556119
17131,49661,1230556247
17131,24059,1230556948
41211,41211,1230557640
28004,41211,1230558971
41646,42223,1230560562
115,4234,1230560919
13051,17372,1230560958
4234,4234,1230561197
5314,15409,1230561727
31945,49698,1230563121
46914,49559,1230563328
38803,4234,1230563700
23740,48829,1230563843
4234,4234,1230563965
39992,4234,1230564483
4234,4234,1230564602
13,48369,1230564814
48369,48369,1230565066
14860,4234,1230566302
14860,4234,1230566432
47755,41613,1230566842
36866,49772,1230567656
714,46297,1230567793
36866,49772,1230567877
4234,4234,1230568225
39722,45934,1230568704
21028,49478,1230571863
21028,49478,1230572049
49478,49478,1230572449
19734,38892,1230572499
21028,49478,1230572500
34509,46418,1230573346
21028,267,1230573744
267,267,1230573870
26511,28772,1230574385
25965,47630,1230575388
11333,11333,1230576643
18615,11333,1230577053
24054,11333,1230577102
13,11125,1230577376
23691,47630,1230577504
36866,11333,1230577593
11125,11125,1230578096
18393,42749,1230578435
46100,42749,1230578935
19825,47630,1230578995
24054,49807,1230579439
6461,49807,1230579654
36875,36875,1230579710
47630,47630,1230579877
47630,47630,1230579937
10661,40172,1230580123
20654,19825,1230580800
49807,49807,1230580893
30958,30958,1230580980
19825,19825,1230581048
42749,42749,1230581288
23513,39584,1230581419
23691,42749,1230581441
11333,11333,1230581599
42749,42749,1230581839
23691,42749,1230582348
42749,42749,1230582692
38892,38892,1230582997
1902010,49661,1230583300
20654,42749,1230583317
10661,40868,1230583945
40868,40868,1230584031
40868,40868,1230584072
36866,1478,1230586417
30568,36875,1230586910
18393,2732,1230587073
43582,30176,1230587770
36875,36875,1230588251
44091,44091,1230588281
17516,2598,1230588628
2598,2598,1230588712
2598,2598,1230588742
17516,2598,1230588772
2598,2598,1230588864
17516,2598,1230588921
2598,2598,1230588974
42532,42532,1230589382
49772,49772,1230589782
10755,42749,1230591074
30176,30176,1230591189
13279,11333,1230592060
48705,48705,1230592412
1493157,28772,1230592949
48705,48705,1230593016
34509,49609,1230595281
33402,33402,1230596202
1737,49609,1230597555
1559,13337,1230597852
5190,19839,1230597964
16587,49609,1230598302
1737,49609,1230598551
31884,47937,1230599043
47937,47937,1230599438
16391,49836,1230599692
42585,23691,1230601022
23691,23691,1230601150
5640,48728,1230602525
3043,18043,1230602613
22656,18043,1230602685
5314,1462,1230603481
20654,18174,1230605340
4958,2119,1230605785
43089,33226,1230605938
26721,26721,1230605954
3043,25732,1230606276
8220,14744,1230607021
43582,2849,1230607198
18406,2849,1230607293
18174,18174,1230607583
2119,2119,1230607834
8220,14744,1230607929
4958,2119,1230608084
5976,5976,1230608230
25222,15168,1230608824
39552,1736,1230609008
1431,4257,1230609057
1902010,28672,1230609788
15168,14114,1230610189
8513,48957,1230610527
1736,1736,1230610811
4257,4257,1230610855
2849,2849,1230611221
1431,4257,1230611650
16587,49609,1230611856
16587,1737,1230611906
16587,1737,1230611942
43901,49737,1230612061
1737,49609,1230612413
11995,28672,1230613150
49540,21367,1230613410
24243,24243,1230613522
48728,48728,1230614159
18017,12950,1230614543
46064,46064,1230614793
44639,31624,1230614975
49246,30917,1230615051
37494,13955,1230615458
21367,21367,1230615655
46443,19479,1230615945
45,39677,1230616538
1053,26446,1230616944
39677,39677,1230617122
48465,44394,1230617473
9476,45432,1230617503
48465,44394,1230617546
31395,44394,1230617605
2133,45432,1230617666
17744,45432,1230617789
17516,2916,1230617816
29043,45432,1230619560
26,46100,1230619580
16587,49609,1230619769
46100,46100,1230619783
14065,25632,1230621062
8313,1973027,1230621076
3850,1626,1230621389
811,45432,1230621531
10755,4891,1230621678
16587,40120,1230621997
45432,45432,1230622157
4891,4891,1230622299
33686,40120,1230622457
615,4891,1230622493
4891,4891,1230622698
37558,40120,1230622955
16587,40120,1230622966
16587,40120,1230623351
16587,169,1230623576
33686,40120,1230623586
33686,40120,1230623623
9209,2663,1230623633
46308,11677,1230623795
169,169,1230623905
15168,1737,1230624971
15168,1737,1230625026
40756,38522,1230626636
2596,10420,1230627518
4257,4257,1230627595
2596,10420,1230627608
10755,4891,1230627701
16587,49737,1230628236
37558,13203,1230629375
37558,13203,1230629455
13203,13203,1230630229
51518,51518,1230630244
25732,25732,1230631093
16587,48616,1230631377
10755,12193,1230631584
43012,1263,1230631786
19405,5441,1230632024
4958,5464,1230632211
18393,5441,1230632437
25222,45963,1230632765
12193,12193,1230633497
42769,49854,1230633497
12349,50050,1230634066
42769,23249,1230634214
9345,50050,1230634251
23072,23249,1230634455
50050,50050,1230634777
18770,50019,1230635371
23249,23249,1230637697
35935,5464,1230637770
41661,45963,1230638909
10755,12193,1230639162
23249,23249,1230639922
16076,50069,1230640287
16076,50050,1230640364
16076,2504504,1230640435
36902,36902,1230642415
42769,40945,1230642646
26,45909,1230645264
493,46100,1230645843
27306,5988,1230645850
1786,50069,1230646217
45963,45963,1230646459
5190,12950,1230650079
36902,36902,1230651198
39,40568,1230653609
49153,44984,1230654015
23574,47301,1230654731
1737,1737,1230655039
34509,1737,1230657108
29407,48832,1230657697
39693,18275,1230658017
15727,18275,1230658305
18275,18275,1230658576
21028,49500,1230661041
47573,40644,1230662496
47573,47090,1230663207
17266,34596,1230664410
10661,46634,1230664931
2119,2119,1230665214
34596,34596,1230665421
10661,47204,1230665685
4771,23824,1230666516
1478,1478,1230666940
22224,41021,1230667351
9403,9403,1230669233
38522,38522,1230672039
41021,41021,1230672842
15880,17413,1230673548
7714,764272,1230674075
16526,46616,1230674381
3014,24396,1230674517
1199,39677,1230674535
41360,50175,1230675808
44084,208,1230676170
50175,50175,1230676232
12725,208,1230676372
44084,208,1230676489
15459,28586,1230676801
9021,17540,1230677202
13018,50186,1230677311
20766,20766,1230677357
13163,14299,1230677363
14105,4596,1230678136
40516,50186,1230678825
29676,18735,1230678927
4596,4596,1230679315
18735,18735,1230679464
18735,18735,1230679513
28380,49047,1230680023
3850,41021,1230680092
13018,50186,1230680226
30698,6461,1230680400
267,14299,1230680608
39932,15452,1230681606
2156,48957,1230681662
48774,29555,1230681694
12460,50186,1230681875
28586,28586,1230682135
15459,50216,1230682244
26414,50216,1230682437
13154,50216,1230682460
10661,46634,1230682464
41766,41766,1230682540
10661,46634,1230682586
33226,33226,1230682890
16592,40091,1230683378
29555,29555,1230683433
1242,14299,1230683706
14299,14299,1230683801
17847,5461,1230683893
7890,40091,1230684032
7890,40091,1230684676
2386,50216,1230684790
49153,9150,1230684922
11112,27805,1230684937
47527,9150,1230685318
15459,2119,1230685341
12624,49153,1230685800
28558,28558,1230685882
2119,2119,1230685989
1902010,1902010,1230686153
26160,50057,1230686512
50057,50057,1230686610
13018,37650,1230686693
17091,33082,1230686949
17091,33082,1230687213
7714,43012,1230687934
6088,33082,1230688848
33082,33082,1230689265
41646,50251,1230689610
50251,50251,1230690510
16457,29070,1230690693
41646,50251,1230691575
16587,49500,1230691787
19307,19314,1230692570
3850,41613,1230692601
3850,41613,1230692635
25737,16683,1230692786
36866,47645,1230693253
10661,19314,1230693384
16587,19314,1230693534
3474,41625,1230693534
1786,28454,1230693701
2386,20730,1230693853
37494,32806,1230693997
43901,24908,1230694026
36590,36590,1230694111
37494,8797,1230694150
12252,36590,1230694454
49246,50259,1230694713
20654,28946,1230694869
25163,50261,1230694904
50259,50259,1230694906
28558,46815,1230694991
255,3897,1230695418
1348,37650,1230695444
1736,40284,1230695563
50261,50261,1230695573
49942,20730,1230695769
43427,50259,1230696036
46204,10420,1230696436
16457,50251,1230696451
49246,50259,1230696578
32632,14299,1230696943
50259,50259,1230696959
50259,50259,1230697197
20301,3421,1230697253
35322,28946,1230697477
35322,28946,1230697696
13675,50175,1230697701
11436,2089,1230697715
1491,50259,1230697942
49246,50259,1230698239
30202,2119,1230698760
33686,50259,1230699000
50259,50259,1230699248
50186,50186,1230699337
43427,42404,1230699381
50259,50259,1230699397
50186,50186,1230699468
42404,42404,1230699493
42404,42404,1230699625
43427,42404,1230699919
18941,40644,1230700904
6782,40644,1230701245
18941,40644,1230701488
16391,356145,1230703066
44743,12597,1230703157
21196,39677,1230703192
5461,5461,1230703226
10861,39677,1230703302
13320,49881,1230703306
12597,12597,1230703428
22539,22539,1230703446
20654,50264,1230703591
14732,7839,1230703643
2119,2119,1230703705
16942,7839,1230703760
39677,39677,1230704051
42974,42974,1230704254
47846,356145,1230706077
4490,38238,1230706834
2859,34384,1230707750
2859,8404,1230707980
10861,48956,1230708767
11284,42858,1230708791
10861,48956,1230708818
10661,41613,1230708925
10661,41613,1230709081
32490,23903,1230710123
4264,4264,1230710600
20654,23903,1230710930
33686,1088,1230712121
23283,50276,1230712906
4958,1088,1230713277
1088,1088,1230713378
13154,50276,1230713485
2820,20730,1230713504
33686,1088,1230713505
30176,12597,1230713524
2424,50276,1230713652
16076,50276,1230713820
12193,12193,1230716541
26671,26671,1230717444
49388,48648,1230718019
20301,14752,1230718179
3811,3811,1230719980
20301,50262,1230720017
2663,2131,1230720463
39106,14752,1230720613
2535,30807,1230720771
12983,2131,1230721466
15168,20730,1230722036
10661,34479,1230722972
19501,14752,1230723005
37558,43756,1230724247
37558,43756,1230724311
26424,26424,1230725701
46914,46100,1230726137
1666,40214,1230727084
42769,15187,1230727342
10387,14752,1230727558
10792,20498,1230727933
15187,15187,1230728810
6144,48266,1230728984
48266,48266,1230729436
44984,44984,1230730617
38813,48266,1230730620
12502,50186,1230731589
29443,31765,1230733938
14750,22595,1230734002
38124,38124,1230735652
47529,2361982,1230735981
43427,35405,1230738906
22595,22595,1230740978
43427,50430,1230741164
22656,40164,1230741728
4140,4140,1230742815
25222,4140,1230743877
43541,16683,1230744726
1349,4140,1230745713
29903,2554,1230745964
2554,2554,1230746316
5190,2554,1230746552
3897,3897,1230747385
50430,50430,1230748771
42404,356145,1230751144
11374,22162,1230751158
10661,46646,1230751446
2554,2554,1230751689
14860,40164,1230751775
47573,42050,1230751805
39106,14752,1230752267
48869,2554,1230752301
17540,17540,1230752646
38515,116,1230753376
9784,17560,1230753836
34806,22369,1230756151
34806,2131,1230756279
12950,36465,1230756432
2859,50418,1230757339
19825,2131,1230759713
31486,49217,1230759985
6144,50369,1230760033
18936,31624,1230760073
42404,46386,1230760187
49544,49217,1230760212
49217,49217,1230760615
33213,49217,1230760794
12624,396,1230760795
2915,46386,1230760969
2915,46386,1230761020
42404,46386,1230761033
18936,2723,1230761049
4092,47036,1230762243
2723,2723,1230762390
42585,28454,1230762895
21239,16891,1230763919
16891,16891,1230764391
27907,750,1230764404
29638,4140,1230764881
16076,750,1230764957
40848,50057,1230765086
13154,2723,1230765226
12274,50251,1230765362
13744,13154,1230765490
23771,2131,1230765557
50057,50057,1230765568
50251,50251,1230765570
24995,750,1230766130
17413,12597,1230766216
404,12597,1230766824
2424,750,1230767063
20498,20498,1230767154
13118,25228,1230767525
18393,49461,1230768609
1572436,13502,1230769490
9536,22264,1230769772
13502,13502,1230770290
19594,50530,1230770564
19594,50530,1230770628
41363,3153,1230770815
3153,3153,1230770968
42404,50530,1230771084
27011,47204,1230771501
49461,49461,1230771842
37494,23249,1230771894
3458,25632,1230772499
419,1942,1230772578
33612,47204,1230772666
11436,576,1230772860
636,1942,1230773287
13954,13954,1230773376
1942,1942,1230773396
16457,28954,1230773450
13502,1443363,1230774421
44330,342,1230774517
1443363,1443363,1230774594
13502,1443363,1230774757
811,1443363,1230775072
1786,1443363,1230775124
13502,1443363,1230775146
13502,1443363,1230775185
23771,46431,1230775233
1443363,1443363,1230775334
40822,5343,1230775472
12460,20730,1230776067
20730,20730,1230776126
26658,20730,1230776173
12460,20730,1230776234
10661,47204,1230776430
10661,22468,1230776590
19594,2386,1230776601
27414,2386,1230776688
31395,26037,1230776929
2635,40868,1230776934
1337,36848,1230777219
33226,48523,1230777229
34509,20730,1230777307
26,26037,1230777555
956,50057,1230777710
50057,50057,1230777772
35116,1615,1230777796
22459,50057,1230777869
3458,20730,1230777880
50558,50558,1230778717
35116,1615,1230778746
14749,1615,1230779104
14065,20730,1230779329
21755,29291,1230779646
18505,32892,1230780580
1228,48973,1230780771
48973,48973,1230780842
43089,32892,1230780867
48973,48973,1230780892
50069,50069,1230780994
33708,32771,1230781017
22459,32892,1230781143
43089,50577,1230781591
956,50394,1230782058
19403,40284,1230782256
1228,48973,1230782360
42439,1384652,1230782850
1384652,1384652,1230782992
8123,3153,1230783255
33213,3153,1230783413
35378,1615,1230783487
1337,28586,1230783788
33612,47204,1230783959
5445,1615,1230784451
9209,6939,1230784578
8123,42974,1230785815
3594,15992,1230786181
36590,36590,1230786844
1786,37494,1230786891
2424,37494,1230787474
2424,1615,1230787746
396,2386,1230787798
20065,20065,1230788189
18149,18149,1230788334
26658,18149,1230788432
10661,47204,1230788748
3594,46646,1230790013
2635,13954,1230791035
8047,18149,1230791052
2197,50577,1230791743
20860,18149,1230792330
20301,2386,1230792436
3850,47204,1230793147
3850,47204,1230793272
13969,14744,1230793506
419,16964,1230794359
50506,50506,1230797778
21433,38249,1230797858
50356,22437,1230798940
10661,37494,1230799332
38426,22437,1230799382
26671,22437,1230799845
37509,23249,1230801149
23249,23249,1230801370
3850,47204,1230801581
13433,14101,1230802572
7565,22437,1230802715
22437,22437,1230802989
9536,50622,1230803030
23249,23249,1230805234
18393,49611,1230805386
3333,23571,1230806712
1288,23571,1230806838
12950,23571,1230806920
419,23571,1230807015
23571,23571,1230807186
31624,14101,1230808802
13954,13954,1230809519
28974,44984,1230816479
5302,5302,1230817257
13103,5302,1230817654
13103,1360,1230817725
1491,27424,1230821271
31624,17205,1230822251
16076,813,1230824716
38426,2536,1230827763
51,24302,1230828680
3834,4591,1230832869
49464,426996,1230833768
46100,426996,1230834120
27907,46646,1230834590
6939,6939,1230835592
22564,27424,1230837478
42404,426996,1230838372
25093,25093,1230842507
6461,6910,1230842665
16076,20730,1230843235
28380,42974,1230844757
28380,42974,1230844799
12950,33287,1230845145
14444,32688,1230846202
2663,1615,1230846431
10661,46646,1230847293
22704,20730,1230848028
27011,32688,1230849421
6144,2763,1230851963
13744,23903,1230852754
49544,13463,1230855725
10661,1384652,1230856752
1384652,1384652,1230856912
50706,50706,1230857266
35935,1221378,1230858963
2386,50216,1230859596
17398,17398,1230860975
1902010,23903,1230861326
3850,47937,1230862704
3474,24545,1230865087
42223,47937,1230865710
24181,1615,1230866042
10661,47937,1230866061
41661,22676,1230866298
17846,46022,1230867377
10585,42523,1230867421
6444,49217,1230868797
6444,49217,1230868948
3474,22676,1230869529
40650,8701,1230870173
23283,8701,1230870218
22656,8701,1230870269
41613,41613,1230871364
48048,48048,1230871968
13744,47537,1230872031
15625,21011,1230874582
49032,14540,1230875098
35364,14540,1230875828
17516,50623,1230876035
3850,14540,1230876199
14732,47937,1230876999
17516,41021,1230877485
49572,41021,1230878232
28343,28343,1230878355
10661,32558,1230879389
28380,14540,1230880777
5190,47204,1230880800
14065,50767,1230880881
14101,32173,1230881096
10661,47204,1230881164
3594,32558,1230881674
10661,32558,1230881922
10585,50770,1230882164
43980,43980,1230882216
14971,47937,1230882459
48181,18511,1230882514
29,41021,1230882549
44133,44563,1230882933
3594,32558,1230883099
10661,43980,1230883324
50770,50770,1230884037
49572,41021,1230884897
29,41021,1230885837
16076,36902,1230888143
36902,36902,1230888342
16076,36902,1230888382
36902,36902,1230888515
3850,50780,1230888947
16076,36902,1230889150
1274957,27580,1230890760
2663,41021,1230890797
4958,48181,1230892803
29,23249,1230895219
23249,23249,1230895490
49737,49737,1230895626
29,23249,1230895687
31641,36902,1230896224
29157,708,1230900912
31945,19234,1230901147
36902,36902,1230904349
2663,40498,1230909448
30568,50820,1230911570
3268,45284,1230912450
341,5004,1230913378
17516,40714,1230914887
23368,45603,1230915161
784,4668,1230915284
44523,48181,1230915493
16076,46646,1230917148
714,50335,1230917253
45603,45603,1230917418
17335,39893,1230917475
4918,46646,1230918207
50819,50819,1230918465
33402,2535,1230919440
9611,47738,1230920105
15609,45909,1230920290
45909,45909,1230921079
615,9476,1230922843
10661,46646,1230923987
2763,2763,1230924093
33,50859,1230924288
18615,708,1230924369
13018,40933,1230924485
50859,50859,1230924775
7512,40872,1230925368
19635,36131,1230927267
30333,42387,1230927366
18275,46971,1230928441
48684,26081,1230930805
1199,26081,1230931320
15416,17493,1230934538
3043,47738,1230936411
10755,48705,1230936708
16883,44330,1230938267
40536,40536,1230939256
22459,48557,1230939262
19594,39677,1230939438
22656,39677,1230939503
39677,39677,1230939527
36565,28954,1230939592
267,39677,1230939599
36305,11236,1230940475
25222,17860,1230940775
16260,16260,1230940908
17860,17860,1230940993
2947,48557,1230941302
42439,4376,1230941495
35378,42223,1230941529
35378,42223,1230941594
4376,4376,1230941607
50899,50899,1230943652
2766176,50851,1230943832
2766176,45284,1230944165
34509,47537,1230944195
37213,19307,1230945575
46731,46731,1230946323
19307,19307,1230946467
19635,46731,1230946551
3333,6236,1230947583
42223,42223,1230947670
6236,6236,1230947783
13502,13502,1230948606
13502,13502,1230949020
7565,21380,1230949486
23597,23869,1230949794
36365,17860,1230949852
12274,13552,1230949957
18167,13552,1230950121
26787,36131,1230950282
21380,21380,1230950501
49197,2683,1230950572
50770,47681,1230950737
46914,6561,1230951720
29,23632,1230951904
6561,6561,1230952067
10861,1343,1230952067
3594,27462,1230952456
22656,49372,1230952787
49372,49372,1230953023
22844,74552,1230953422
44743,27462,1230953633
9345,1343,1230955044
1343,1343,1230955320
44330,1343,1230955544
9345,1343,1230955588
9345,1343,1230955636
44330,1343,1230955667
1343,1343,1230955924
24958,24958,1230956074
44330,1343,1230956087
44330,1343,1230956176
255,50820,1230958113
3594,27462,1230958614
9345,1343,1230958845
29,51011,1230959035
50447,20408,1230959286
44330,51011,1230959764
44330,51011,1230959798
19746,14197,1230959915
1343,1343,1230959922
18061,51011,1230960815
18061,51011,1230960928
31945,51029,1230961138
51029,51029,1230961373
4958,49153,1230961383
14089,16177,1230961857
44084,14299,1230962201
3566,2443,1230962422
1666,47738,1230964236
45978,45284,1230964321
14065,1737,1230964556
1737,1737,1230965071
48705,48705,1230965502
1575281,51011,1230966605
10861,49881,1230966801
48684,49881,1230966940
27462,27462,1230967749
49881,49881,1230968708
49881,49881,1230968739
3819,2598,1230969123
1228,4749,1230969400
27580,27580,1230969619
31945,914,1230971252
21632,49153,1230971711
39430,1343,1230972093
1343,1343,1230972192
12570,914,1230973820
1199,43756,1230974042
15614,43756,1230974069
39992,43756,1230974108
914,914,1230974118
4234,13552,1230975573
16076,13552,1230976610
38426,66475,1230977164
9209,1343,1230977185
4234,13552,1230977215
66475,66475,1230977286
14105,2683,1230977323
20860,66475,1230977403
20842,10585,1230978218
1343,1343,1230978311
42926,27805,1230979231
10585,10585,1230979836
729,28543,1230981163
20045,6559,1230982465
20842,10585,1230982499
45914,37196,1230983369
39992,392,1230983784
392,392,1230984405
19839,422,1230985294
41661,46571,1230986693
1337,45284,1230986772
8701,46571,1230988570
15168,22595,1230990509
46571,46571,1230990529
21406,49881,1230990812
1337,48181,1230991116
1337,48181,1230991544
50623,50623,1230992208
50360,50430,1230993053
9021,47738,1230994449
49881,49881,1230995796
49464,42782,1230997841
3850,68788,1231000440
267,29053,1231004222
9786,2098,1231004528
15534,49786,1231005612
23354,28278,1231007946
44639,49786,1231008882
15609,51127,1231009992
33052,51127,1231010459
44639,21152,1231010671
40347,6210,1231010766
23354,9204,1231010960
1,34537,1231013047
1,43058,1231015520
10661,21152,1231016956
46616,46616,1231017264
24950,51142,1231017691
3897,51138,1231019040
25320,25320,1231019846
11908,36465,1231020087
34088,51078,1231020511
1969,11609,1231020786
5190,51078,1231021323
5190,51078,1231021523
51078,51078,1231021988
19635,40872,1231023854
3897,3897,1231024173
44639,41283,1231024373
23283,41283,1231024956
11609,11609,1231025401
23354,41283,1231026351
23354,41283,1231026407
4893,11609,1231027297
40516,9476,1231027441
44639,50090,1231027479
4893,11609,1231027492
50090,50090,1231027712
3043,44004,1231028100
7565,18167,1231028115
44639,50090,1231028285
14444,10578,1231028762
18167,18167,1231028964
33612,33213,1231029970
31486,44996,1231030526
23691,11609,1231030643
18770,33213,1231030878
13154,42782,1231031195
26,44973,1231031905
35092,19635,1231032015
19635,19635,1231032660
18484,48705,1231032754
38332,8741,1231032873
5190,6126,1231033608
33213,33213,1231034592
14069,43496,1231034895
4916,38332,1231035547
38426,44996,1231035888
15061,42974,1231035917
15487,11795,1231036038
42974,42974,1231036218
34820,47135,1231036292
38332,38332,1231036962
42223,14395,1231038886
33612,33213,1231040344
30946,13552,1231040664
86,28817,1231040954
34509,43496,1231042528
5314,18631,1231042724
10661,22897,1231042953
22656,12149,1231044089
14660,41153,1231044107
12149,12149,1231044165
22897,22897,1231044710
33708,40667,1231045356
41283,41283,1231045531
28896,43838,1231045660
19635,50985,1231047394
50985,50985,1231048038
47612,13552,1231048353
23691,49153,1231048439
26160,50985,1231048480
49153,49153,1231048525
27907,50985,1231048561
115,50985,1231048563
2598,49153,1231048902
26160,50985,1231048988
50985,50985,1231049739
372,3892,1231050052
36131,36131,1231050375
3892,3892,1231051361
15625,49985,1231052279
48705,48705,1231053986
4662,1737,1231054296
32187,18393,1231054944
15955,50985,1231056813
3850,51181,1231057590
49985,49985,1231057729
22459,51281,1231059434
40667,40667,1231063530
10661,32484,1231067136
10661,32484,1231067183
16076,51311,1231070749
2635,51281,1231070819
1358,51311,1231071116
29454,29454,1231072762
23667,94958,1231072972
3146,42050,1231073545
11125,48557,1231076647
571,18631,1231078254
3566,51281,1231078662
15000,31671,1231082097
5387,36064,1231082168
29505,36064,1231082314
13724,19839,1231083521
31671,31671,1231083651
18951,19839,1231083700
8946,2398110,1231084694
4646,50147,1231086473
4646,50147,1231086533
3161,42782,1231086771
50003,41582,1231086839
8446,42782,1231086877
8446,42782,1231086926
15000,31671,1231087333
3713,1965,1231087877
50003,47880,1231088571
7512,2398110,1231089191
50453,23339,1231091156
23354,41283,1231091436
47190,36131,1231092304
21152,21152,1231092533
27067,14651,1231093654
2398110,2398110,1231093779
18631,18631,1231093987
2398110,2398110,1231093997
